/*
Navicat MySQL Data Transfer

Source Server         : localhost
Source Server Version : 50538
Source Host           : localhost:3306
Source Database       : small_cms

Target Server Type    : MYSQL
Target Server Version : 50538
File Encoding         : 65001

Date: 2017-11-17 18:52:24
*/

SET FOREIGN_KEY_CHECKS=0;

-- ----------------------------
-- Table structure for `aud_audit_log`
-- ----------------------------
DROP TABLE IF EXISTS `aud_audit_log`;
CREATE TABLE `aud_audit_log` (
  `id` int(11) NOT NULL AUTO_INCREMENT,
  `timestamp` datetime DEFAULT NULL,
  `username` varchar(255) DEFAULT NULL,
  PRIMARY KEY (`id`)
) ENGINE=InnoDB DEFAULT CHARSET=utf8;

-- ----------------------------
-- Records of aud_audit_log
-- ----------------------------

-- ----------------------------
-- Table structure for `cms_ad`
-- ----------------------------
DROP TABLE IF EXISTS `cms_ad`;
CREATE TABLE `cms_ad` (
  `id` int(11) NOT NULL AUTO_INCREMENT,
  `manageKey` varchar(255) DEFAULT NULL,
  `order_num` int(11) DEFAULT NULL,
  `status` enum('InUse','UnUse') DEFAULT NULL,
  `title` varchar(255) DEFAULT NULL,
  `url` varchar(255) DEFAULT NULL,
  `picture_file_id` int(11) DEFAULT NULL,
  PRIMARY KEY (`id`),
  KEY `FKAF257ED979E7913` (`picture_file_id`),
  CONSTRAINT `FKAF257ED979E7913` FOREIGN KEY (`picture_file_id`) REFERENCES `sys_file` (`id`)
) ENGINE=InnoDB AUTO_INCREMENT=3 DEFAULT CHARSET=utf8;

-- ----------------------------
-- Records of cms_ad
-- ----------------------------
INSERT INTO `cms_ad` VALUES ('1', 'e6efb17e5a7ea77ac4ac1ccce3343497', '1', 'InUse', '2017世界看两会', 'http://www.cankaoxiaoxi.com/s/2017lh/', '82');
INSERT INTO `cms_ad` VALUES ('2', '32f503963c2c8b2985ce3823795de3a3', '2', 'InUse', '中国“外交怒怼天团”爆红网络', 'http://ihl.cankaoxiaoxi.com/2017/0306/1742233.shtml', '83');

-- ----------------------------
-- Table structure for `cms_carousel`
-- ----------------------------
DROP TABLE IF EXISTS `cms_carousel`;
CREATE TABLE `cms_carousel` (
  `id` int(11) NOT NULL AUTO_INCREMENT,
  `manageKey` varchar(255) DEFAULT NULL,
  `order_num` int(11) DEFAULT NULL,
  `status` enum('InUse','UnUse') DEFAULT NULL,
  `url` varchar(255) DEFAULT NULL,
  `picture` int(11) DEFAULT NULL,
  `title` varchar(255) DEFAULT NULL,
  PRIMARY KEY (`id`),
  KEY `FK21A273968A3AF594` (`picture`),
  CONSTRAINT `FK21A273968A3AF594` FOREIGN KEY (`picture`) REFERENCES `sys_file` (`id`)
) ENGINE=InnoDB AUTO_INCREMENT=4 DEFAULT CHARSET=utf8;

-- ----------------------------
-- Records of cms_carousel
-- ----------------------------
INSERT INTO `cms_carousel` VALUES ('1', '88a5c47a6724a708d90b52122fab92d9', '2', 'InUse', 'http://zlwhgc.com/chapterDetail.do?k=e27de741e5b518ce40899a731f0ad703', '644', '国务院总理李克强回答中外记者提问');
INSERT INTO `cms_carousel` VALUES ('2', 'b59633a1b5cd1abdbfd8962a508791ce', '3', 'InUse', 'http://zlwhgc.com/chapterDetail.do?k=c9ccc617244794f4e83e4619520540dc', '645', '李克强：要用先进标准倒逼“中国制造”升级');
INSERT INTO `cms_carousel` VALUES ('3', 'e54cb1c9456bfdff0b4edffae2f4c2da', '4', 'InUse', 'http://zlwhgc.com/chapterDetail.do?k=24d29b41e86100d8f7a813b743fecdc3', '646', '2017年3·15第三届中国质量诚信品牌论坛在北京成功举办');

-- ----------------------------
-- Table structure for `cms_chapter`
-- ----------------------------
DROP TABLE IF EXISTS `cms_chapter`;
CREATE TABLE `cms_chapter` (
  `id` int(11) NOT NULL AUTO_INCREMENT,
  `content` text,
  `create_time` datetime DEFAULT NULL,
  `manageKey` varchar(255) DEFAULT NULL,
  `order_num` int(11) DEFAULT NULL,
  `read_count` int(11) DEFAULT NULL,
  `status` enum('InUse','UnUse') DEFAULT NULL,
  `title` varchar(255) DEFAULT NULL,
  `cover_id` int(11) DEFAULT NULL,
  `creator_id` varchar(20) DEFAULT NULL,
  `page_id` int(11) DEFAULT NULL,
  `update_time` datetime DEFAULT NULL,
  PRIMARY KEY (`id`),
  KEY `FKEB104B5797B30739` (`cover_id`),
  KEY `FKEB104B5749442ADC` (`creator_id`),
  KEY `FKEB104B57BC5C0EEF` (`page_id`),
  CONSTRAINT `FKEB104B5749442ADC` FOREIGN KEY (`creator_id`) REFERENCES `sys_user` (`username`),
  CONSTRAINT `FKEB104B5797B30739` FOREIGN KEY (`cover_id`) REFERENCES `sys_file` (`id`),
  CONSTRAINT `FKEB104B57BC5C0EEF` FOREIGN KEY (`page_id`) REFERENCES `cms_web_page` (`id`)
) ENGINE=InnoDB AUTO_INCREMENT=989 DEFAULT CHARSET=utf8;

-- ----------------------------
-- Records of cms_chapter
-- ----------------------------
INSERT INTO `cms_chapter` VALUES ('1', '测试', null, 'c4ca4238a0b923820dcc509a6f75849b', '1', '1', 'InUse', '测试录音 ', null, null, null, null);
INSERT INTO `cms_chapter` VALUES ('54', '测试', null, 'a684eceee76fc522773286a895bc8436', '1', null, 'InUse', '测试录音 ', null, null, null, null);
INSERT INTO `cms_chapter` VALUES ('71', '测试', null, 'e2c420d928d4bf8ce0ff2ec19b371514', '2', null, 'InUse', '测试录音 ', null, null, null, null);
INSERT INTO `cms_chapter` VALUES ('79', '测试', null, 'd1fe173d08e959397adf34b1d77e88d7', '2', null, 'InUse', '测试录音 ', null, null, null, null);
INSERT INTO `cms_chapter` VALUES ('710', '测试', null, 'e70611883d2760c8bbafb4acb29e3446', '3', null, 'InUse', '测试录音 ', null, null, null, null);
INSERT INTO `cms_chapter` VALUES ('711', '测试', null, '6081594975a764c8e3a691fa2b3a321d', '4', null, 'InUse', '测试录音 ', null, null, null, null);
INSERT INTO `cms_chapter` VALUES ('790', '测试', null, '2dace78f80bc92e6d7493423d729448e', '3', null, 'InUse', '测试录音 ', null, null, null, null);
INSERT INTO `cms_chapter` VALUES ('791', '测试', null, 'df7f28ac89ca37bf1abd2f6c184fe1cf', '4', null, 'InUse', '测试录音 ', null, null, null, null);
INSERT INTO `cms_chapter` VALUES ('866', '<html>\r\n<head>\r\n	<title></title>\r\n</head>\r\n<body>\r\n<p><span style=\"font-family:courier new,courier,monospace\"><span style=\"font-size:18px\"><img alt=\"\" src=\"http://47.93.46.185:80/filee/viewPic.do?manageKey=87e36c89f0387ac76612fb83f23f6cb0\" style=\"height:439px; width:690px\" /></span></span></p>\r\n\r\n<p><span style=\"font-family:courier new,courier,monospace\"><span style=\"font-size:18px\">18世纪60年代人类开始了工业革命，并创造了巨大的生产力，人类进入&ldquo;蒸汽时代&rdquo;。100多年后人类社会生产力发展又有一次重大飞跃。人们把这次变革叫做&ldquo;第二次工业革命&rdquo;，今天所使用的电灯、电话都是在这次变革中被发明出来的，人类由此进入&ldquo;电气时代&rdquo;。随着电气的越来越发达，也随之而来一些弊端，经常会有电气事故发生。</span></span></p>\r\n\r\n<p><span style=\"font-family:courier new,courier,monospace\"><span style=\"font-size:18px\">电气事故发生的一般原因是：</span></span></p>\r\n\r\n<p><span style=\"font-family:courier new,courier,monospace\"><span style=\"font-size:18px\">1.电气设备设计不合理，制造质量不合格，运输、安装过程中受损坏，安装、调试质量差，从而不能保证电气设备应有的机械性能和电气性能。</span></span></p>\r\n\r\n<p><span style=\"font-family:courier new,courier,monospace\"><span style=\"font-size:18px\">2.违反操作规程。这是大量事故发生的主要原因。</span></span></p>\r\n\r\n<p><span style=\"font-family:courier new,courier,monospace\"><span style=\"font-size:18px\">3.误操作。</span></span></p>\r\n\r\n<p><span style=\"font-family:courier new,courier,monospace\"><span style=\"font-size:18px\">4.检修不及时，未能保证设备的完好性。</span></span></p>\r\n\r\n<p><span style=\"font-family:courier new,courier,monospace\"><span style=\"font-size:18px\">5.偶尔因素。</span></span></p>\r\n\r\n<p><span style=\"font-family:courier new,courier,monospace\"><span style=\"font-size:18px\"><img alt=\"\" src=\"http://47.93.46.185:80/filee/viewPic.do?manageKey=fed0e1cfdd111f227f77e83d399417f2\" style=\"height:386px; width:690px\" /></span></span></p>\r\n\r\n<p><span style=\"font-family:courier new,courier,monospace\"><span style=\"font-size:18px\"><strong>安全永远是第一位</strong></span></span></p>\r\n\r\n<p><span style=\"font-family:courier new,courier,monospace\"><span style=\"font-size:18px\">保定市伊诺尔电气设备有限公司是以电力系统自动化以及高低压设备及软件的研发、生产、销售的高新技术企业。公司设有研发部、销售部、生产部、供应部等8个部门，2个生产车间，并严格按照ISO-9001质量体系认证标准进行生产，主要产品均通过了ISO9001质量体系认证。并且也得到了中国质量万里行促进会的认证，为其颁发了会员证书。</span></span></p>\r\n\r\n<p><span style=\"font-family:courier new,courier,monospace\"><span style=\"font-size:18px\">公司依托华北电力大学以及电子部第五十四研究专业技术支持和国内企业先进管理经验使公司不断地发展创新，从而使产品质量、生产工艺得到了提高，技术指标优于国标，设备常年用于电力、煤炭、石油、化工、建筑、冶金等行业，为用户提供技术先进、功能全面、性能可靠、使用方便的电气产品。近年来，保定伊诺尔电气立足根本，敢于创新，在新能源领域，通信数据中心、铁路轨道交通等现代化建设方面的发展有了长足的进步。</span></span></p>\r\n\r\n<p><span style=\"font-family:courier new,courier,monospace\"><span style=\"font-size:18px\"><img alt=\"\" src=\"http://47.93.46.185:80/filee/viewPic.do?manageKey=f9ad22aeb58c06ac0a306ad37211061d\" style=\"height:420px; width:690px\" /></span></span></p>\r\n\r\n<p><span style=\"font-family:courier new,courier,monospace\"><span style=\"font-size:18px\"><strong>品质是不懈的追求</strong></span></span></p>\r\n\r\n<p><span style=\"font-family:courier new,courier,monospace\"><span style=\"font-size:18px\">一直以来，保定伊诺尔电气都很重视生产的工艺流程和技术创新，保证生产出来的设备性能稳定质量优异。伊诺尔深信产品质量才是企业发展最根本的因素。在未来，保定伊诺尔电气依然会坚持以提供优质产品和完善技术服务，全面提升企业价值为使命，以电力系统设计与成套电气解决方案为龙头，以相关优质产品研发和制造为支撑，用一流的管理、服务、品牌和信誉服务于社会。</span></span></p>\r\n\r\n<p><span style=\"font-family:courier new,courier,monospace\"><span style=\"font-size:18px\">保定伊诺尔电气以&ldquo;以人为本，勇于创新，自强不息，厚德载物&rdquo;为企业理念，时刻秉承：以市场为向导，以技术为核心，视服务为生命的态度来铸造信誉，保障安全。为达到&ldquo;高效创新，和谐共赢&rdquo;一直在努力。</span></span></p>\r\n\r\n<p><span style=\"font-family:courier new,courier,monospace\"><span style=\"font-size:18px\">质量是企业的生命线，不容一失。</span></span></p>\r\n</body>\r\n</html>\r\n', '2017-03-17 16:27:12', '77673c742bdedb3bc958864026b57eca', '26', '98', 'InUse', '伊诺尔，给您最安全的电气产品', '647', 'admin', '3', '2017-10-24 10:22:22');
INSERT INTO `cms_chapter` VALUES ('868', '<html>\r\n<head>\r\n	<title></title>\r\n</head>\r\n<body>\r\n<p style=\"text-align:justify\"><span style=\"font-size:18px\"><span style=\"font-family:courier new,courier,monospace\">如今的购物方式多种多样，如实体商店购买、某宝等大的购物平台代购、私人代购等等。但如今广大网购的朋友们注重的除了商品质量之外，还有购物体验。</span></span></p>\r\n\r\n<p style=\"text-align:justify\"><img alt=\"\" src=\"http://47.93.46.185:80/filee/viewPic.do?manageKey=ee273b61f5368af4f5e3c89e3442ce95\" style=\"height:459px; width:690px\" /></p>\r\n\r\n<p style=\"text-align:justify\"><span style=\"font-family:courier new,courier,monospace\"><span style=\"font-size:20px\"><strong>独特的购物体验</strong></span></span></p>\r\n\r\n<p style=\"text-align:justify\"><span style=\"font-size:18px\"><span style=\"font-family:courier new,courier,monospace\">山东优比客国际贸易有限公司是一家旨在为投资者和消费者提供更深层次、更具保障的服务体验及进出口于一体的多元化企业。在稳固发展实体专营店的基础上，增加体验式购物消费元素及倡导生活概念的改变。以&ldquo;互联网+&rdquo;的新思维，打造O2O新型商业营销模式。</span></span></p>\r\n\r\n<p style=\"text-align:justify\"><span style=\"font-size:18px\"><span style=\"font-family:courier new,courier,monospace\">目前，优比客已成为业内大型的跨境购物体验店、进口商品&ldquo;互联网+&rdquo;实体店样板店和进口商品&ldquo;国际安全标准&rdquo;保障实施典范品牌企业。</span></span></p>\r\n\r\n<p style=\"text-align:justify\"><span style=\"font-size:18px\"><span style=\"font-family:courier new,courier,monospace\">自2015年12月正式上线以来，始终秉持着&quot;心系健康、关爱生命&quot;的宗旨，专注健康安全信息互动，促进全民健康安全意识提升，共创健康、安全、购物、消费、创业环境，为投资者、消费者、创业者搭建起方便快捷的信息交流平台，力求灵活、方便、快捷地服务于百姓的现实生活，获得了&ldquo;中国3.15诚信合作企业（重点推广单位）&rdquo;&ldquo;中国诚信认证企业&rdquo;等荣誉称号。公司致力于为优比客旗下的上千家专营店提供市场拓展、店面设计、技术培训、运营指导、营销策划、物流配送、售后支持等&ldquo;一站式&rdquo;贴心服务。</span></span></p>\r\n\r\n<p style=\"text-align:justify\"><img alt=\"\" src=\"http://47.93.46.185:80/filee/viewPic.do?manageKey=4089753cc96b8fe6508ea05688a0e6cb\" style=\"height:414px; width:690px\" /></p>\r\n\r\n<p style=\"text-align:justify\"><span style=\"font-family:courier new,courier,monospace\"><span style=\"font-size:20px\"><strong>追求卓越，成为冠军品牌</strong></span></span></p>\r\n\r\n<p style=\"text-align:justify\"><span style=\"font-size:18px\"><span style=\"font-family:courier new,courier,monospace\">一流商业运作模式，高效精英管理团队，国际国内市场沉淀，万千客户拥簇，优比客始终在健康、绿色、养生、品质等方面专注服务。用心打造&ldquo;良心品牌、诚信企业&rdquo;。&ldquo;汇集全球上品，健康你我家庭&rdquo;是优比客的最高理念。怀揣着让每个高端家庭都有更加健康生活方式和质量的美好愿望，他们始终对每一个产品进行严格的质量把控。</span></span></p>\r\n\r\n<p style=\"text-align:justify\"><span style=\"font-size:18px\"><span style=\"font-family:courier new,courier,monospace\">公司秉承着&ldquo;健康绿色、让客户满意，为客户赢利&rdquo;的宗旨坚持采用先进的网络销售与实体销售严谨的管理制度。为加速优比客全面覆盖到每个家庭做着不懈的努力。凭借自身优势以及完善的销售解决方案优比客受到了每一位消费者的赞许与信赖。让消费者如愿以偿永远是优比客经营的唯一准则!</span></span></p>\r\n\r\n<p style=\"text-align:justify\"><img alt=\"\" src=\"http://47.93.46.185:80/filee/viewPic.do?manageKey=458e612b3295291812578d42dbcee6af\" style=\"height:518px; width:690px\" /></p>\r\n</body>\r\n</html>\r\n', '2017-03-17 16:40:07', 'd4f7ada039f810c4f6d174cd5a26b5ed', '25', '120', 'InUse', '优比客，给您不一样的购物体验', '142', 'admin', '3', '2017-05-25 11:37:55');
INSERT INTO `cms_chapter` VALUES ('869', '<html>\r\n<head>\r\n	<title></title>\r\n</head>\r\n<body>\r\n<p style=\"text-align:justify\"><span style=\"font-family:courier new,courier,monospace\"><span style=\"font-size:18px\"><img alt=\"\" src=\"http://47.93.46.185:80/filee/viewPic.do?manageKey=eecf2efd069996664cdb00f3d76545de\" style=\"height:339px; width:690px\" /></span></span></p>\r\n\r\n<p style=\"text-align:justify\"><span style=\"font-family:courier new,courier,monospace\"><span style=\"font-size:18px\">&ldquo;豆腐渣工程&rdquo;，是指那些由于偷工减料等原因造成不坚固的危险容易毁坏的工程。狭义的&ldquo;豆腐渣工程&rdquo;是专指质量不达标的工程，而广义的&ldquo;豆腐渣工程&rdquo;应是指生产、经营过程中的一切不合格项。到目前为止，全国由于豆腐渣工程造成的事故已经不计其数，质量安全已经是国人最在意的问题。</span></span></p>\r\n\r\n<p style=\"text-align:justify\"><span style=\"font-family:courier new,courier,monospace\"><span style=\"font-size:18px\"><img alt=\"\" src=\"http://47.93.46.185:80/filee/viewPic.do?manageKey=90a360483103378600c2c02892bddfc8\" style=\"height:299px; width:690px\" /></span></span></p>\r\n\r\n<p style=\"text-align:justify\"><span style=\"font-family:courier new,courier,monospace\"><span style=\"font-size:18px\"><strong>态度决定一切</strong></span></span></p>\r\n\r\n<p style=\"text-align:justify\"><span style=\"font-family:courier new,courier,monospace\"><span style=\"font-size:18px\">工程建设，永盛不衰的行业。中江县鸿兴土木工程技术咨询有限责任公司，成立于2010年1月29日成立，同时完成了中江县工商和税务登记。公司以守信、诚实、科学、公正为口号，以追求卓越，创造未来为理念打造求真、务实、开拓、创新的形象。公司有着明确的分工，合理安排员工在相应岗位尽职尽责，发挥最大的价值。秉承着服务社会，服务人民，以五字&ldquo;诚信亲和力&rdquo;为指南，即诚实、信誉、亲切、和谐、凝聚力的服务宗旨，以及海纳百川，以容为大；守法、诚信、科学、公正，为顾客提供优质监理服务，达到社会满意、企业满意的服务理念全心全意建设祖国，以保证老百姓安全为己任。</span></span></p>\r\n\r\n<p style=\"text-align:justify\"><span style=\"font-family:courier new,courier,monospace\"><span style=\"font-size:18px\"><strong>安全是我们的第一宗旨</strong></span></span></p>\r\n\r\n<p style=\"text-align:justify\"><span style=\"font-family:courier new,courier,monospace\"><span style=\"font-size:18px\">目前公司以工程技术咨询、公路监理为主，项目为环保工程、一级公路路基工程、隧道工程、桥梁工程、公路工程并且也取得了相应的成就。</span></span></p>\r\n\r\n<p style=\"text-align:justify\"><span style=\"font-family:courier new,courier,monospace\"><span style=\"font-size:18px\">同时下步发展以开发市政监理、水利水电监理为主。公司一直秉承着以信誉谋发展、以创新为使命的核心理念，按照全覆盖、零容忍、严执法、重实效的总体要求，全面深入排查治理建设施工安全隐患和薄弱环节，堵塞漏洞，增强意识，进一步提高安全生产保障水平，有效防范生产安全事故的发生。</span></span></p>\r\n\r\n<p style=\"text-align:justify\"><span style=\"font-family:courier new,courier,monospace\"><span style=\"font-size:18px\"><img alt=\"\" src=\"http://47.93.46.185:80/filee/viewPic.do?manageKey=2ec2437d704f9a419f0f8003d80e10ce\" style=\"height:475px; width:690px\" /></span></span></p>\r\n\r\n<p style=\"text-align:justify\"><span style=\"font-family:courier new,courier,monospace\"><span style=\"font-size:18px\">不忘初心，方得始终。良心企业才会走向成功。</span></span></p>\r\n</body>\r\n</html>\r\n', '2017-03-17 16:48:39', 'efed9510e8d0ca894a75a998b509c108', '24', '66', 'InUse', '鸿兴，铺就你安全的每一步', '150', 'admin', '3', '2017-05-25 11:37:48');
INSERT INTO `cms_chapter` VALUES ('870', '<html>\r\n<head>\r\n	<title></title>\r\n</head>\r\n<body>\r\n<p style=\"text-align:justify\"><img alt=\"\" src=\"http://47.93.46.185:80/filee/viewPic.do?manageKey=95c69c4fcee2ce283d95f5994e9e43bc\" style=\"height:534px; width:690px\" /></p>\r\n\r\n<p style=\"text-align:justify\"><span style=\"font-family:courier new,courier,monospace\"><span style=\"font-size:18px\">当问起你对小时候有什么印象的时候，我想《西游记》一定会是你头脑深处不可磨灭的记忆吧，它根深蒂固在我们的童年记忆中，但是除了《西游记》你还有什么是值得回味的呢？小编认为肯定有人和我一样，都会感叹现在的好多东西都不如小时候味道好，虽然这个时代新生事物层出不穷，众多口味让味蕾与舌尖迸发出更多惊喜，但始终不如小时候的食物吃的味道好，吃的更健康。</span></span></p>\r\n\r\n<p style=\"text-align:justify\"><span style=\"font-family:courier new,courier,monospace\"><span style=\"font-size:18px\">这个问题同样困扰着王昌洪，为了让大家吃到绿色无污染的食物，重拾起小时候的回忆，毅然辞去了自己奋斗了16年的警察工作，重新走上创业之路，并创立了农产品、食品品牌&ldquo;小时候的爱&rdquo;。</span></span></p>\r\n\r\n<p style=\"text-align:justify\"><img alt=\"\" src=\"http://47.93.46.185:80/filee/viewPic.do?manageKey=7de74a1e3c93b5c8b7a0fd3d084fb197\" style=\"height:353px; width:690px\" /></p>\r\n\r\n<p style=\"text-align:justify\"><span style=\"font-family:courier new,courier,monospace\"><span style=\"font-size:18px\">重庆小时候农业（集团）有限公司主要采取在各个城市投资建设现代化的中央厨房和外卖餐厅，将才出田间地头的农产品冷链运输到中央厨房初加工或深加工，再将半成品或成品运送到餐饮店或者大型超市，同时整合社区街区的服务业门店加盟成为平台的事业合伙人作为提货点，解决最后一公里和一百米的物流配送成本高、保险要求高、损耗高的痛点。采用气调锁鲜包装，锁住食品的颜色和味道，通过冷链物流，让全国各地的市民朋友都能吃到像刚出锅一样鲜美的食品。</span></span></p>\r\n\r\n<p style=\"text-align:justify\"><span style=\"font-family:courier new,courier,monospace\"><span style=\"font-size:18px\">&ldquo;小时候&rdquo;期望成为订单农业的践行者、农民增收致富的引领者、消费升级的尝试者、餐桌安全的守护者。为保证食品的健康、卫生，坚决不使用任何添加剂，保证食材的原汁原味。产品所有的调料除了盐和糖需要购买以外，其他的调味品均来自农户自己种植的田地。包括所有的原材料和食材都要保证自然、应季、足月生长。</span></span></p>\r\n\r\n<p style=\"text-align:justify\"><img alt=\"\" src=\"http://47.93.46.185:80/filee/viewPic.do?manageKey=7aa39c1a02cd80388287005e59e06a34\" style=\"height:337px; width:690px\" /></p>\r\n\r\n<p style=\"text-align:justify\"><span style=\"font-family:courier new,courier,monospace\"><span style=\"font-size:18px\">&ldquo;小时候&rdquo;有着十分明确的价值观念：</span></span></p>\r\n\r\n<p style=\"text-align:justify\"><span style=\"font-family:courier new,courier,monospace\"><span style=\"font-size:18px\">1.安全、健康、美味、平价，花最少的钱吃最好的农产品和食品。</span></span></p>\r\n\r\n<p style=\"text-align:justify\"><span style=\"font-family:courier new,courier,monospace\"><span style=\"font-size:18px\">2.整合族群资源赚钱，谋取其它商品话语权和定价权实现日常家族消费省钱。</span></span></p>\r\n\r\n<p style=\"text-align:justify\"><span style=\"font-family:courier new,courier,monospace\"><span style=\"font-size:18px\">3.吃出健康&nbsp;、吃出幸福&nbsp;、吃出财富&nbsp;、吃出梦想。</span></span></p>\r\n\r\n<p style=\"text-align:justify\"><span style=\"font-family:courier new,courier,monospace\"><span style=\"font-size:18px\">&ldquo;小时候&rdquo;给你最好的宠爱。</span></span></p>\r\n</body>\r\n</html>\r\n', '2017-03-17 16:55:20', '2e4291b78e4dce65bfad3ebcad323c09', '23', '119', 'InUse', '“小时候”最淳朴的味道', '154', 'admin', '3', '2017-05-25 11:37:41');
INSERT INTO `cms_chapter` VALUES ('871', '<html>\r\n<head>\r\n	<title></title>\r\n</head>\r\n<body>\r\n<p style=\"text-align:justify\"><img alt=\"\" src=\"http://47.93.46.185:80/filee/viewPic.do?manageKey=b3890d1d8e64e69fca2982240cdbe112\" style=\"height:455px; width:690px\" /></p>\r\n\r\n<p style=\"text-align:justify\"><strong><span style=\"font-size:20px\"><span style=\"font-family:courier new,courier,monospace\">低头族，你错过了什么</span></span></strong></p>\r\n\r\n<p style=\"text-align:justify\"><span style=\"font-family:courier new,courier,monospace\"><span style=\"font-size:18px\">21世纪，是网络高速发展的时代，给现代人带来了极大地方便。但网络这把双刃剑，同样，也给现代人带来了&ldquo;灾难&rdquo;。除了办公室电脑族长期低头伏案工作之外，在大街，地铁上随处可见低头族。</span></span></p>\r\n\r\n<p style=\"text-align:justify\"><span style=\"font-family:courier new,courier,monospace\"><span style=\"font-size:18px\">低头族导致人类失去了面对面交流的能力，同时也引发一系列的危害：</span></span></p>\r\n\r\n<p style=\"text-align:justify\"><strong><span style=\"font-size:20px\"><span style=\"font-family:courier new,courier,monospace\">1.安全隐患</span></span></strong></p>\r\n\r\n<p style=\"text-align:justify\"><span style=\"font-family:courier new,courier,monospace\"><span style=\"font-size:18px\">湖北17岁的女生商某外出与同伴聚餐，边走路边玩手机，过一座桥时，一脚踏空，掉入没有护栏保护的深坑，经抢救无效死亡。没有护栏当然是主要原因之一，但也提醒大家，走路千万别玩手机。近年来，各种低头看手机引发的事故频繁发生这必须引起重视。</span></span></p>\r\n\r\n<p style=\"text-align:justify\"><strong><span style=\"font-size:20px\"><span style=\"font-family:courier new,courier,monospace\">2.健康隐患</span></span></strong></p>\r\n\r\n<p style=\"text-align:justify\"><span style=\"font-family:courier new,courier,monospace\"><span style=\"font-size:18px\">长期低头玩游戏，容易使颈椎关节发生错位，还可能患上腕管综合征、腱鞘炎等。不仅如此，低头族长期沉迷玩手机，除了影响视力外，还很容易引发白内障。如果你的头总是前倾盯着手机屏幕，会缩短脖子的肌肉，增加脸颊部位受到的地心引力，导致下颌松垂，还会导致脸颊下垂，还能让人产生皱纹，引发颈、肩疾病等。</span></span></p>\r\n\r\n<p style=\"text-align:justify\"><span style=\"font-family:courier new,courier,monospace\"><span style=\"font-size:18px\">低头族最直接的危害就是容易引发颈椎病，长时间低头玩手机、平板电脑等容易造成颈肩部肌肉僵硬、痉挛。时间久了，可能会导致颈椎曲度变直、颈椎间盘突出等，也可能出现探脖等体征。</span></span></p>\r\n\r\n<p style=\"text-align:justify\"><img alt=\"\" src=\"http://47.93.46.185:80/filee/viewPic.do?manageKey=576a22e16011a8b30030fe58eb8d4cc6\" style=\"height:180px; width:690px\" /></p>\r\n\r\n<p style=\"text-align:justify\"><strong><span style=\"font-size:20px\"><span style=\"font-family:courier new,courier,monospace\">&ldquo;舒慰&rdquo;送健康</span></span></strong></p>\r\n\r\n<p style=\"text-align:justify\"><span style=\"font-family:courier new,courier,monospace\"><span style=\"font-size:18px\">成都市舒慰医疗科技有限公司主营舒慰颈椎康复治疗仪、舒慰腰椎康复治疗仪。成都市舒慰医疗科技有限公司是专业从事：颈椎曲度标准、腰椎曲度标准研究、设计的高科技公司。公司拥有高级别的医学专家：博士生导师1人、英国爱丁堡大学生物医学博士、广西医科大学临床医学博士后、副研究员1人、教授2人、硕士医师1人。 </span></span></p>\r\n\r\n<p style=\"text-align:justify\"><span style=\"font-family:courier new,courier,monospace\"><span style=\"font-size:18px\">舒慰多功能颈椎康复治疗仪能真实有效、预防和治愈颈椎病，其内部独有的带人体颈部正常生理曲度标准的硬质枕体（已拥有国家和国际专利）由航空材料经多工序压制成型，它是西医学、中医学、生物医学等医学科学与机械液压学、力学、电学等物理科学相结合的结晶。供应的产品有按摩椅、颈腰靠垫、坐垫。并且该企业也通过了中国质量万里行促进会的审核认定，获得了中国质量万里行促进会会员单位荣誉证书。</span></span></p>\r\n\r\n<p style=\"text-align:justify\"><span style=\"font-family:courier new,courier,monospace\"><span style=\"font-size:18px\">舒慰，为您的健康保驾护航。</span></span></p>\r\n</body>\r\n</html>\r\n', '2017-03-17 17:06:51', 'a0585cd9e28c22ec4432c2bd38642e6d', '22', '65', 'InUse', '您的颈椎，我来守护', '157', 'admin', '3', '2017-05-25 11:37:35');
INSERT INTO `cms_chapter` VALUES ('872', '<html>\r\n<head>\r\n	<title></title>\r\n</head>\r\n<body>\r\n<p style=\"text-align:justify\"><span style=\"font-family:courier new,courier,monospace\"><span style=\"font-size:18px\">以前人们出远门，往往家中有重要的东西需要看管，都会叫上亲朋好友来帮忙，但终究不是解决办法。近些年，由于智能硬件的发展，各种看家神器进入了千家万户。有用于监控的摄像头，有外形可爱的机器人，还有可以替换门铃的wifi门铃。随着科学的进步，技术的发展，如今我们的生活是越来越智能了，但普通安防已经不能很好的为我们解决生活中遇到的困难和麻烦，因此需要更先进的智能安防系统设备才能保障我们的生活。今天小编带来的是一款由北京高普乐光电科技股份公司生产的夜视监控器。</span></span></p>\r\n\r\n<p style=\"text-align:justify\"><img alt=\"\" src=\"http://47.93.46.185:80/filee/viewPic.do?manageKey=c348454868329fd4baf8b4b40ce2e822\" style=\"height:413px; width:690px\" /></p>\r\n\r\n<p style=\"text-align:justify\"><strong><span style=\"font-size:20px\"><span style=\"font-family:courier new,courier,monospace\">为夜视监控领域创造另一片空间</span></span></strong></p>\r\n\r\n<p style=\"text-align:justify\"><span style=\"font-family:courier new,courier,monospace\"><span style=\"font-size:18px\">北京高普乐光电科技股份公司是一家集研发、生产、销售、服务于一体的科技型企业。专注于夜视技术及产品，坚持创新研发，走自主品牌和自主知识产权的道路。经过多年的努力和积累，公司在激光夜视、红外夜视、精密重载转台的技术开发和应用方面都取得了丰硕的成果，获得了多项专利。&nbsp;<br />\r\n客户的需求引领着创新的脚步。十年前，为了满足某卫星发射中心对发射现场的安保监控要求，该公司联合中科院、北京理工大学、成都光电所等单位的专家、教授，引进了美国的先进技术，成功开发应用了第一台以激光为夜视照明光源的远距离监控摄像机，实现了24小时的视频连续监控。其后越来越多地应用在了政府、铁路、公路、渔政、环保、机场、厂区等行业和领域。酒泉卫星发射中心、北京奥运会、北京天安门广场、上海世博会等大型项目的应用是对高普乐夜视产品的充分检验和肯定，并且企业产品也通过了中国质量万里行促进会的审核和认定，并被授予了会员单位荣誉证书。</span></span></p>\r\n\r\n<p style=\"text-align:justify\">&nbsp; &nbsp;<img alt=\"\" src=\"http://47.93.46.185:80/filee/viewPic.do?manageKey=2652da310eb4e9f14b15eb25626be07f\" style=\"height:250px; width:328px\" />&nbsp; &nbsp; &nbsp;<img alt=\"\" src=\"http://47.93.46.185:80/filee/viewPic.do?manageKey=123824f6aec6b680828710b9619c7834\" style=\"height:250px; width:328px\" /></p>\r\n\r\n<p style=\"text-align:justify\"><span style=\"font-size:20px\"><strong><span style=\"font-family:courier new,courier,monospace\">那么多改变，只为信念不变</span></strong></span></p>\r\n\r\n<p style=\"text-align:justify\"><span style=\"font-family:courier new,courier,monospace\"><span style=\"font-size:18px\">在发展的道路上，北京高普乐光电科技股份公司不断探索，跟随安防市场的发展趋势，引进和学习先进的技术和优势资源，不断提高生产能力，加大技术创新，利用先进的工艺、先进的产品模式以及先进的经营理念，为各地经销商提供质量更好、更实惠、更精准的安防产品，从产品的技术、质量、价格、服务等全方位提高自身的实力，保障经销商的利益得到最高的回报。今年，通过发展目标和思路的改革和创新，公司始终以&ldquo;全面创新，求真务实，努力奋斗&rdquo;为宗旨，努力把自己建设成为世界一流的安防企业。</span></span></p>\r\n\r\n<p style=\"text-align:justify\"><span style=\"font-family:courier new,courier,monospace\"><span style=\"font-size:18px\">高普乐以社会安全为己任，立足光电，尽心为各行各业提供优质的产品和服务，公司积极履行社会责任，从点滴做起，在做强企业的同时，也做一个顶天立地的&ldquo;企业人&rdquo;。</span></span></p>\r\n</body>\r\n</html>\r\n', '2017-03-17 17:10:06', 'c01ced7e33ff67321fec28b12c46a237', '21', '93', 'InUse', '高普乐，让“视”界更清晰', '161', 'admin', '3', '2017-05-25 11:37:27');
INSERT INTO `cms_chapter` VALUES ('873', '<html>\r\n<head>\r\n	<title></title>\r\n</head>\r\n<body>\r\n<p><span style=\"font-size:18px\"><span style=\"font-family:courier new,courier,monospace\">家是温暖的港湾，每个人都希望和自己亲人还有所爱之人所住的房子是温馨的，最重要的不是房子和家具，而是房子里陪伴你的人。每个人承担起的也许不只是一个家庭的重担，享受的也不只是一个家庭的温馨。</span></span></p>\r\n\r\n<p><img alt=\"\" src=\"http://47.93.46.185:80/filee/viewPic.do?manageKey=e2dc3900c21fbe8299ef1b612cbdd6b5\" style=\"height:513px; width:690px\" /></p>\r\n\r\n<p><span style=\"font-size:18px\"><span style=\"font-family:courier new,courier,monospace\">佛山市南海雅饰丽工艺制品有限公司成立于2008年,坐落于珠三角重要的制造业城市&ldquo;佛山&rdquo;。公司旗下雅素丽品牌主要致力于设计、生产、销售树脂艺术背景墙、瓷砖雕刻背景墙、玉石背景墙、喷墨波导线、岗石线条、薄板装饰画，是背景墙装饰材料行业最完整的产业链领航者。</span></span></p>\r\n\r\n<p><span style=\"font-size:18px\"><span style=\"font-family:courier new,courier,monospace\">佛山市南海雅饰丽工艺制品有限公司拥有独特的设计理念和整体的背景概念，因此截止2012年10月，短年短树脂背景工厂已由800方扩展到6000方。同时，瓷砖雕刻背景，水刀镶嵌背景已经有4000方厂区开始投产。2013年3月，岗石装饰线条已经有3800方厂区开始投产。 2013年10月，雅素丽已经控股一家5D喷墨波导线工厂和一家玉石马赛克工厂。2013年12月，引进行业4名资深设计师，组建行业首家整体背景设计工作室。截止2013年12月，和雅素丽合作的全国经销商和专卖店客户480家。每年为全国超过20000家庭，设计安装超10万方各款各型背景墙。2014年起，在产品链和团队不断完善的基础上，2年内在全国建立300家雅素丽整体背景概念馆，5年达到600家。让雅素丽产品覆盖大部分建材卖场。</span></span></p>\r\n\r\n<p><img alt=\"\" src=\"http://47.93.46.185:80/filee/viewPic.do?manageKey=4eab04817c6f3d23aa4f42ff7f7058e9\" style=\"height:516px; width:690px\" /></p>\r\n\r\n<p><span style=\"font-size:18px\"><span style=\"font-family:courier new,courier,monospace\">创办公司时谭太伟就非常明确公司的线路，那就是专业的背景墙设计和生产。创建公司是一个新的挑战，而人生就是要时刻制定挑战、面对挑战才不枉此生。六年的时间，谭太伟完成了公司的步入正轨扎根市场。而接下来他告诉我们，雅素丽的目标是要做产品的延伸，围绕主体背景墙，像是背景墙的收边、修饰。从一个产品，延伸出五到六种产品系列，始终保持站在消费者的角度，来设计产品，来生产产品。</span></span></p>\r\n\r\n<p><span style=\"font-size:18px\"><span style=\"font-family:courier new,courier,monospace\">&ldquo;谭太伟是一个热爱新鲜事物的人，而他的公司当然也继承了他的理念，公司有一项硬指标每个季度推出一个系列的新产品。这个要求看似有些许苛刻，但是也为公司带来了创新的惯性思维，为行业带来了正能量的发展方向。&rdquo;</span></span></p>\r\n\r\n<p><span style=\"font-size:18px\"><span style=\"font-family:courier new,courier,monospace\">&ldquo;家&rdquo;字怎么写?用心去写，写出的是圆满；用情去写，写出的是思念；用爱去写，写出的是留念。无论怎么去写，家就是家，永远不会离你而去。</span></span></p>\r\n\r\n<p><img alt=\"\" src=\"http://47.93.46.185:80/filee/viewPic.do?manageKey=9bfc200a9ae81f0afdecdc36bc225429\" style=\"height:517px; width:690px\" /></p>\r\n\r\n<p><span style=\"font-family:courier new,courier,monospace\"><span style=\"font-size:18px\">雅素丽的期望其实也是每个人对自己的家最真挚的情感，那就是愿家能是优雅的、朴素的、美丽的而又温暖的。我们希望雅素丽的背景墙能走进每一个家庭当中，给每个家庭送去这份爱。</span></span></p>\r\n</body>\r\n</html>\r\n', '2017-03-17 17:16:43', '97364b0e477946483955a303558bd252', '20', '118', 'InUse', '用心书写“家”字', '168', 'admin', '3', '2017-05-25 11:37:21');
INSERT INTO `cms_chapter` VALUES ('874', '<html>\r\n<head>\r\n	<title></title>\r\n</head>\r\n<body>\r\n<p style=\"text-align:justify\"><img alt=\"\" src=\"http://47.93.46.185:80/filee/viewPic.do?manageKey=7ab8bce4df38d4db6bccf839d6094967\" style=\"height:423px; width:690px\" /></p>\r\n\r\n<p style=\"text-align:justify\"><span style=\"font-size:18px\"><span style=\"font-family:courier new,courier,monospace\">目前，一阵海外代购之风席卷而来。海外的化妆品、生活用品都成了国人追捧的东西。甚至，连保健品代购都做的风生水起。比如澳洲补血的铁元和一些预防三高的保健品等都是大热。这也说明，现在越来越多的人更加注重自身的健康。说起保养，小编头脑里第一反应是阿胶。</span></span></p>\r\n\r\n<p style=\"text-align:justify\"><span style=\"font-size:18px\"><span style=\"font-family:courier new,courier,monospace\">阿胶，为马科动物，驴的皮，经煎煮、浓缩制成的固体胶。阿胶是传统的滋补上品、补血圣药，味甘平，入肺、肝、肾经，具有补血止血、滋阴润燥等功效，药食两用，长期服用可补血养血、美白养颜、抗衰老、抗疲劳、提高免疫力，适用人群广泛。</span></span></p>\r\n\r\n<p style=\"text-align:justify\"><img alt=\"\" src=\"http://47.93.46.185:80/filee/viewPic.do?manageKey=64a8e38f482a18e6d13b79f4537a730f\" style=\"height:423px; width:690px\" /></p>\r\n\r\n<p style=\"text-align:justify\"><strong><span style=\"font-size:20px\"><span style=\"font-family:courier new,courier,monospace\">保定赛行阿胶----阿胶界的一股清流</span></span></strong></p>\r\n\r\n<p style=\"text-align:justify\"><span style=\"font-size:18px\"><span style=\"font-family:courier new,courier,monospace\">保定赛行阿胶有限公司是专业从事阿胶产品制造、加工、销售的企业。公司成立于2006年2月，位于古代名臣范蠡曾多年经商，素有&ldquo;天下皮毛第一都&rdquo;之美誉的蠡县。公司生产的&ldquo;赛行&rdquo;牌阿胶精选优质原生态驴皮，采用传统工艺与现代化技术相结合的方法，在生产过程中严格控制，精心加工而成。</span></span></p>\r\n\r\n<p style=\"text-align:justify\"><span style=\"font-size:18px\"><span style=\"font-family:courier new,courier,monospace\">公司坚持质量第一、信誉至上的公司理念，以质量求市场，凭信誉促发展。目前产品销售遍布全国20多个省市，赛行品牌赢得了消费者、行家的认可与信赖，在阿胶行业中脱颖而出。一些出口厂商也看中了赛行阿胶的性价比优势，逐步开拓了香港、台湾、加拿大等海外市场。</span></span></p>\r\n\r\n<p style=\"text-align:justify\"><span style=\"font-size:18px\"><span style=\"font-family:courier new,courier,monospace\">2015年，公司顺利通过了保健食品生产企业审核，为公司的进一步发展奠定了坚实的基础。并且也通过了中国质量万里行促进会的审核，荣获会员单位荣誉证书，是值得信任的保健认证企业。</span></span></p>\r\n\r\n<p style=\"text-align:justify\"><span style=\"font-size:18px\"><span style=\"font-family:courier new,courier,monospace\">健康，我们一生的追求。</span></span></p>\r\n</body>\r\n</html>\r\n', '2017-03-17 17:21:55', '532e4a74b75c89abe6480433146673eb', '19', '63', 'InUse', '赛行阿胶，您的养生专家', '164', 'admin', '3', '2017-05-25 11:37:15');
INSERT INTO `cms_chapter` VALUES ('875', '<html>\r\n<head>\r\n	<title></title>\r\n</head>\r\n<body>\r\n<p style=\"text-align:justify\"><span style=\"font-family:courier new,courier,monospace\"><span style=\"font-size:18px\">3月15日下午，质检总局新闻发言人、办公厅副主任韩云平在&ldquo;3&middot;15&rdquo;国际消费者权益日&ldquo;责任汇聚诚信 质量保障消费&rdquo;主题活动现场发布了2016年执法打假工作、2016年进口消费品检验监管、2016年未予准入的食品、化妆品和2017年第1批针织内衣等10种产品质量国家监督抽查4方面情况，以下为具体发布内容：</span></span></p>\r\n\r\n<p style=\"text-align:justify\"><span style=\"font-family:courier new,courier,monospace\"><span style=\"font-size:18px\">一、2016年执法打假工作情况</span></span></p>\r\n\r\n<p style=\"text-align:justify\"><span style=\"font-family:courier new,courier,monospace\"><span style=\"font-size:18px\">2016年，全国质检系统围绕维护消费品安全出重拳，全年共出动执法人员77.3万人次，立案查处各类质量违法案件3.6万起，涉案货值22.51亿元，查办大案要案1980起。</span></span></p>\r\n\r\n<p style=\"text-align:justify\"><span style=\"font-family:courier new,courier,monospace\"><span style=\"font-size:18px\">&nbsp;（一）深入开展&ldquo;质检利剑&rdquo;专项打假行动</span></span></p>\r\n\r\n<p style=\"text-align:justify\"><span style=\"font-family:courier new,courier,monospace\"><span style=\"font-size:18px\">2016年，质检总局围绕消费品重点，保持执法打假高压态势，四个专项行动成效明显：一是围绕维护消费品安全，以儿童用品、家用电器、电子产品、食品相关产品为重点，开展消费品&ldquo;质检利剑&rdquo;行动。共查办质量违法案件3997起，查获货值6221.5万元。二是围绕节能环保，以轮胎、内饰、座椅、制动器衬片、行驶记录仪等产品为重点，开展汽车及其配件、汽柴油等&ldquo;质检利剑&rdquo;行动。共查办案件944起，查获货值2117.9万元。三是围绕产业结构升级，以钢材、水泥、卫生陶瓷、电线电缆、防水卷材为重点，开展建材&ldquo;质检利剑&rdquo;行动。共查办案件4234起，查获货值11.6亿元。四是围绕巩固农业基础地位，开展农资&ldquo;质检利剑&rdquo;行动。共查办案件1814起，减少农业生产损失2034万元，接受农民咨询和举报4.4万起。</span></span></p>\r\n\r\n<p style=\"text-align:justify\"><span style=\"font-family:courier new,courier,monospace\"><span style=\"font-size:18px\">从各地开展&ldquo;质检利剑&rdquo;行动的情况看，有三个突出特点：一是整治了一批重点产品的突出质量问题。二是严查彻办了一批大案要案，曝光了一批典型案例。三是充分凸显了技术执法的作用。</span></span></p>\r\n\r\n<p style=\"text-align:justify\"><span style=\"font-family:courier new,courier,monospace\"><span style=\"font-size:18px\">（二）缺陷产品召回工作成效明显</span></span></p>\r\n\r\n<p style=\"text-align:justify\"><span style=\"font-family:courier new,courier,monospace\"><span style=\"font-size:18px\">一是缺陷汽车召回数量突破千万辆。在连续3年突破500万辆的基础上，2016年首次突破1000万辆，达1133.53万辆，同比增长103%。其中有853.94万辆汽车是在质检总局启动缺陷调查情况下实施的，占全部召回数量的75.33%。二是缺陷消费品召回工作开局良好。《缺陷消费品召回管理办法》实施一年来，共召回消费品618.4万件，同比增长8.23倍，其中有506.69万件是因质检部门启动缺陷调查而实施的，占全部召回数量的82%。召回的产品类别从儿童玩具、电子电器扩展到儿童用品、家具、文教体育用品等11类消费品。三是稳妥处置了三星手机、宜家抽屉柜、高田气囊等召回事件。强化舆情分析研判、行政约谈、缺陷调查等多种手段，督促三星公司在中国大陆地区召回全部三星note7手机19万台；督促宜家公司在中国召回马尔姆等系列抽屉柜，涉及数量166多万件；督促高田公司和高田气囊事件涉及的33家整车生产企业召回616.33万辆缺陷汽车。</span></span></p>\r\n\r\n<p style=\"text-align:justify\"><span style=\"font-family:courier new,courier,monospace\"><span style=\"font-size:18px\">二、2016年进口消费品检验监管情况</span></span></p>\r\n\r\n<p style=\"text-align:justify\"><span style=\"font-family:courier new,courier,monospace\"><span style=\"font-size:18px\">2016年，质检总局高度重视进口消费品检验监管工作，通过中国进出口工业品质量安全风险预警和快速反应监管体系（简称C-RAPEX），实施风险监控，在监管中采集进口不合格商品信息9.8万条，退运或销毁涉及安全卫生环保项目不合格的商品5288批，有力地保障了消费者健康安全和权益。</span></span></p>\r\n\r\n<p style=\"text-align:justify\"><span style=\"font-family:courier new,courier,monospace\"><span style=\"font-size:18px\">（一）监督抽查</span></span></p>\r\n\r\n<p style=\"text-align:justify\"><span style=\"font-family:courier new,courier,monospace\"><span style=\"font-size:18px\">2016年，质检总局在全国范围内开展了两次大规模的监督抽查，重点针对进口空气净化器、电子坐便器、刹车片、家用电器、服装、食品接触产品、一次性使用卫生用品等进口消费类商品，共抽查各类商品5306批，不合格1539批，不合格率达29.0%。对于抽查发现的不合格商品，质检部门均已依法进行了处理。</span></span></p>\r\n\r\n<p style=\"text-align:justify\"><span style=\"font-family:courier new,courier,monospace\"><span style=\"font-size:18px\">（二）缺陷召回</span></span></p>\r\n\r\n<p style=\"text-align:justify\"><span style=\"font-family:courier new,courier,monospace\"><span style=\"font-size:18px\">自2016年1月1日起，我国开始对包括进口消费品在内的一般消费品实施缺陷召回。全年共实施召回40起，涉及电子电器、服装、玩具（童车）、一次性卫生用品、食品接触产品、仿真饰品和其它消费品等7类114.32万件，召回的缺陷产品包括苹果、东芝、索尼、富士通、阿玛尼、小林日化、高乐氏、宜家等全球知名品牌产品，原产地主要包括美国、意大利、日本、韩国、马来西亚、德国、瑞典等国家。</span></span></p>\r\n\r\n<p style=\"text-align:justify\"><span style=\"font-family:courier new,courier,monospace\"><span style=\"font-size:18px\">2016年，质检总局实施进口缺陷汽车召回118批， 175.2万辆。其中，督促现代汽车（中国）投资有限公司召回中国大陆地区涉及的进口索兰托汽车8549辆，召回的车辆按照维修程序免费更换新的高压泵。</span></span></p>\r\n\r\n<p style=\"text-align:justify\"><span style=\"font-family:courier new,courier,monospace\"><span style=\"font-size:18px\">（三）电商抽查</span></span></p>\r\n\r\n<p style=\"text-align:justify\"><span style=\"font-family:courier new,courier,monospace\"><span style=\"font-size:18px\">2016年，质检总局对通过跨境电商渠道进口的玩具、纸尿裤、服装和餐厨具等消费品开展了专项质量抽查，共抽查1013批，检出安全项目不合格415批，不合格率为40.9%，质量安全问题较为突出。</span></span></p>\r\n\r\n<p style=\"text-align:justify\"><span style=\"font-family:courier new,courier,monospace\"><span style=\"font-size:18px\">三、2016年未予准入的食品、化妆品情况</span></span></p>\r\n\r\n<p style=\"text-align:justify\"><span style=\"font-family:courier new,courier,monospace\"><span style=\"font-size:18px\">2016年，全国出入境检验检疫机构在入境货物到达口岸接受监管环节检出质量安全项目不合格食品3042批、化妆品229批。不合格产品来自82个国家或地区，涉及22类产品，主要是饮料类、糕点饼干类和粮谷及制品类等；主要项目是食品添加剂、微生物污染和品质不合格。不合格化妆品来自22个国家或地区，涉及7类产品，主要是肤用、美容和口腔类化妆品，主要项目是证书不合格、标签不合格和品质不合格。对以上不合格食品、化妆品，在口岸均已退运或销毁，未予准入。</span></span></p>\r\n\r\n<p style=\"text-align:justify\"><span style=\"font-family:courier new,courier,monospace\"><span style=\"font-size:18px\">四、2017年第1批针织内衣等10种产品质量国家监督抽查情况</span></span></p>\r\n\r\n<p style=\"text-align:justify\"><span style=\"font-family:courier new,courier,monospace\"><span style=\"font-size:18px\">近期，质检总局组织开展了第1批针织内衣等10种产品质量国家监督抽查，涉及日用及纺织品、电子电器、轻工产品、农业生产资料等4类产品。</span></span></p>\r\n\r\n<p style=\"text-align:justify\"><span style=\"font-family:courier new,courier,monospace\"><span style=\"font-size:18px\">本次共抽查632家企业生产的633批次产品（不涉及出口产品）。经检验，584家企业生产的585批次产品合格，监督抽查合格率为92.4%；检出48批次产品不合格，不合格产品检出率为7.6%。其中，播种机和笔记本电脑2种产品全部合格；女式内衣产品的不合格产品检出率低于5%；卫生巾、纸尿裤、针织内衣、纸巾纸、吸油烟机等5种产品的不合格产品检出率介于5%至10%之间；电烤箱及烘烤器具、室内加热器2种产品的不合格产品检出率高于10.%。</span></span></p>\r\n\r\n<p style=\"text-align:justify\"><span style=\"font-family:courier new,courier,monospace\"><span style=\"font-size:18px\">按企业生产规模划分，本次抽查的大、中、小型企业数分别比为13.1%、16.4%、70.5%，不合格产品检出率分别为4.6%、4.9%、8.8%。</span></span></p>\r\n\r\n<p style=\"text-align:justify\"><span style=\"font-family:courier new,courier,monospace\"><span style=\"font-size:18px\">本次监督抽查的主要特点。一是加强消费品监督抽查。共抽查了包括针织内衣、女式内衣、笔记本电脑、吸油烟机、电烤箱及烘烤器具、室内加热器、卫生巾、纸尿裤、纸巾纸等9种消费品，占本次抽查产品种类的90%，抽查企业数和批次数均占比97.5%。二是加大跟踪抽查力度。本次抽查的10种产品中，除笔记本电脑和播种机监督抽查全部合格外，对其余8种不合格产品的生产企业开展了跟踪抽查。三是突出抽查集中产区。结合产品区域分布特点，对针织内衣、女式内衣、吸油烟机、电烤箱及烘烤器具、室内加热器、纸尿裤等产品集中产区的生产企业进行了重点抽查。</span></span></p>\r\n\r\n<p style=\"text-align:justify\"><span style=\"font-family:courier new,courier,monospace\"><span style=\"font-size:18px\">在本次抽查中，有3家企业违反《产品质量法》的规定，无正当理由拒绝接受监督抽查。分别是：河北省的三河市华晨电器有限公司、湖南省的长沙节安电器有限公司都在室内加热器产品抽查中拒检；江苏省的苏州维柔纸业有限公司在纸巾纸产品抽查中拒检。</span></span></p>\r\n\r\n<p style=\"text-align:justify\"><span style=\"font-family:courier new,courier,monospace\"><span style=\"font-size:18px\">针对本次产品质量国家监督抽查中发现的问题，质检总局已责成各省（区、市）质量技术监督部门按照《中华人民共和国产品质量法》和《产品质量监督抽查管理办法》等法律法规的规定，认真做好拒检企业和不合格产品生产企业的后续处理工作，依法责令企业停止生产销售不合格产品，按照有关规定监督销毁或者作必要的技术处理。同时，质检总局已将本次抽查有关情况通报地方政府及相关部门，下一步还会加大后续跟踪监督检查力度。</span></span></p>\r\n\r\n<p style=\"text-align:justify\"><span style=\"font-family:courier new,courier,monospace\"><span style=\"font-size:18px\">具体产品的抽查结果及企业名单，可在质检总局网站上查询。</span></span></p>\r\n</body>\r\n</html>\r\n', '2017-03-17 17:31:29', '1b3b6f9d10dfcf1cff1fac7f0ab86b8c', '1', '69', 'InUse', '质检总局发布2016年执法打假工作等情况', '680', 'admin', '1', '2017-10-27 10:58:30');
INSERT INTO `cms_chapter` VALUES ('876', '<html>\r\n<head>\r\n	<title></title>\r\n</head>\r\n<body>\r\n<p style=\"text-align:justify\"><span style=\"font-family:courier new,courier,monospace\"><span style=\"font-size:18px\">各省、自治区、直辖市及计划单列市、副省级市工商行政管理局、市场监督管理部门：</span></span></p>\r\n\r\n<p style=\"text-align:justify\"><span style=\"font-family:courier new,courier,monospace\"><span style=\"font-size:18px\">保护消费者合法权益，及时化解消费纠纷是优化消费环境，发挥消费拉动经济增长基础性作用的重要举措。经过20年的发展，12315消费者投诉举报咨询专用电话和互联网已经成为工商、市场监管部门公共服务的重要窗口和加强市场监管的重要平台，成为人民群众熟知的消费维权品牌。为了积极顺应和把握消费升级大趋势，进一步提高消费者权益保护工作水平，营造安全放心的消费环境和公平竞争的市场环境，充分发挥消费对经济发展的引领作用，现就切实加强12315消费者权益保护工作提出以下意见。</span></span></p>\r\n\r\n<p style=\"text-align:justify\"><span style=\"font-family:courier new,courier,monospace\"><span style=\"font-size:18px\">一、畅通诉求渠道，提高消费者权益保护工作效能</span></span></p>\r\n\r\n<p style=\"text-align:justify\"><span style=\"font-family:courier new,courier,monospace\"><span style=\"font-size:18px\">(一)加强12315电话平台建设。各地要充分发挥12315电话平台专业性强的作用，进一步完善从工商总局到省(自治区、直辖市)、市(州)、县(区)工商和市场监管部门、工商和市场监管所五级纵向贯通、横向联接的12315体系，畅通消费者诉求表达、矛盾化解和权益维护渠道。在以12315电话平台为主导建立市场监管综合性公共服务电话平台的省市，要进一步拓展12315电话平台的功能，严格12315工作处理程序和时限;在12315电话接听环节合并到12345电话平台的省市，要充分利用好工商和市场监管部门上下高效执法联动的优势，建立与12345紧密衔接的工作机制，确保消费者投诉举报数据的互联互通，依法及时处理消费者投诉举报。</span></span></p>\r\n\r\n<p style=\"text-align:justify\"><span style=\"font-family:courier new,courier,monospace\"><span style=\"font-size:18px\">(二)加强12315互联网平台建设。各地要顺应消费升级客观要求，在提高12315专用电话畅通率的基础上，强化12315互联网及移动互联受理渠道建设，拓宽消费者诉求渠道。总局正在加快推进全国12315互联网平台建设，努力实现对消费纠纷的网上接收、网上调解、网上跟踪督办，推动跨区域、跨境消费纠纷的在线解决。各地要按照全国12315互联网平台运行机制的要求，加快对现有12315信息化系统的升级改造，实现12315电话平台与全国12315互联网平台的有效对接，方便消费者高效、便捷、低成本表达诉求。</span></span></p>\r\n\r\n<p style=\"text-align:justify\"><span style=\"font-family:courier new,courier,monospace\"><span style=\"font-size:18px\">(三)加强12315数据建设。12315工作实行全国统一的数据标准和技术方案，各地12315信息化应用软件建设和开发质量要符合全国12315相关数据标准和技术实施方案的要求。要进一步加强各地12315数据库和12315数据分析中心建设,完善省(自治区、直辖市)、市(州)、县(区)工商和市场监管部门、工商和市场监管所12315数据采集上报制度，逐级及时汇总12315数据，实现12315数据的全面、准确归集。要加强对12315数据的综合分析利用，及时分析消费者投诉举报热点难点和消费市场秩序状况，定期发布12315数据分析报告，按规定发布消费提示和警示，为政府及有关部门制定消费政策和加强市场监管提供参考。</span></span></p>\r\n\r\n<p style=\"text-align:justify\"><span style=\"font-family:courier new,courier,monospace\"><span style=\"font-size:18px\">二、推动社会共治，营造安全放心的消费环境</span></span></p>\r\n\r\n<p style=\"text-align:justify\"><span style=\"font-family:courier new,courier,monospace\"><span style=\"font-size:18px\">(四)大力推进12315&ldquo;五进&rdquo;工作。要大力推进12315进商场、进超市、进市场、进企业、进景区等工作(简称12315&ldquo;五进&rdquo;)，特别是要积极推进12315进网络交易平台、电视购物平台等经营主体工作，引导和督促经营者设立&ldquo;消费维权服务站&rdquo;，健全商品质量和服务规范承诺、不合格商品退市、消费纠纷和解与消费侵权赔偿等制度，及时受理和处理消费者投诉，让消费纠纷解决在企业、化解在源头。要建立健全12315中心与经营者之间处理消费纠纷的&ldquo;绿色通道&rdquo;机制，对收到的消费者投诉在征得消费者同意的情况下，及时分流到相关经营者处理，督促指导经营者主动与消费者协商和解，快速解决消费纠纷，实现消费维权工作关口前移。</span></span></p>\r\n\r\n<p style=\"text-align:justify\"><span style=\"font-family:courier new,courier,monospace\"><span style=\"font-size:18px\">(五)落实经营者首问和赔偿先付制度。要强化经营者的消费维权主体责任，督促各类经营者完善首问制度，按照&ldquo;谁销售商品谁负责，谁提供服务谁负责&rdquo;原则，及时受理和处理消费者投诉，主动和解消费纠纷。要鼓励和引导具备条件的网络交易平台、电视购物平台和具备一定规模的家具、建材、家电等大型商场以及摊位较多的集贸市场、批发市场等经营者，建立和完善赔偿先付制度，提高消费纠纷处理效率，实现消费者自主消费、安全消费。</span></span></p>\r\n\r\n<p style=\"text-align:justify\"><span style=\"font-family:courier new,courier,monospace\"><span style=\"font-size:18px\">(六)广泛开展放心消费创建工作。要以深入推进12315&ldquo;五进&rdquo;工作为切入点，大力推进放心消费创建活动，积极营造安全放心的消费环境。要针对城乡区域和消费特点，在城市街区、农村乡镇广泛开展放心消费创建活动，特别是要加强消费相对集中的城市核心商圈、街区等重点区域的工作力度，形成一批放心消费创建示范商圈、示范街区。要加强对人民群众生活密切相关消费领域行业组织的指导与协作，促进行业自律，形成一批放心消费创建示范行业。消协组织是消费维权的重要力量，要充分发挥消协组织社会监督的作用，构建消费维权社会共治新机制。</span></span></p>\r\n\r\n<p style=\"text-align:justify\"><span style=\"font-family:courier new,courier,monospace\"><span style=\"font-size:18px\">三、加强组织领导，为消费者权益保护工作提供保障</span></span></p>\r\n\r\n<p style=\"text-align:justify\"><span style=\"font-family:courier new,courier,monospace\"><span style=\"font-size:18px\">(七)加强对12315消费者权益保护工作的组织领导。各地工商和市场监管部门要及时向当地政府汇报，积极争取对12315工作的支持。要在当地政府的统一领导下，加强组织领导，切实履行好12315消费者权益保护工作的法定职责，进一步强化对12315工作的业务指导和规范。要主动发挥在消费者权益保护工作的牵头作用，积极推动建立有关部门间的消费者权益保护工作联席会议制度，形成市场监管的合力。</span></span></p>\r\n\r\n<p style=\"text-align:justify\"><span style=\"font-family:courier new,courier,monospace\"><span style=\"font-size:18px\">(八)加强对12315消费者权益保护工作的保障。各地工商和市场监管部门要进一步加强消费维权制度建设，完善工作机制，积极推动将12315消费维权工作情况纳入地方政府考核内容。要强化对12315电话接通率、诉求办结率、调解成功率、举报查实率、诉转案率等的量化考核，创新考核机制，以考核促落实。要加大对12315消费者权益保护支持力度，努力解决工作中遇到的困难和问题，为12315消费者权益保护工作提供扎实的工作保障。</span></span></p>\r\n\r\n<p style=\"text-align:justify\"><span style=\"font-family:courier new,courier,monospace\"><span style=\"font-size:18px\">(九)加强12315消费者权益保护队伍建设。各地工商和市场监管部门要设立专门的消费者权益保护工作机构，根据消费者权益保护工作的实际需要，充分合理配置消费者权益保护工作人员，不断充实队伍力量。要针对消费者权益保护工作涉及面广、专业性强等特点，加强对12315工作人员的业务培训和职业道德教育，努力提高12315工作人员素质，积极适应消费者权益保护工作新形势、新任务的需要。</span></span></p>\r\n\r\n<p style=\"text-align:justify\"><span style=\"font-family:courier new,courier,monospace\"><span style=\"font-size:18px\">工商总局</span></span></p>\r\n\r\n<p style=\"text-align:justify\"><span style=\"font-family:courier new,courier,monospace\"><span style=\"font-size:18px\">2017年1月25日</span></span></p>\r\n</body>\r\n</html>\r\n', '2017-03-17 17:35:47', '88f3b0f4cdffea6bb06cabe4579f293e', '19', '52', 'InUse', '工商总局关于切实加强12315消费者权益保护工作的意见(工商消字〔2017〕22号)', '650', 'admin', '1', '2017-10-24 15:01:55');
INSERT INTO `cms_chapter` VALUES ('877', '<html>\r\n<head>\r\n	<title></title>\r\n</head>\r\n<body>\r\n<p style=\"text-align:center\"><strong><span style=\"font-family:courier new,courier,monospace\"><span style=\"font-size:20px\">传承工匠精神 创新质量供给</span></span></strong></p>\r\n\r\n<p style=\"text-align:center\"><strong><span style=\"font-family:courier new,courier,monospace\"><span style=\"font-size:20px\">&mdash;&mdash;中国质量检验协会再次携手千家企业开展&ldquo;质量月&rdquo;企业质量诚信倡议专题活动</span></span></strong></p>\r\n\r\n<p style=\"text-align:justify\"><span style=\"font-family:courier new,courier,monospace\"><span style=\"font-size:18px\">金秋时节，硕果累累。</span></span></p>\r\n\r\n<p style=\"text-align:justify\"><span style=\"font-family:courier new,courier,monospace\"><span style=\"font-size:18px\">质检总局联合中宣部、发改委、工信部等42个相关部门、行业协会等单位共同举办的以&ldquo;提升供给质量 建设质量强国&rdquo;为主题的2016年全国&ldquo;质量月&rdquo;活动正蓬勃开展，200多项活动在全国各地逐次展开。</span></span></p>\r\n\r\n<p style=\"text-align:justify\"><span style=\"font-family:courier new,courier,monospace\"><span style=\"font-size:18px\">中国质量检验协会在主办单位统一部署下组织开展的2016年全国&ldquo;质量月&rdquo;企业质量诚信倡议专题活动，再次携手千余家质量诚信标杆典型企业共同发出企业界铿锵有力的质量诚信倡议，奏响了质量发展的最强音，咏唱着&ldquo;质量时代&rdquo;的主旋律。</span></span></p>\r\n\r\n<p style=\"text-align:justify\"><span style=\"font-family:courier new,courier,monospace\"><span style=\"font-size:18px\">中国质量检验协会秘书长柯振权表示，再次在2016年全国&ldquo;质量月&rdquo;活动中开展企业质量诚信倡议专题活动，不仅充分发挥了质量诚信优秀典型企业的标杆引领作用，带动和引导上下游、同行业企业等树立中国制造、中国工程、中国服务的良好品牌形象，而且能够督促广大企业切实履行质量安全主体责任，推动广大企业牢固树立质量是企业生命的经营理念，进一步推动广大企业自觉加强&ldquo;质量第一，诚信为本&rdquo;的质量诚信文化建设，督促企业牢固树立&ldquo;重质量，讲诚信&rdquo;的经营理念，在全社会努力营造政府重视质量、企业追求质量、人人关注质量的浓厚氛围，让追求卓越、崇尚质量成为全社会、全民族的价值导向和时代精神。</span></span></p>\r\n\r\n<p style=\"text-align:justify\"><span style=\"font-family:courier new,courier,monospace\"><span style=\"font-size:18px\">据介绍，2016年全国&ldquo;质量月&rdquo;活动将中国质量检验协会的工作宗旨&ldquo;质量检验，客观公正，服务企业，引导消费&rdquo;和体现协会工作价值的&ldquo;传递质检信任，引导质量消费&rdquo;以及2016年全国&ldquo;质量月&rdquo;企业质量诚信倡议专题活动的主题&ldquo;大力弘扬工匠精神，持续推动质量提升&rdquo;列为2016年全国&ldquo;质量月&rdquo;活动口号，就充分体现了质量专业组织在&ldquo;质量月&rdquo;活动中不可或缺的重要作用。</span></span></p>\r\n\r\n<p style=\"text-align:justify\"><span style=\"font-family:courier new,courier,monospace\"><span style=\"font-size:18px\">今年两会以来，工匠精神已成为全社会广泛关注的热点话题，它切中社会时弊、符合时代需要。</span></span></p>\r\n\r\n<p style=\"text-align:justify\"><span style=\"font-family:courier new,courier,monospace\"><span style=\"font-size:18px\">在中国质量检验协会会长助理、企业工作部主任王剑看来，他们多年来一直努力为广大企业搭建好质量服务平台，充分激发企业质量提升内生动力，倡导工匠精神，推广精益制造，加快培育标准创新型企业，促进&lsquo;中国制造&rsquo;全产业链升级。</span></span></p>\r\n\r\n<p style=\"text-align:justify\"><span style=\"font-family:courier new,courier,monospace\"><span style=\"font-size:18px\">始于2004年开始开展的企业质量诚信倡议专题活动，至今已迎来了第13个年头，因为具有政府主管部门重视、形式新颖、主题鲜明、内容丰富、成效显著、组织发动深入、企业参与积极、社会各界互动性强、媒体舆论报道广泛等特点，在全社会营造了人人关心质量、重视质量、创造质量、享受质量的良好氛围，已经成为全国&ldquo;质量月&rdquo;活动中具有重要影响的主要活动之一。</span></span></p>\r\n\r\n<p style=\"text-align:justify\"><span style=\"font-family:courier new,courier,monospace\"><span style=\"font-size:18px\">对&ldquo;互联网+质量&rdquo;有着精准认识的中国质量检验协会防伪溯源物流管理服务中心主任王群表示，&ldquo;我们要积极发挥质检优势，打好&lsquo;技术牌&rsquo;，念好&lsquo;服务经&rsquo;，充分运用信息化手段，实施&lsquo;互联网+质检&rsquo;行动计划，因时应势推出更便利的服务举措，完善服务供给机制，搭建质量技术服务平台，帮助广大企业解决质量难题，让广大企业在质量服务的呵护下&lsquo;长得快&rsquo;&lsquo;长得好&rsquo;。&rdquo;</span></span></p>\r\n\r\n<p style=\"text-align:justify\"><span style=\"font-family:courier new,courier,monospace\"><span style=\"font-size:18px\">据介绍，该协会开创了第三方质量专业机构和质量检验行业组织引导质量消费的新模式，靠数据服务企业。创新推广的全国&ldquo;质量月&rdquo;质量诚信溯源和防伪标识，更为企业提供物流追溯、营销互动、会员积分、数据统计、决策分析等综合服务，架起了企业和消费者之间质量共治和质量诚信的新桥梁。</span></span></p>\r\n\r\n<p style=\"text-align:justify\"><span style=\"font-family:courier new,courier,monospace\"><span style=\"font-size:18px\">中国质量检验协会会员工作部主任刘辉说，在2016年全国&ldquo;质量月&rdquo;活动中组织开展的&ldquo;企业质量诚信倡议&rdquo;专题活动中，既不忘初心，又进一步切实创新加强服务工作的针对性和有效性，向广大企业专项提供独具质检特色的有效增值服务，持续组织开展近3年全国质量检验稳定合格产品调查汇总汇编工作，传递质检信任，引导质量消费，助力&ldquo;中国制造&rdquo;品牌提升。</span></span></p>\r\n</body>\r\n</html>\r\n', '2017-03-17 17:42:31', '7c7231babe259fa5f4d09e1b4e05d170', '19', '98', 'InUse', '传承工匠精神 创新质量供给', null, 'admin', '2', '2017-05-25 11:51:26');
INSERT INTO `cms_chapter` VALUES ('878', '<html>\r\n<head>\r\n	<title></title>\r\n</head>\r\n<body>\r\n<p style=\"text-align:center\"><span style=\"font-family:courier new,courier,monospace\"><span style=\"font-size:20px\">匠心筑梦中国质量新时代</span></span></p>\r\n\r\n<p style=\"text-align:center\"><span style=\"font-family:courier new,courier,monospace\"><span style=\"font-size:20px\">&mdash;&mdash;2016年全国&ldquo;质量月&rdquo;企业质量诚信倡议专题活动纪实</span></span></p>\r\n\r\n<p style=\"text-align:justify\"><span style=\"font-family:courier new,courier,monospace\"><span style=\"font-size:18px\">金秋九月结硕果，丹桂飘香传佳音。国家质检总局联合中共中央宣传部、国家发改委等42个相关部门、行业协会等单位共同举办的以&ldquo;提升供给质量，建设质量强国&rdquo;为主题的2016年全国&ldquo;质量月&rdquo;活动正蓬勃开展。</span></span></p>\r\n\r\n<p style=\"text-align:justify\"><span style=\"font-family:courier new,courier,monospace\"><span style=\"font-size:18px\">十多年来，中国质量检验协会始终积极响应全国&ldquo;质量月&rdquo;活动的号召，自2004年开始在国家质检总局等主办单位统一部署下持续组织开展的&ldquo;企业质量诚信倡议&rdquo;专题活动，更是近几年全国&ldquo;质量月&rdquo;活动中的重中之重。</span></span></p>\r\n\r\n<p style=\"text-align:justify\"><span style=\"font-family:courier new,courier,monospace\"><span style=\"font-size:18px\">不忘初心，继续前进，是习近平总书记向全国各族人民发出的庄严号令。不忘初心，继续前进，也是中国质量检验协会作为质量检验行业组织和质量专业社团机构的坚定信念和自觉行动。</span></span></p>\r\n\r\n<p style=\"text-align:justify\"><span style=\"font-family:courier new,courier,monospace\"><span style=\"font-size:18px\">日前，中国质量检验协会再次携手千余家有社会责任感、讲诚信、重质量的质量诚信标杆典型企业，以&ldquo;大力弘扬工匠精神，持续推动质量提升&rdquo;为主题，组织开展2016年全国&ldquo;质量月&rdquo;企业质量诚信倡议专题活动，共同向全社会发出企业界铿锵有力的质量诚信倡议，奏响了质量宣传的最强音，咏唱着&ldquo;质量时代&rdquo;的主旋律，将今年的全国&ldquo;质量月&rdquo;活动推向了新的高潮。</span></span></p>\r\n\r\n<p style=\"text-align:justify\"><span style=\"font-family:courier new,courier,monospace\"><span style=\"font-size:18px\">着力质量引领　助力质量发展</span></span></p>\r\n\r\n<p style=\"text-align:justify\"><span style=\"font-family:courier new,courier,monospace\"><span style=\"font-size:18px\">中国质量检验协会副会长兼秘书长柯振权在接受记者采访时说，在2016年全国&ldquo;质量月&rdquo;活动中再次组织广大企业共同开展&ldquo;企业质量诚信倡议&rdquo;活动，不仅充分发挥了质量诚信优秀典型企业的标杆引领作用，带动和引导上下游、同行业企业等树立中国制造、中国工程、中国服务的良好品牌形象，还可持续推动各行业整体技术升级、品质进步和结构调整，提升质量供给，增强质量竞争力。</span></span></p>\r\n\r\n<p style=\"text-align:justify\"><span style=\"font-family:courier new,courier,monospace\"><span style=\"font-size:18px\">柯振权表示，&ldquo;积力之举无不胜，众智之为无不胜&rdquo;应该是对中国质量检验协会这些年来在质量领域取得丰硕成果最好的诠释，也是作为质量检验行业组织多年来对&ldquo;推动质量社会共治，共建共享质量强国&rdquo;坚持不懈的实践和始终不渝的追求。</span></span></p>\r\n\r\n<p style=\"text-align:justify\"><span style=\"font-family:courier new,courier,monospace\"><span style=\"font-size:18px\">柯振权强调，通过对质量标杆典型企业的大力宣传，不仅可以展示我国质量诚信标杆典型企业的良好形象，而且能够督促广大企业切实履行质量安全主体责任，推动广大企业牢固树立质量是企业生命的经营理念，进一步推动广大企业自觉加强&ldquo;质量第一，诚信为本&rdquo;的质量诚信文化建设，督促企业牢固树立&ldquo;重质量，讲诚信&rdquo;的经营理念，在全社会努力营造政府重视质量、企业追求质量、人人关注质量的浓厚氛围，大力实施质量强国战略，把经济社会发展推向&ldquo;质量时代&rdquo;。</span></span></p>\r\n\r\n<p style=\"text-align:justify\"><strong><span style=\"font-size:20px\"><span style=\"font-family:courier new,courier,monospace\">弘扬工匠精神　推进质量提升</span></span></strong></p>\r\n\r\n<p style=\"text-align:justify\"><span style=\"font-family:courier new,courier,monospace\"><span style=\"font-size:18px\">质量是经济社会发展的重大战略性问题。近些年世界经济形势发展变化的历程，正在逐渐证实质量大师朱兰的著名论断&ldquo;21世纪是质量世纪&rdquo;。始终按照党中央、国务院的决策部署，推进质量强国建设，既是经济发展的逻辑，也是我们国家面对历史和未来的必然选择，只有把提升质量作为推动供需结构升级的重要抓手，在全社会大力弘扬工匠精神，推动全社会着力在质量提升上下功夫，以质量提升对冲速度的放缓，着力推进质量供给侧结构性改革，坚持以创新驱动创造新供给、提升供给能力，坚持以质量引领扩大有效供给，提高供给体系质量和效率，才能更好地适应引领经济发展新常态，进一步推动有质量的稳定增长、可持续的全面发展。</span></span></p>\r\n\r\n<p style=\"text-align:justify\"><span style=\"font-family:courier new,courier,monospace\"><span style=\"font-size:18px\">今年两会以来，工匠精神已成为全社会广泛关注的热点话题，它切中社会时弊、符合时代需要。习近平总书记指出，供给侧结构性改革，重点是解放和发展社会生产力，用改革的办法推进结构性调整，扩大有效和中高端供给。李克强总理也明确要求，要弘扬工匠精神，追求精益求精，生产更多有创意、品质优、受群众欢迎的产品。</span></span></p>\r\n\r\n<p style=\"text-align:justify\"><span style=\"font-family:courier new,courier,monospace\"><span style=\"font-size:18px\">&ldquo;工匠精神坚守的是质量第一，追求的是精益求精，彰显的是持之以恒。我们要认真学习贯彻习近平总书记关于质量强国建设的新理念新思想新战略，认真落实李克强总理关于工匠精神和相关重要指示，不忘初心，继续前进，做好新时期党旗下的质量人，大力培育工匠精神，推动供给侧结构性改革，提升供给质量，建设质量强国，为实现中华民族伟大复兴的中国梦而不懈努力。&rdquo;中国质量检验协会副会长、中检协联合（北京）质量检验研究中心主任张明在接受记者采访时表示。</span></span></p>\r\n\r\n<p style=\"text-align:justify\"><span style=\"font-family:courier new,courier,monospace\"><span style=\"font-size:18px\">在中国质量检验协会会长助理、企业工作部主任王剑看来，&ldquo;工匠精神，是生产、设计者在技艺和流程上精益求精，追求完美和极致，以质量和品质赢得行业领先和消费者信赖的精神。工匠精神体现了一种踏实专注的气质，在如切如磋、如琢如磨的钻劲背后，是对质量诚信和品牌品质的敬畏之心。我们多年来一直努力为广大企业搭建好质量服务平台，充分激发企业质量提升内生动力，倡导工匠精神，推广精益制造，加快培育标准创新型企业，促进&lsquo;中国制造&rsquo;全产业链升级。&rdquo;</span></span></p>\r\n\r\n<p style=\"text-align:justify\"><span style=\"font-family:courier new,courier,monospace\"><span style=\"font-size:18px\">据了解，中国质量检验协会多年来始终都是在本着工匠精神之心在践行建设质量强国的意志。企业质量诚信倡议专题活动至今已经迎来13个年头，因为具有政府主管部门重视、形式新颖、主题鲜明、内容丰富、成效显著、组织发动深入、企业参与积极、社会各界互动性强、媒体舆论报道广泛等特点，在全社会营造了人人关心质量、重视质量、创造质量、享受质量的良好氛围，已经成为全国&ldquo;质量月&rdquo;活动中具有重要影响的主要活动之一。</span></span></p>\r\n\r\n<p style=\"text-align:justify\"><span style=\"font-family:courier new,courier,monospace\"><span style=\"font-size:18px\">&ldquo;数千家企业在这十多年来参与到这一接地气连民心的质量诚信倡议活动中来，为推进质量强国建设做出了应有的贡献。比数量更令人赞赏的是广大企业质量诚信意识的提升，企业创新质量发展的提升。我们通过十余年的努力，追求质量诚信、弘扬工匠精神正在并将持续渗透在各个行业，让工匠精神在精细的工作中出彩，为质量强国建设出力。&rdquo;王剑作为一直致力于推动质量强国建设的质量工作者对此深有感悟。</span></span></p>\r\n\r\n<p style=\"text-align:justify\"><span style=\"font-family:courier new,courier,monospace\"><span style=\"font-size:18px\">王剑介绍，在2016年全国&ldquo;质量月&rdquo;活动的部署中，主办单位不仅在《质检总局等关于开展2016年全国&ldquo;质量月&rdquo;活动的通知》中明确部署了&ldquo;中国质量检验协会继续组织开展&lsquo;企业质量诚信倡议&rsquo;专题活动，组织开展质量诚信溯源和防伪标识应用服务专项推广活动，传递质检信任，引导质量消费，助力&lsquo;中国制造&rsquo;品牌提升&rdquo;。还将中国质量检验协会的工作宗旨&ldquo;质量检验，客观公正，服务企业，引导消费&rdquo;和体现其工作价值的&ldquo;传递质检信任，引导质量消费&rdquo;以及2016年全国&ldquo;质量月&rdquo;企业质量诚信倡议专题活动的主题&ldquo;大力弘扬工匠精神，持续推动质量提升&rdquo;列为&ldquo;2016年全国&lsquo;质量月&rsquo;活动口号&rdquo;，这也充分体现了质量专业组织在全国&ldquo;质量月&rdquo;活动中不可或缺的重要作用。</span></span></p>\r\n\r\n<p style=\"text-align:justify\"><span style=\"font-family:courier new,courier,monospace\"><span style=\"font-size:18px\">中国工程院院士、中国质量检验协会副理事长庞国芳向记者指出，&ldquo;大力弘扬工匠精神，持续推动质量提升&rdquo;作为企业质量诚信倡议活动主题，旨在提醒我们必须秉承工匠精神，在品种、品质、品牌等方面深入挖掘，有效解决质量稳定性、精度保持性、消费安全性等问题，真正满足用户对品种多样化、品质高端化、生产定制化的需求，持续提升中国制造的基础能力与核心竞争力，让工匠精神成为推进中国制造&ldquo;品质革命&rdquo;的精神动力和力量源泉。</span></span></p>\r\n\r\n<p style=\"text-align:justify\"><span style=\"font-family:courier new,courier,monospace\"><span style=\"font-size:18px\">&ldquo;中国质量检验协会坚持推动质量诚信建设，连续多年携手企业界向社会发出质量诚信的最强音，这本身也体现了质量专业社团组织工作中的&lsquo;工匠精神&rsquo;，希望社会各界都能弘扬工匠精神，持续推动提升产品和服务质量，促进中国经济迈向中高端。&rdquo;中国质量检验协会常务理事、北京理工大学教授郎志正也对中国质量检验协会的工作给予了客观公正的评价。</span></span></p>\r\n\r\n<p><span style=\"font-size:20px\"><span style=\"font-family:courier new,courier,monospace\"><strong>凝聚&ldquo;匠心&rdquo;　为中国制造&ldquo;补钙&rdquo;</strong></span></span></p>\r\n\r\n<p style=\"text-align:justify\"><span style=\"font-family:courier new,courier,monospace\"><span style=\"font-size:18px\">当前，我国经济正摆脱低端竞争格局，中国制造正在向中高端迈进。然而不容忽视的是，环视我们的周围，追求&ldquo;短、平、快&rdquo;带来的即时利益，忽略产品的品质，仍是某些领域心浮气躁的表征，其实质反映在制造业则致使产品质量很多是粗制滥造，随之而来的恶果就是连国内消费者都不买账。据统计，我国游客在境外抢购马桶盖、电饭锅、奶粉等生活日用品的热潮一浪高过一浪，去年有600万出境过年的中国游客竟&ldquo;刷出&rdquo;境外消费900亿元人民币。</span></span></p>\r\n\r\n<p style=\"text-align:justify\"><span style=\"font-family:courier new,courier,monospace\"><span style=\"font-size:18px\">中国工程院院士、中国质量检验协会副理事长钟群鹏在接受记者采访时说:&ldquo;令人咋舌的数字背后是一个关于供给侧结构性改革的命题，反映的是国人对消费品的需求发生了变化，居民消费需求正在转变、升级，对高品质消费品需求增加。解决的办法就是实施质量供给侧改革，提高质量供给，缩小乃至消除内外销产品质量差距，提振国内百姓的消费信心。以消费端需求升级倒逼企业提质增效、转型升级，从而促进我国整体质量水平的提升。&rdquo;</span></span></p>\r\n\r\n<p style=\"text-align:justify\"><span style=\"font-family:courier new,courier,monospace\"><span style=\"font-size:18px\">&ldquo;工匠精神出现在今年的政府工作报告中，让人精神为之一振，工匠精神正是中国制造亟待补上的&lsquo;精神之钙&rsquo;。质量社团组织应该致力于为企业提供专业的质量及技术服务，引导鼓励企业开展个性化定制、柔性化生产，培育精益求精的工匠精神，增品种、提品质、创品牌。&rdquo;中国质量检验协会常务理事、山东大学教授温德成向记者进行了如是阐述。</span></span></p>\r\n\r\n<p style=\"text-align:justify\"><span style=\"font-family:courier new,courier,monospace\"><span style=\"font-size:18px\">&ldquo;我们要让每一项产品、每一项技术、每一个工艺都凝聚&lsquo;匠心&rsquo;，让工匠精神成为优质产品之&lsquo;魂&rsquo;。我国要成为真正的&lsquo;匠人之国&rsquo;、&lsquo;匠心之国&rsquo;，需要将工匠精神与供给侧结构性改革结合起来，与建设制造强国和经济强国结合起来，与大众创业和万众创新结合起来。&rdquo;中国质量检验协会特邀副会长、名臣健康股份有限公司董事长陈勤发以企业多年的实践诠释着对工匠精神的深刻认知。</span></span></p>\r\n\r\n<p style=\"text-align:justify\"><span style=\"font-family:courier new,courier,monospace\"><span style=\"font-size:18px\">中国质量检验协会特邀副会长、慕思首席文化官邱浩洋向记者表示，培育新时期工匠精神是一个系统工程。企业界要按照党中央、国务院决策部署，紧紧围绕制造强国战略，加大供给侧结构性改革力度，厚植工匠精神孕育生长的制度土壤，使工匠精神真正成为制造强国建设的价值内核与动力源泉，持续推动中国制造向中国创造、中国速度向中国质量、中国产品向中国品牌转变。</span></span></p>\r\n\r\n<p><strong><span style=\"font-family:courier new,courier,monospace\"><span style=\"font-size:20px\">互联网+质量　激发企业发展新活力</span></span></strong></p>\r\n\r\n<p style=\"text-align:justify\"><span style=\"font-size:18px\"><span style=\"font-family:courier new,courier,monospace\">&ldquo;工匠精神落地生根，离不开有利于制造业发展的质量环境。要加快推进供给侧结构性改革，让&lsquo;互联网+&rsquo;为质量诚信体系建设插上翅膀，实施更加精准的服务引导各行业推进质量供给。&rdquo;对&ldquo;互联网+质量&rdquo;有着精准认识的中国质量检验协会防伪溯源物流管理服务中心主任王群向记者表示，&ldquo;我们要积极发挥质检优势，打好&lsquo;技术牌&rsquo;，念好&lsquo;服务经&rsquo;，充分运用信息化手段，实施&lsquo;互联网+质量&rsquo;行动计划，因时应势推出更便利的服务举措，完善服务供给机制，搭建质量技术服务平台，帮助广大企业解决质量难题，让广大企业在质量服务的呵护下&lsquo;长得快&rsquo;、&lsquo;长得好&rsquo;。&rdquo;</span></span></p>\r\n\r\n<p style=\"text-align:justify\"><span style=\"font-size:18px\"><span style=\"font-family:courier new,courier,monospace\">王群介绍，中国质量检验协会在&ldquo;互联网+&rdquo;的时代大潮下，始终不忘初心，砥砺创新前行。&ldquo;&lsquo;凭技术服务，靠数据说话&rsquo;是我们作为质量检验行业组织日常工作的方法论，我们开创了第三方质量专业机构引导质量消费的新模式。我们创新推广的全国&lsquo;质量月&rsquo;质量诚信溯源和防伪标识，更为企业提供物流追溯、营销互动、会员积分、数据统计、决策分析等综合服务，架起了企业和消费者之间质量共治和质量诚信的新桥梁。&rdquo;</span></span></p>\r\n\r\n<p style=\"text-align:justify\"><span style=\"font-size:18px\"><span style=\"font-family:courier new,courier,monospace\">据了解，按照2016年全国&ldquo;质量月&rdquo;活动主办单位对&ldquo;组织开展质量诚信溯源和防伪标识应用服务专项推广活动&rdquo;的部署，中国质量检验协会充分运用大数据先进理念、技术和资源，创新服务工作思维，以&ldquo;互联网+质量&rdquo;的相关服务方式向广大质量优秀企业专项推广应用全国&ldquo;质量月&rdquo;活动和&ldquo;全国质检稳定合格产品&rdquo;的&ldquo;质量诚信溯源验证&rdquo;和&ldquo;产品防伪真假鉴别&rdquo;标识，集电话电码防伪查询、二维码在线扫描、微信验证、短信查询等多种功能于一体，方便实现产品质量追溯、防伪查询和质量诚信验证及企业质量状况与消费者之间的互联互通与互动分享，务实帮助企业赢得消费者的信任和认可，切实加强消费者安心消费、放心消费的信心，全面助力企业质量品牌提升提供支撑和服务，切实提升供给质量，创造高质量的优质生活，共筑质量强国建设中国梦。</span></span></p>\r\n\r\n<p style=\"text-align:justify\"><span style=\"font-size:18px\"><span style=\"font-family:courier new,courier,monospace\">中国质量检验协会特邀副会长、我国火锅底料行业&ldquo;老大&rdquo;重庆红九九食品有限公司董事长黄万明在接受记者采访时说，质量诚信建设走过了不同的历史阶段，在互联网+时代，无论是倡导工匠精神还是使用&ldquo;质量诚信溯源验证&rdquo;和&ldquo;产品防伪真假鉴别&rdquo;标识等大数据系统，都有助于企业竞争力的提升，有助于工匠精神的精准落地，都能传递质量信任、引导质量消费，助力企业品牌赢得广大消费者更多的信任。</span></span></p>\r\n\r\n<p style=\"text-align:justify\"><span style=\"font-size:18px\"><span style=\"font-family:courier new,courier,monospace\">黄万明表示，虽然质量问题关系到每一个社会成员、每一个消费者，但企业首先应该承担质量主体责任。打造标准、铸造品牌、形成口碑，关键因素在于企业主要责任人的社会责任意识或说是&ldquo;良心&rdquo;。&ldquo;红九九&rdquo;品牌之所以能在20年来做到火锅底料行业&ldquo;专业&rdquo;&ldquo;正宗&rdquo;&ldquo;安全&rdquo;&ldquo;品质&rdquo;的代名词，靠的就是确保质量安全的&ldquo;良心&rdquo;和满足广大消费者高品质生活需要的&ldquo;责任心&rdquo;。</span></span></p>\r\n\r\n<p style=\"text-align:justify\"><span style=\"font-size:18px\"><span style=\"font-family:courier new,courier,monospace\">陈勤发作为我国民族日化行业领导品牌&ldquo;蒂花之秀&rdquo;的奠基者和开拓者，因为他引领的名臣健康股份有限公司的主要产品均已应用中国质量检验协会的防伪溯源和物流管理标识，深有感触地向记者表示，&ldquo;中国质量检验协会工作人员精益求精的职业素养为我们企业树立了质量工作的标杆，同时他们通过互联网+的技术手段，也能为我们企业&lsquo;保驾护航&rsquo;，使得企业不仅能够让消费者放心买到正品，还可推广品牌形象。&rdquo;</span></span></p>\r\n\r\n<p style=\"text-align:justify\"><span style=\"font-size:18px\"><span style=\"font-family:courier new,courier,monospace\">我国知名家居高端品牌美克美家对中国质量检验协会应用互联网思维开创质量控制新模式的思路也表示了高度赞赏。中国质量检验协会特邀副会长单位美克国际家居用品股份有限公司的质量总监韩秀杰告诉记者，互联网时代，质量标准是用户定义的，以溯源体系为基础，整合了产品品质展示、用户互动社群等多个扩展功能，对于制造业企业更加具有实用性。</span></span></p>\r\n\r\n<p style=\"text-align:justify\"><span style=\"font-size:18px\"><span style=\"font-family:courier new,courier,monospace\">中国质量检验协会会员工作部主任刘辉在接受记者采访时说，在2016年全国&ldquo;质量月&rdquo;企业质量诚信倡议专题活动的服务工作中，进一步切实创新加强了服务工作的针对性和有效性，充分结合质检领域质量专业社团组织的职能特点，向广大企业专项提供独具质检特色的有效增值服务，不但将近3年全国质量检验稳定合格产品调查汇总汇编融入到服务工作中，而且还通过广泛的舆论传播向广大企业传递了质量发展的价值导向和正能量。</span></span></p>\r\n\r\n<p><strong><span style=\"font-family:courier new,courier,monospace\"><span style=\"font-size:20px\">肩负使命　塑造&ldquo;中国质量&rdquo;新形象</span></span></strong></p>\r\n\r\n<p style=\"text-align:justify\"><span style=\"font-family:courier new,courier,monospace\"><span style=\"font-size:18px\">中国质量检验协会官方网站中国质量网总编赵剑波作为全国&ldquo;质量月&rdquo;活动近20年的见证者，特别向记者表示，质量始终是党中央和国务院关注的重大问题，追求质量是发展的永恒主题，提升质量是光荣的历史使命，宣传质量、唱响中国质量声音不仅可以唤起人们对质量的更大关注，而且能够激发人们对追求质量的更大热情，更是将引导人们积极投身质量强国建设。中国质量网通过与中国经济网、中国消费网等新媒体的全方位协作，对广大企业的质量诚信倡议进行宣介，就是为了营造建设质量强国的浓厚氛围，让追求卓越、崇尚质量成为全社会、全民族的价值导向和时代精神。</span></span></p>\r\n\r\n<p style=\"text-align:justify\"><span style=\"font-family:courier new,courier,monospace\"><span style=\"font-size:18px\">&ldquo;尽管这个时代有喧嚣有浮躁，但在提倡弘扬工匠精神的当下，中国不缺精益求精的工匠，他们兢兢业业地打造着中国质量；中国不乏重视质量的企业，他们也在以工匠之精神塑造着中国品牌。他们是质量强国时代的中坚。大力实施质量强国战略，点亮大国工匠精神，让工匠精神渗透到各行各业的肌理是我们的使命担当。工匠精神，无从计量，却可感知。工匠精神随处可见，这是国人之所盼，更是质量强国之未来。&rdquo;张明作为全国&ldquo;质量月&rdquo;企业质量诚信倡议专题活动发起人，在接受记者采访时对我国质量发展的未来特别充满信心。</span></span></p>\r\n\r\n<p style=\"text-align:justify\"><span style=\"font-family:courier new,courier,monospace\"><span style=\"font-size:18px\">站在&ldquo;十三五&rdquo;的新起点上，质量强国战略催人奋进。肩负着光荣使命的中国质量人将自觉把思想和行动统一到党中央、国务院关于质量工作的决策部署上来，以习近平总书记、李克强总理关于质量发展的重要指示精神为基本遵循，从战略上谋划质量、部署质量，在实践中改进质量、提升质量，向着产业强国、经济强国、质量强国的目标砥砺奋进，不断谱写新的辉煌篇章！（记者 苏兰）</span></span></p>\r\n</body>\r\n</html>\r\n', '2017-03-17 17:46:11', 'f9ef10843473b244a6a1872f9cab163b', '11', '57', 'InUse', '匠心筑梦中国质量新时代', null, 'admin', '2', '2017-05-25 11:48:03');
INSERT INTO `cms_chapter` VALUES ('879', '<html>\r\n<head>\r\n	<title></title>\r\n</head>\r\n<body>\r\n<p style=\"text-align:justify\"><span style=\"font-size:18px\"><span style=\"font-family:courier new,courier,monospace\">中国消费者报&middot;中国消费网讯&nbsp;全国&ldquo;质量月&rdquo;活动是我国长期开展的一项重大质量活动。我国&ldquo;质量月&rdquo;活动是在政府部门的倡导和部署下，发动全社会尤其是广大企业积极参与，旨在动员全社会增强质量意识，积极参与质量强国建设事业，努力营造政府重视质量、企业追求质量、社会崇尚质量、人人关注质量的浓厚社会氛围，促进社会质量共治、推进建设质量强国、提升国家质量竞争力的群众性质量主题活动。</span></span></p>\r\n\r\n<p style=\"text-align:justify\"><span style=\"font-size:18px\"><span style=\"font-family:courier new,courier,monospace\">世界上第一个全国&ldquo;质量月&rdquo;活动起源于日本，于1960年11月举行了第一次&ldquo;质量月&rdquo;活动；1988年10月，美国也开始了一年一度的全国&ldquo;质量月&rdquo;活动。</span></span></p>\r\n\r\n<p style=\"text-align:justify\"><span style=\"font-size:18px\"><span style=\"font-family:courier new,courier,monospace\">我国的全国&ldquo;质量月&rdquo;活动始于1978年。当时正值十年浩劫后，我国国民经济处于开始恢复的初期，许多企业生产效率低、质量问题严重。为此，原国家经贸委于1978年6月24日向全国发出了关于开展&ldquo;质量月&rdquo;活动的通知，决定于当年9月份在全国工交战线开展&ldquo;质量月&rdquo;活动，大张旗鼓地宣传&ldquo;质量第一&rdquo;的思想，树立&ldquo;生产优质品光荣、生产劣质品可耻&rdquo;的社会风尚。</span></span></p>\r\n\r\n<p style=\"text-align:justify\"><span style=\"font-size:18px\"><span style=\"font-family:courier new,courier,monospace\">为搞好第一次全国&ldquo;质量月&rdquo;活动，原国家经贸委于1978年8月31日在全国政协礼堂召开了全国&ldquo;质量月&rdquo;活动广播电视动员大会，由原国务院副总理代表国务院作动员讲话，出席会议的有李先念、余秋里、方毅、陈慕华、王震、谷牧、康世恩等7位时任国务院副总理。动员大会召开后，由原国家经贸委主任及副主任带队、国务院各工业部门的领导参加，分头到全国各地检查产品质量。&ldquo;质量月&rdquo;活动期间，不仅有厂长、局长，而且还有部长亲自&ldquo;站柜台&rdquo;，听取用户及消费者对产品质量的意见，把有质量问题的产品亲自带回去研究解决，这在当时叫做&ldquo;背废品&rdquo;。</span></span></p>\r\n\r\n<p style=\"text-align:justify\"><span style=\"font-size:18px\"><span style=\"font-family:courier new,courier,monospace\">1978年至1984年，全国&ldquo;质量月&rdquo;活动连续开展了7届，内容一次比一次丰富，规模也一次比一次大；从1979年开始，在全国&ldquo;质量月&rdquo;活动期间，还颁发国家产品质量奖。1985年，鉴于&ldquo;质量月&rdquo;活动的各项内容已基本形成广大企业的自觉行动，国家为了避免在一年里设置过多的专题活动月，停止了&ldquo;质量月&rdquo;活动在全国范围内的统一部署，但&ldquo;质量月&rdquo;活动的相关内容仍然在全国范围内开展。</span></span></p>\r\n\r\n<p style=\"text-align:justify\"><span style=\"font-size:18px\"><span style=\"font-family:courier new,courier,monospace\">随着我国经济体制由计划经济逐步向社会主义市场经济过渡，全社会对质量工作也提出了更高的要求。1996年12月，国务院颁布了《质量振兴纲要(1996年-2010年)》，明确提出要继续开展全国&ldquo;质量月&rdquo;活动。因此，从1997年开始，我国又正式恢复了一年一度&ldquo;质量月&rdquo;活动在全国范围内的统一部署。</span></span></p>\r\n\r\n<p style=\"text-align:justify\"><span style=\"font-size:18px\"><span style=\"font-family:courier new,courier,monospace\">1997年至2010年，为搞好每年的全国&ldquo;质量月&rdquo;活动，原国家质量技术监督局（2001年，国家质量技术监督局和国家出入境检验检疫局合并成立国家质量监督检验检疫总局，简称为国家质检总局）、中共中央宣传部、原国家经贸委、中华全国总工会、共青团中央等有关部门每年都联合发出在全国开展&ldquo;质量月&rdquo;活动的通知，提出当年的全国&ldquo;质量月&rdquo;活动主题，部署当年的全国&ldquo;质量月&rdquo;重点活动，召开主题大会、开展大规模咨询服务活动、组织宣讲《质量振兴纲要》、拍摄质量月主题公益电视广告、举办质量知识竞赛、组织开展&ldquo;五查一访&rdquo;、表彰质量管理企业、专项监督检查及打假活动、表彰名牌产品、宣传展示名牌战略成果等。</span></span></p>\r\n\r\n<p style=\"text-align:justify\"><span style=\"font-size:18px\"><span style=\"font-family:courier new,courier,monospace\">全国&ldquo;质量月&rdquo;活动的实践证明，每年集中一段时间、确定一个主题，围绕实现国民经济发展目标，动员和组织社会各方面力量，采取多种形式，有针对性地开展&ldquo;质量月&rdquo;活动，对提高全民质量意识，推动质量振兴和质量发展事业，促进国民经济健康发展，有着重要的意义。</span></span></p>\r\n\r\n<p style=\"text-align:justify\"><span style=\"font-size:18px\"><span style=\"font-family:courier new,courier,monospace\">通过多年的努力，全国&ldquo;质量月&rdquo;活动逐步形成了自身的特点和发展趋势。&ldquo;质量月&rdquo;活动不需要很大投入，却可产生推进质量振兴、质量发展的重大社会效益，因此有越来越多的企业积极主动地参与和开展&ldquo;质量月&rdquo;活动，这表明政府重视质量、企业追求质量、社会崇尚质量、人人关心质量的良好社会氛围逐渐增强。</span></span></p>\r\n\r\n<p style=\"text-align:justify\"><span style=\"font-size:18px\"><span style=\"font-family:courier new,courier,monospace\">2012年2月，国务院颁布的《质量发展纲要(2011-2020年)》明确规定：深入开展全国&ldquo;质量月&rdquo;等形式多样、内容丰富的群众性质量活动，充分发挥新闻媒体质量舆论宣传的渠道作用；严格企业质量主体责任；发挥优势企业引领作用，带动提升整体质量水平；推动企业履行社会责任，强化以确保质量安全、促进可持续发展为基本要求的企业社会责任理念，鼓励企业发布社会责任报告，强化诚信自律，践行质量承诺，树立对社会负责任的良好形象；推进质量诚信体系建设；优化质量发展环境，充分发挥中介组织在质量发展中的桥梁和纽带作用。</span></span></p>\r\n\r\n<p style=\"text-align:justify\"><span style=\"font-size:18px\"><span style=\"font-family:courier new,courier,monospace\">2014年6月，国务院颁布的《社会信用体系建设规划纲要(2014-2020年)》也明确要求：有步骤、有重点地组织开展&ldquo;质量月&rdquo;&ldquo;3&middot;15国际消费者权益日&rdquo;等公益活动，突出诚信主题，营造诚信和谐的社会氛围，深入推进诚信建设，加大诚信企业示范宣传力度，树立诚信典型，深入开展诚信主题活动。</span></span></p>\r\n\r\n<p style=\"text-align:justify\"><span style=\"font-size:18px\"><span style=\"font-family:courier new,courier,monospace\">2016年，为深入贯彻实施《质量发展纲要(2011-2020年)》，按照党中央&ldquo;着力加强供给侧结构性改革，着力提高供给体系质量和效率&rdquo;的要求和国务院办公厅《贯彻实施质量发展纲要2016年行动计划》(国办发〔2016〕18号)的部署，深入开展群众性质量活动，促进社会质量共治，推进建设质量强国，国家质检总局联合中共中央宣传部、国家发展和改革委员会、教育部、科学技术部、工业和信息化部、公安部、人力资源和社会保障部、环境保护部、住房和城乡建设部、交通运输部、水利部、农业部、商务部、国家卫生和计划生育委员会、中国人民银行、国务院国有资产监督管理委员会、海关总署、国家工商行政管理总局、国家新闻出版广电总局、国家食品药品监督管理总局、国家统计局、国家林业局、国家知识产权局、国家旅游局、中国银行业监督管理委员会、中国保险监督管理委员会、国家粮食局、国家国防科技工业局、国家海洋局、国家铁路局、中华全国供销合作总社、中央军委装备发展部、中华全国总工会、中国共产主义青年团中央委员会、中华全国妇女联合会、中华全国工商业联合会、中国国际贸易促进委员会、中国商业联合会、中国机械工业联合会、中国石油和化学工业联合会、中国纺织工业联合会等涵盖党委宣传部门、政府主管部门、军队、社会团体的42个相关部门、行业协会于2016年9月共同开展以&ldquo;提升供给质量，建设质量强国&rdquo;为主题的2016年全国&ldquo;质量月&rdquo;活动。</span></span></p>\r\n\r\n<p style=\"text-align:justify\"><span style=\"font-size:18px\"><span style=\"font-family:courier new,courier,monospace\">2016年全国&ldquo;质量月&rdquo;活动指导思想为：全面贯彻落实党的十八大和十八届三中、四中、五中全会精神，深入贯彻落实习近平总书记系列重要讲话精神，紧紧围绕创新、协调、绿色、开放、共享的发展理念，坚持改革创新，把提升质量作为推动供给侧结构性改革的重要举措，加快发展新经济、培育壮大新动能、改造提升传统动能。在全社会努力营造政府重视质量、企业追求质量、人人关注质量的浓厚氛围，让追求卓越、崇尚质量成为全社会、全民族的价值导向和时代精神，大力实施质量强国战略，把经济社会发展推向&ldquo;质量时代&rdquo;。</span></span></p>\r\n\r\n<p style=\"text-align:justify\"><span style=\"font-size:18px\"><span style=\"font-family:courier new,courier,monospace\">质量诚信是社会信用体系的重要基础，确保质量诚信是承担质量主体责任的企业应该履行的社会责任。中国质量检验协会作为国家质检总局主管下的质量检验行业组织和质量专业社团机构，自1997年起就开始积极参与全国&ldquo;质量月&rdquo;活动，并从2004年开始就连续多年成功组织承办了全国&ldquo;质量月&rdquo;活动中统一部署的&ldquo;企业质量诚信倡议&rdquo;专题活动。全国&ldquo;质量月&rdquo;企业质量诚信倡议活动因为具有政府主管部门重视、形式新颖、主题鲜明、内容丰富、成效显著、组织发动深入、企业参与积极、社会各界互动性强、媒体舆论报道广泛等特点，在全社会营造了人人关心质量、重视质量、创造质量、享受质量的良好氛围，已经成为全国&ldquo;质量月&rdquo;活动中具有重要影响的主要活动之一。</span></span></p>\r\n\r\n<p style=\"text-align:justify\"><span style=\"font-size:18px\"><span style=\"font-family:courier new,courier,monospace\">2016年，国家质检总局、中共中央宣传部、国家发改委、教育部等42个相关部门、行业协会和单位联合印发《质检总局等单位关于开展2016年全国&ldquo;质量月&rdquo;活动的通知》(国质检质联〔2016〕437号)，并在《2016年全国&ldquo;质量月&rdquo;主办单位开展的主要活动》中明确部署：中国质量检验协会继续组织开展&ldquo;企业质量诚信倡议&rdquo;专题活动，组织开展质量诚信溯源和防伪标识应用服务专项推广活动，传递质检信任，引导质量消费，助力&ldquo;中国制造&rdquo;品牌提升。同时，2016年全国&ldquo;质量月&rdquo;活动还将中国质量检验协会的工作宗旨&ldquo;质量检验 客观公正 服务企业 引导消费&rdquo;和中国质量检验协会工作价值&ldquo;传递质检信任 引导质量消费&rdquo;及2016年全国&ldquo;质量月&rdquo;企业质量诚信倡议专题活动的主题&ldquo;大力弘扬工匠精神，持续推动质量提升&rdquo;列为《2016年全国&ldquo;质量月&rdquo;活动口号》。</span></span></p>\r\n\r\n<p style=\"text-align:justify\"><span style=\"font-size:18px\"><span style=\"font-family:courier new,courier,monospace\">2016年全国&ldquo;质量月&rdquo;活动由国家质检总局联合中共中央宣传部、国家发改委、中央军委装备发展部、中华全国总工会、中国国际贸易促进委员会等涵盖党、政、军、群的42个相关部门和单位共同主办，其&ldquo;宣传价值&rdquo;可以得到社会各界的充分认可；中国质量检验协会作为国家质检总局主管下的质量检验行业组织和质量专业机构，持续坚持在全国质量监督检验检疫领域免费为广大企业义务提供相关咨询、协调的&ldquo;维护价值&rdquo;得到了广大企业长期的广泛认可；另外，中国质量检验协会遵循&ldquo;传递质检信任，引导质量消费&rdquo;的工作价值所提供的质量专业服务，不仅规范权威，而且与社会各界尤其是同广大消费者&ldquo;有价值交互&rdquo;的舆论传播也较为充分地体现了中国质量检验协会所具有的&ldquo;服务价值&rdquo;；同时，广大企业能够通过参与2016年全国&ldquo;质量月&rdquo;企业质量诚信倡议专题活动的机会，加深对中国质量检验协会的全面了解，进一步认可广大企业和中国质量检验协会之间不可或缺的&ldquo;联系价值&rdquo;。</span></span></p>\r\n\r\n<p style=\"text-align:justify\"><span style=\"font-size:18px\"><span style=\"font-family:courier new,courier,monospace\">中国质量检验协会在2016年全国&ldquo;质量月&rdquo;活动中组织开展的&ldquo;企业质量诚信倡议&rdquo;专题活动，进一步切实创新加强服务工作的针对性和有效性，充分结合作为质检领域质量专业社团组织的职能特点，向广大企业专项提供独具质检特色的有效增值服务，有效地协助企业赢得消费者(用户)更多的信任，助力广大企业在经济发展新常态中去进一步增强质量竞争能力并取得新的发展和成就。促进全社会共同携手努力去切实营造政府重视质量、企业追求质量、社会崇尚质量、人人关心质量的浓厚社会氛围，弘扬工匠精神，促进社会质量共治，提升供给质量，推进建设质量强国，把经济社会发展推向&ldquo;质量时代&rdquo;。</span></span></p>\r\n\r\n<p style=\"text-align:justify\"><span style=\"font-size:18px\"><span style=\"font-family:courier new,courier,monospace\">作者：中国质量检验协会副会长、中检协联合（北京）质量检验研究中心主任 张明</span></span></p>\r\n</body>\r\n</html>\r\n', '2017-03-17 17:47:14', '63db2d91914b39d2b2513994134b2fee', '12', '62', 'InUse', '建设质量强国——全国“质量月”活动的由来与回顾', null, 'admin', '2', '2017-05-25 11:48:11');
INSERT INTO `cms_chapter` VALUES ('880', '<html>\r\n<head>\r\n	<title></title>\r\n</head>\r\n<body>\r\n<p style=\"text-align:center\"><strong><span style=\"font-size:20px\"><span style=\"font-family:courier new,courier,monospace\">千家企业共倡议:传承工匠精神 创新质量供给</span></span></strong></p>\r\n\r\n<p style=\"text-align:center\"><strong><span style=\"font-size:20px\"><span style=\"font-family:courier new,courier,monospace\">&mdash;&mdash;中国质量检验协会开展2016年全国&ldquo;质量月&rdquo;质量诚信倡议活动</span></span></strong></p>\r\n\r\n<p><span style=\"font-family:courier new,courier,monospace\"><span style=\"font-size:18px\">中国经济网北京9月23日讯 (记者 苏兰) 金秋时节,硕果累累。质检总局联合中宣部、发改委、工信部等42个相关部门、行业协会等单位共同举办的以&ldquo;提升供给质量,建设质量强国&rdquo;为主题的2016年全国&ldquo;质量月&rdquo;活动正蓬勃开展,200多项活动在全国各地逐次展开。</span></span></p>\r\n\r\n<p><span style=\"font-family:courier new,courier,monospace\"><span style=\"font-size:18px\">中国质量检验协会在主办单位统一部署下组织开展的2016年全国&ldquo;质量月&rdquo;企业质量诚信倡议专题活动,再次携手千家质量诚信标杆典型企业共同发出企业界铿锵有力的质量诚信倡议,奏响了质量发展的最强音,咏唱着&ldquo;质量时代&rdquo;的主旋律。</span></span></p>\r\n\r\n<p><strong><span style=\"font-size:20px\">着力质量引领　增强供给水平</span></strong></p>\r\n\r\n<p><span style=\"font-family:courier new,courier,monospace\"><span style=\"font-size:18px\">中国质量检验协会秘书长柯振权在接受记者采访时说,再次在2016年全国&ldquo;质量月&rdquo;活动中开展企业质量诚信倡议专题活动,不仅充分发挥了质量诚信优秀典型企业的标杆引领作用,带动和引导上下游、同行业企业等树立中国制造、中国工程、中国服务的良好品牌形象,而且能够督促广大企业切实履行质量安全主体责任,推动广大企业牢固树立质量是企业生命的经营理念,进一步推动广大企业自觉加强&ldquo;质量第一,诚信为本&rdquo;的质量诚信文化建设,督促企业牢固树立&ldquo;重质量,讲诚信&rdquo;的经营理念,在全社会努力营造政府重视质量、企业追求质量、人人关心质量的浓厚氛围,让追求卓越、崇尚质量成为全社会、全民族的价值导向和时代精神。</span></span></p>\r\n\r\n<p><span style=\"font-family:courier new,courier,monospace\"><span style=\"font-size:18px\">柯振权表示,中国质量检验协会作为质量检验行业组织和质量专业社团机构,始终按照党中央、国务院的决策部署,着力推进质量供给侧结构性改革,坚持以创新驱动创造新供给、提升供给能力,坚持以质量引领扩大有效供给,提高供给体系质量和效率,更好地适应引领经济发展新常态,推动有质量的稳定增长、可持续的全面发展。</span></span></p>\r\n\r\n<p><span style=\"font-family:courier new,courier,monospace\"><span style=\"font-size:18px\">柯振权介绍,2016年全国&ldquo;质量月&rdquo;活动将中国质量检验协会的工作宗旨&ldquo;质量检验,客观公正,服务企业,引导消费&rdquo;和体现协会工作价值的&ldquo;传递质检信任,引导质量消费&rdquo;以及2016年全国&ldquo;质量月&rdquo;企业质量诚信倡议专题活动的主题&ldquo;大力弘扬工匠精神,持续推动质量提升&rdquo;列为&ldquo;2016年全国&lsquo;质量月&rsquo;活动口号&rdquo;,就充分体现了质量专业组织在&ldquo;质量月&rdquo;活动中不可或缺的重要作用。</span></span></p>\r\n\r\n<p><strong><span style=\"font-size:20px\"><span style=\"font-family:courier new,courier,monospace\">传承工匠精神　提升供给质量</span></span></strong></p>\r\n\r\n<p><span style=\"font-family:courier new,courier,monospace\"><span style=\"font-size:18px\">今年两会以来,工匠精神已成为全社会广泛关注的热点话题,它切中社会时弊、符合时代需要。质量是经济社会发展的重大战略性问题,只有把提升质量作为推动供需结构升级的重要抓手,在全社会大力弘扬工匠精神,推动全社会着力在质量提升上下功夫,以质量提升对冲速度的放缓,才能逐步把经济社会发展推向&ldquo;质量时代&rdquo;。</span></span></p>\r\n\r\n<p><span style=\"font-family:courier new,courier,monospace\"><span style=\"font-size:18px\">在中国质量检验协会会长助理、企业工作部主任王剑看来,&ldquo;工匠精神,是生产、设计者在技艺和流程上精益求精,追求完美和极致,以质量和品质赢得行业领先和消费者信赖的精神。工匠精神体现了一种踏实专注的气质,在如切如磋、如琢如磨的钻劲背后,是对质量诚信和品牌品质的敬畏之心。我们多年来一直努力为广大企业搭建好质量服务平台,充分激发企业质量提升内生动力,倡导工匠精神,推广精益制造,加快培育标准创新型企业,促进&lsquo;中国制造&rsquo;全产业链升级。&rdquo;</span></span></p>\r\n\r\n<p><span style=\"font-family:courier new,courier,monospace\"><span style=\"font-size:18px\">始于2004年开始开展的企业质量诚信倡议专题活动,至今已迎来了第13个年头,因为具有政府主管部门重视、形式新颖、主题鲜明、内容丰富、成效显著、组织发动深入、企业参与积极、社会各界互动性强、媒体舆论报道广泛等特点,在全社会营造了人人关心质量、重视质量、创造质量、享受质量的良好氛围,已经成为全国&ldquo;质量月&rdquo;活动中具有重要影响的主要活动之一。</span></span></p>\r\n\r\n<p><span style=\"font-family:courier new,courier,monospace\"><span style=\"font-size:18px\">&ldquo;数万家企业在这十多年来参与到这一接地气连民心的质量诚信倡议活动中来,为推进质量强国建设做出了应有的贡献。比数量更令人赞赏的是全国企业质量诚信意识的提升,企业创新质量的提升。我们通过十余年的努力,追求质量诚信,弘扬工匠精神正在并将持续渗透在各个行业,让工匠精神在精细的工作中出彩,为质量强国建设出力&hellip;&hellip;&rdquo;王剑对此深有感悟。</span></span></p>\r\n\r\n<p><span style=\"font-family:courier new,courier,monospace\"><span style=\"font-size:18px\">&ldquo;我们要让每一项产品、每一项技术、每一个工艺都凝聚&lsquo;匠心&rsquo;,让工匠精神成为优质产品之&lsquo;魂&rsquo;。我国要成为真正的&lsquo;匠人之国&rsquo;、&lsquo;匠心之国&rsquo;,需要将工匠精神与供给侧结构性改革结合起来,与建设制造强国和经济强国结合起来,与大众创业和万众创新结合起来。&rdquo;名臣健康股份有限公司董事长陈勤发以企业多年的实践诠释着对工匠精神的深刻认知。</span></span></p>\r\n\r\n<p><strong><span style=\"font-size:20px\"><span style=\"font-family:courier new,courier,monospace\">加速提质增效　助推转型升级</span></span></strong></p>\r\n\r\n<p><span style=\"font-family:courier new,courier,monospace\"><span style=\"font-size:18px\">中国工程院院士、中国质量检验协会副理事长钟群鹏向记者指出,&ldquo;近年来国人跨国购物、海淘等等境外消费产生令人咋舌的数字背后是一个关于供给侧结构性改革的命题,反映的是国人对消费品的需求发生了变化,居民消费需求正在转变、升级,对高品质消费品需求增加。解决的办法就是实施质量供给侧改革,提高质量供给,缩小乃至消除内外销产品质量差距,提振国内百姓的消费信心。以消费端需求升级倒逼企业提质增效、转型升级,从而促进我国整体质量水平的提升。&rdquo;</span></span></p>\r\n\r\n<p><span style=\"font-family:courier new,courier,monospace\"><span style=\"font-size:18px\">钟群鹏表示,我们要以&ldquo;工匠精神&rdquo;为引擎,加速提质增效,助推行业转型升级,助力企业在品种、品质、品牌等方面深入挖掘,有效解决质量稳定性、精度保持性、消费安全性等问题,真正满足用户对品种多样化、品质高端化、生产定制化的需求,持续提升中国制造的基础能力与核心竞争力。</span></span></p>\r\n\r\n<p><span style=\"font-size:20px\"><strong><span style=\"font-family:courier new,courier,monospace\">聚力创新驱动　建设质量强国</span></strong></span></p>\r\n\r\n<p><span style=\"font-family:courier new,courier,monospace\"><span style=\"font-size:18px\">创新水平决定供给能力。对&ldquo;互联网+质量&rdquo;有着精准认识的中国质量检验协会防伪溯源物流管理服务中心主任王群向记者表示,&ldquo;我们要积极发挥质检优势,打好&lsquo;技术牌&rsquo;,念好&lsquo;服务经&rsquo;,充分运用信息化手段,实施&lsquo;互联网+质检&rsquo;行动计划,因时应势推出更便利的服务举措,完善服务供给机制,搭建质量技术服务平台,帮助广大企业解决质量难题,让广大企业在质量服务的呵护下&lsquo;长得快&rsquo;、&lsquo;长得好&rsquo;。&rdquo;</span></span></p>\r\n\r\n<p><span style=\"font-family:courier new,courier,monospace\"><span style=\"font-size:18px\">王群介绍,&ldquo;凭技术服务,靠数据说话&rdquo;是我们协会日常工作的方法论。我们协会开创了第三方质量专业机构和质量检验行业组织引导质量消费的新模式,靠数据服务企业。我们创新推广的全国&ldquo;质量月&rdquo;质量诚信溯源和防伪标识,更为企业提供物流追溯、营销互动、会员积分、数据统计、决策分析等综合服务,架起了企业和消费者之间质量共治和质量诚信的新桥梁。</span></span></p>\r\n\r\n<p><span style=\"font-family:courier new,courier,monospace\"><span style=\"font-size:18px\">中国质量检验协会会员工作部主任刘辉在接受记者采访时说,在2016年全国&ldquo;质量月&rdquo;活动中组织开展的&ldquo;企业质量诚信倡议&rdquo;专题活动中,既不忘初心,又进一步切实创新加强服务工作的针对性和有效性,向广大企业专项提供独具质检特色的有效增值服务,持续组织开展近3年全国质量检验稳定合格产品调查汇总汇编工作,传递质检信任,引导质量消费,助力&ldquo;中国制造&rdquo;品牌提升。</span></span></p>\r\n\r\n<p><span style=\"font-family:courier new,courier,monospace\"><span style=\"font-size:18px\">在连续多年在全国&ldquo;质量月&rdquo;活动中参加企业质量诚信倡议专题活动的重庆红九九食品有限公司董事长黄万明看来,在&ldquo;互联网+&rdquo;时代,无论是倡导工匠精神还是使用&ldquo;质量诚信溯源验证&rdquo;和&ldquo;产品防伪真假鉴别&rdquo;标识等大数据系统,都有助于企业竞争力的提升,有助于工匠精神的精准落地,助力企业品牌赢得广大消费者更多的信任。</span></span></p>\r\n\r\n<p><span style=\"font-family:courier new,courier,monospace\"><span style=\"font-size:18px\">&ldquo;尽管这个时代有喧嚣有浮躁,但在提倡弘扬工匠精神的当下,中国不缺精益求精的工匠,他们兢兢业业地打造着中国质量;中国不乏重视质量的企业,他们如履薄冰地塑造着中国品牌。他们是质量强国时代的中坚。大力实施质量强国战略,点亮大国工匠精神,让工匠精神渗透到各行各业的肌理是我们的使命担当。工匠精神,无从计量,却可感知。工匠精神随处可见,这是国人之所盼,更是质量强国之未来。&rdquo;一直致力于推进质量强国建设的中国质量检验协会副会长、中检协联合(北京)质量检验研究中心主任张明在接受记者采访时,对我国质量发展的未来特别充满信心。</span></span></p>\r\n</body>\r\n</html>\r\n', '2017-03-17 17:49:07', 'd3309e9e91601b568053a27d0f266519', '13', '57', 'InUse', '千家企业共倡议:传承工匠精神 创新质量供给', null, 'admin', '2', '2017-05-25 11:48:21');
INSERT INTO `cms_chapter` VALUES ('881', '<html>\r\n<head>\r\n	<title></title>\r\n</head>\r\n<body>\r\n<p style=\"text-align:justify\"><span style=\"font-family:courier new,courier,monospace\"><span style=\"font-size:18px\">2016年9月是我国第39个全国&ldquo;质量月&rdquo;。9月1日，在重庆市举行的2016年全国&ldquo;质量月&rdquo;活动启动仪式上，质检总局局长支树平现场宣布今年全国&ldquo;质量月&rdquo;活动正式启动。活动期间，42家主办单位将从质量提升、质量整治、质量宣传和群众性质量活动等4大方面，开展200余项活动，营造政府重视质量、企业追求质量、人人关注质量的浓厚氛围。</span></span></p>\r\n\r\n<p style=\"text-align:justify\"><span style=\"font-family:courier new,courier,monospace\"><span style=\"font-size:18px\">质检总局副局长陈钢表示，今年&ldquo;质量月&rdquo;活动的主题是&ldquo;提升供给质量，建设质量强国&rdquo;，目的就是要强化质量发展导向，突出质量提升在推进供给侧结构性改革的重要作用，进一步深化&ldquo;放、管、服&rdquo;成效，积极培育发展新动能；发挥企业质量主体作用，引导企业深入实施质量提升与技术创新&ldquo;双轮驱动&rdquo;战略，进一步提升产品与服务供给质量，全力打造经济升级版；弘扬先进质量文化，倡导追求卓越、精益求精的工匠精神，进一步推动全社会质量共治。</span></span></p>\r\n\r\n<p style=\"text-align:justify\"><span style=\"font-family:courier new,courier,monospace\"><span style=\"font-size:18px\">2016年&ldquo;质量月&rdquo;活动主办的中央单位增至42个。其中，质检总局将联合北京市政府共同承办第39届国际标准化组织大会；开展消费品质量品牌提升专项行动，会同有关部门向社会发布空气净化器、智能马桶盖等10类消费品质量状况。国家发展改革委将会同多部门共同开展&ldquo;质量诚信建设专项行动&rdquo;，指导重点行业开展守信承诺、信用评价等活动。住房和城乡建设部将继续开展工程质量治理两年万里行活动，推进住宅工程质量常见问题专项治理。</span></span></p>\r\n\r\n<p style=\"text-align:justify\"><span style=\"font-family:courier new,courier,monospace\"><span style=\"font-size:18px\">&ldquo;质量月&rdquo;期间，全国近200个城市将结合&ldquo;全国质量强市示范城市&rdquo;创建，广泛开展各具特色的质量活动，形成同频共振、竞相绽放的推进态势。全国近百家国有企业将带头开展特色质量活动，近万家企业积极投身&ldquo;质量月&rdquo;活动中。</span></span></p>\r\n\r\n<p style=\"text-align:justify\"><span style=\"font-family:courier new,courier,monospace\"><span style=\"font-size:18px\">在启动仪式上，支树平等为获得命名&ldquo;全国质量强市示范城市&rdquo;的重庆市渝北区、延边州、苏州市、永康市授牌。此次命名的四个城市中，延边州是全国第一个获得命名的少数民族地区和边疆自治州，永康市是全国第一个获得命名的县级城市。</span></span></p>\r\n\r\n<p style=\"text-align:justify\"><span style=\"font-family:courier new,courier,monospace\"><span style=\"font-size:18px\">质检总局质量管理司司长黄国梁介绍说，建设质量强市是实现质量强国的前提和基础，得到了广大城市的积极响应和参与。目前，全国已有28个省（区市）的139个市（州、区）申请争创，85个市（州、区）获得批准创建，22个城市获得命名。</span></span></p>\r\n\r\n<p style=\"text-align:justify\"><span style=\"font-family:courier new,courier,monospace\"><span style=\"font-size:18px\">在活动现场，全国&ldquo;质量月&rdquo;主办单位有关负责人还为河北省霸州市金属玻璃家具产业园等10家全国知名品牌创建示范区园区授牌。全国知名品牌示范区建设工作是打造知名区域品牌的重要举措。目前，全国已有31个省的365家区域（园区）申请创建，批准筹建225家，已命名63家，涉及国民经济的第一、二、三类产业的各类区域，有效促进地方政府建设有利于品牌发展的长效机制。</span></span></p>\r\n\r\n<p style=\"text-align:justify\"><span style=\"font-family:courier new,courier,monospace\"><span style=\"font-size:18px\">另外，甘肃、北京、广西、上海等18个省（区市）在启动仪式上被随机抽取为省级政府质量工作考核实地核查对象。省级政府质量工作考核是引导各级地方政府突出以质量和效益为中心的发展理念，推动供给侧结构性改革，进一步强化质量工作，以质量发展带动经济社会可持续发展的具体举措。</span></span></p>\r\n</body>\r\n</html>\r\n', '2017-03-17 17:50:07', '492bea73e431a52b87439ec35cbbb03a', '14', '61', 'InUse', '2016年全国“质量月”活动', null, 'admin', '2', '2017-05-25 11:48:28');
INSERT INTO `cms_chapter` VALUES ('882', '<html>\r\n<head>\r\n	<title></title>\r\n</head>\r\n<body>\r\n<p style=\"text-align:center\"><span style=\"font-size:20px\"><strong><span style=\"font-family:courier new,courier,monospace\">质检总局联合相关部门、行业协会共同部署2016年全国&ldquo;质量月&rdquo;活动</span></strong></span></p>\r\n\r\n<p style=\"text-align:center\"><span style=\"font-size:20px\"><strong><span style=\"font-family:courier new,courier,monospace\">提升供给质量 建设质量强国</span></strong></span></p>\r\n\r\n<p style=\"text-align:center\"><span style=\"font-size:20px\"><strong><span style=\"font-family:courier new,courier,monospace\">围绕空气净化器等10类消费品开展质量提升攻坚战</span></strong></span></p>\r\n\r\n<p style=\"text-align:justify\"><span style=\"font-family:courier new,courier,monospace\"><span style=\"font-size:18px\">在9月全国&ldquo;质量月&rdquo;即将来临之际，近日，质检总局会同中宣部、国家发改委、教育部等有关部门以及中华全国工商业联合会、中国国际贸易促进会等行业协会共42家单位以&ldquo;提升供给质量，建设质量强国&rdquo;为主题，发出《关于开展2016年全国&ldquo;质量月&rdquo;活动的通知》(以下简称《通知》)，共同部署开展2016年全国&ldquo;质量月&rdquo;活动，在全社会努力营造政府重视质量、企业追求质量、人人关注质量的浓厚氛围，让追求卓越、崇尚质量成为全社会、全民族的价值导向和时代精神，大力实施质量强国战略，把经济社会发展推向&ldquo;质量时代&rdquo;。</span></span></p>\r\n\r\n<p style=\"text-align:justify\"><span style=\"font-family:courier new,courier,monospace\"><span style=\"font-size:18px\">2016年全国&ldquo;质量月&rdquo;活动重点主要有4个方面。包括开展质量品牌提升活动，改善产品和服务供给，比如以空气净化器、电饭煲、智能马桶盖、智能手机、儿童纸尿裤、儿童玩具、儿童及婴幼儿服装、厨具、床上用品、家具10类消费品为重点，开展消费品质量提升攻坚战，打造高品质的消费品牌等;开展质量整治活动，解决群众关心的重大质量问题，比如围绕人民群众关心的重点产品和重点领域，严厉打击质量违法犯罪行为，严查彻办大案要案，在全国&ldquo;质量月&rdquo;期间着力解决一批人民群众关心的质量问题等;开展质量宣传活动，树立崇尚质量的价值导向，比如开展中国质量奖获奖组织经验和个人事迹交流活动，提升全社会质量意识，集中公布一批守信企业和严重失信企业名单，曝光一批质量问题和重大违法案件，发布一批社会关注的质量信息等;开展群众性质量活动，培育工匠精神，比如广泛开展质量改进、质量攻关、技术比武等群众性质量活动，在基层普及质量知识、提升质量意识、推广先进的质量管理方法，实施质量素养提升工程，开展质量素养提升活动等。</span></span></p>\r\n\r\n<p style=\"text-align:justify\"><span style=\"font-family:courier new,courier,monospace\"><span style=\"font-size:18px\">《通知》要求，2016年的全国&ldquo;质量月&rdquo;活动要进一步加强组织领导，各地、各行业要高度重视、认真策划，结合自身实际，明确活动目标、制定工作方案、细化责任分工，全方位、多角度开展&ldquo;质量月&rdquo;活动;进一步提高参与程度，企业、行业协会、广大城市和园区都要参与进来，使&ldquo;质量月&rdquo;活动更加深入人心;进一步确保实效，各地区、各部门要加强统筹协调，共同开展好&ldquo;质量月&rdquo;活动，把工作落到实处，增强人民群众质量&ldquo;获得感&rdquo;，打造&ldquo;质量月&rdquo;活动品牌。</span></span></p>\r\n\r\n<p style=\"text-align:justify\"><span style=\"font-family:courier new,courier,monospace\"><span style=\"font-size:18px\">据悉，质检总局在2016年全国&ldquo;质量月&rdquo;期间，将开展丰富多彩、极具特色的活动。例如承办第39届ISO大会、举办2016年全国&ldquo;质量月&rdquo;活动启动仪式、开展消费品质量品牌提升专项行动、实施省级政府质量工作考核、开展&ldquo;质量之光&rdquo;公众评选活动、广泛开展质量宣传等。</span></span></p>\r\n\r\n<p style=\"text-align:justify\"><span style=\"font-family:courier new,courier,monospace\"><span style=\"font-size:18px\">此外，与《通知》一并下发的还有2016年全国&ldquo;质量月&rdquo;主办单位、部分中央企业、部分城市开展的主要活动和今年&ldquo;质量月&rdquo;活动口号。</span></span></p>\r\n</body>\r\n</html>\r\n', '2017-03-17 17:52:14', '5fff34c7ddc709da347bac662be8ceba', '15', '60', 'InUse', '质检总局联合相关部门、行业协会共同部署2016年全国“质量月”活动', null, 'admin', '2', '2017-05-25 11:48:38');
INSERT INTO `cms_chapter` VALUES ('883', '<html>\r\n<head>\r\n	<title></title>\r\n</head>\r\n<body>\r\n<p>9月23日，全国35个垦区100家重点国有农场携手420多家农垦追溯企业积极响应2016年全国&ldquo;质量月&rdquo;活动号召，在安徽省滁州市举办追溯产品专题展示活动，并向全社会发出庄严承诺：我们将切实履行国家赋予农垦的历史使命，全面推进农产品质量追溯体系建设，率先推动一、二、三产业融合发展，共同打造一批诚信农场和大型优质安全食品生产供应基地。</p>\r\n\r\n<p>据悉，此次为期两天的2016年全国&ldquo;质量月&rdquo;农垦活动暨中国农垦和安徽名优特农产品推介会，以&ldquo;讲诚信 重质量 农垦可追溯产品在您身边&rdquo;为主题，设立农垦质量可追溯产品专题展区，集中展示全国农垦的优质可追溯农产品，并发起&ldquo;建立农垦农产品质量追溯基地承诺和倡议活动&rdquo;，示范推进农垦农产品质量追溯体系建设，向广大消费者宣传&ldquo;良品生活 源自农垦&rdquo;的品牌形象。该活动由中国农垦农场联盟、滁州市政府和广东省、安徽省农垦集团有限公司共同主办，是农业部、质检总局等单位共同开展的全国&ldquo;质量月&rdquo;活动中的一项重要活动。</p>\r\n\r\n<p style=\"text-align:justify\"><span style=\"font-family:courier new,courier,monospace\"><span style=\"font-size:18px\">同时，全国农垦国有农场和农垦质量追溯企业还在活动上共同发出倡议：恪守安全诚信自律，建立科学规范质量管理体系，全面推动农垦农产品质量追溯体系建设，确保&ldquo;生产有记录、安全有监管、产品有标识、质量有检测&rdquo;，规范生产加工投入，加强生产基地建设，有效履行社会责任，自觉接受舆论监督。</span></span></p>\r\n\r\n<p style=\"text-align:justify\"><span style=\"font-family:courier new,courier,monospace\"><span style=\"font-size:18px\">目前，农垦农产品质量追溯数据库初步建成，农业部级数据中心共存储2.7千万条投入品使用记录、1673份质量检测报告、8.5万条网上监管信息、93万条消费者查询信息，213万个追溯产品生产批次。在大力推进农垦系统追溯制度建设的同时，积极带动了81家地方龙头农业企业、农民专业合作社建立了质量追溯系统，充分发挥了示范带动作用。</span></span></p>\r\n</body>\r\n</html>\r\n', '2017-03-17 17:54:09', '1c3411e1e8b6021d30d110e7eb91aa1c', '16', '66', 'InUse', '全国“质量月”农垦产品质量追溯专题活动在皖举行', null, 'admin', '2', '2017-05-25 11:48:59');
INSERT INTO `cms_chapter` VALUES ('884', '<html>\r\n<head>\r\n	<title></title>\r\n</head>\r\n<body>\r\n<p style=\"text-align:justify\"><span style=\"font-family:courier new,courier,monospace\"><span style=\"font-size:18px\">新华社北京9月14日电国务院总理李克强14日在北京出席第39届国际标准化组织大会并发表致辞。国际标准化组织、联合国工业发展组织等国际组织负责人以及部分区域、国家（地区）标准化机构代表600多人出席。</span></span></p>\r\n\r\n<p style=\"text-align:justify\"><span style=\"font-family:courier new,courier,monospace\"><span style=\"font-size:18px\">李克强说，标准化水平的高低，反映了一个国家产业核心竞争力乃至综合实力的强弱。习近平主席专门对此次国际会议发来贺信，表明作为世界制造大国，中国高度重视标准化工作。当前，世界经济复苏艰难，中国经济正处在转型升级的关键期。面对困难和挑战，要保持经济平稳运行，既要保持总需求力度，也要加快推进供给侧结构性改革，着力改善供给质量。这就需要把标准化放在更加突出的位置，以标准全面提升推动产业升级，形成新的竞争优势，促进经济中高速增长、迈向中高端水平。</span></span></p>\r\n\r\n<p style=\"text-align:justify\"><span style=\"font-family:courier new,courier,monospace\"><span style=\"font-size:18px\">李克强指出，要更好发挥标准的引领作用，必须聚焦关键、突出重点。一要紧扣加快新旧动能转换的要求，全面实施标准化战略，既适应新技术、新产业、新业态、新模式蓬勃兴起的趋势，加快新兴领域标准制定，助力大众创业、万众创新，又依靠标准硬约束淘汰落后产能，为新动能发展释放更多资源和空间。二要着眼提升制造业竞争力，推动标准化与&ldquo;中国制造2025&rdquo;深度融合，满足柔性化生产、个性化定制等需要，加强关键技术标准研制，提高国际国内标准一致性，加快建设制造强国。三要立足提高产品和服务质量，将不断升级的标准与富于创新的企业家精神和精益求精的工匠精神更好结合，鼓励企业做标准的领跑者，在追求高标准中创造更多优质供给，更好满足消费升级需求。四要把标准化理念和方法融入政府治理之中，持续深化简政放权、放管结合、优化服务改革，更加注重运用标准化这一手段，促进政府管理更加科学和市场监管更加规范有序，提高政府效能。</span></span></p>\r\n\r\n<p style=\"text-align:justify\"><span style=\"font-family:courier new,courier,monospace\"><span style=\"font-size:18px\">李克强说，世界各国应进一步深化合作，加强标准互联互通。处理好标准共享与专利保护的关系，既加大国际标准采用力度，推动贸易和投资自由化便利化，又反对贸易保护主义，防止标准滥用，减少技术壁垒，促进世界经济复苏。围绕推动国际产能合作，加强各国技术标准协调与互认，促进产业链上下游标准对接。坚持共商、共建、共享，支持发展中国家更多参与，建设更加平衡、普惠的国际标准化体系，助力全球经济实现强劲、可持续、平衡、包容增长。</span></span></p>\r\n\r\n<p style=\"text-align:justify\"><span style=\"font-family:courier new,courier,monospace\"><span style=\"font-size:18px\">李克强表示，国际标准化组织是享誉全球的&ldquo;技术联合国&rdquo;，在完善全球治理方面发挥了积极作用。中国愿进一步与国际标准化组织及各成员携手努力，共同为促进国际标准化事业持续发展、推动人类文明进步作出贡献。</span></span></p>\r\n\r\n<p style=\"text-align:justify\"><span style=\"font-family:courier new,courier,monospace\"><span style=\"font-size:18px\">会前，李克强与出席大会的国际标准化组织等国际组织负责人及代表合影留念。</span></span></p>\r\n\r\n<p style=\"text-align:justify\"><span style=\"font-family:courier new,courier,monospace\"><span style=\"font-size:18px\">国务委员杨晶、王勇出席上述活动。</span></span></p>\r\n</body>\r\n</html>\r\n', '2017-03-17 17:58:50', 'd88bf86c1a6d0ee6fbadd5637a8e4e51', '17', '61', 'InUse', '李克强在出席第39届国际标准化组织大会并发表致辞时强调 强化标准引领 提升产品和服务质量 促进中国经济迈向中高端', null, 'admin', '2', '2017-05-25 11:49:07');
INSERT INTO `cms_chapter` VALUES ('886', '<html>\r\n<head>\r\n	<title></title>\r\n</head>\r\n<body>\r\n<p style=\"text-align:justify\"><span style=\"font-family:courier new,courier,monospace\"><span style=\"font-size:18px\">3月15日，由质检总局主办，中国质检报刊社承办，北京市质量技术监督局、北京出入境检验检疫局协办的&ldquo;3.15国际消费者权益日主题宣传活动&rdquo;在北京国际会议中心举办。质检总局党组副书记、副局长梅克保出席会议并讲话，质检总局总工程师韩毅出席会议。来自政府、企业、媒体、行业协会、消费者等领域的代表近180人参加了活动。</span></span></p>\r\n\r\n<p style=\"text-align:justify\"><span style=\"font-family:courier new,courier,monospace\"><span style=\"font-size:18px\">3月15日是国际消费者权益保护日，是广大消费者自己的节日，也是政府和企业履行消费者权益保护责任的日子。质量与消费息息相关，维护质量诚信、保护消费者权益，是质检部门的重要职责。质检总局以&ldquo;责任汇聚诚信，质量保障消费&rdquo;为主题，举行&ldquo;3.15&rdquo;主题宣传活动，旨在动员全社会广泛参与，加强质量诚信建设，切实保障消费者权益。</span></span></p>\r\n\r\n<p style=\"text-align:justify\"><span style=\"font-family:courier new,courier,monospace\"><span style=\"font-size:18px\">梅克保在致辞中强调，维护质量诚信、保护消费者权益，需要政府、企业、社会等各有关方面共同努力。他指出，政府要高度重视质量，促进社会消费升级。质量问题既是经济问题，更是民生问题，关系百姓的日常消费和切身利益。各级政府特别是质量主管部门要认真贯彻落实中央精神，树立质量第一的强烈意识，把质量工作摆在更加突出的位置来抓，广泛深入开展质量提升行动，着力减少无效和低端供给，努力扩大有效和中高端供给，实现更高水平的供需平衡。同时，要坚持质量提升和质量监管双管齐下，紧紧盯住老百姓日常消费品和关系民生的服务业，加强质量诚信建设，打击质量违法行为，保证产品质量安全，促进社会消费升级。</span></span></p>\r\n\r\n<p style=\"text-align:justify\"><span style=\"font-family:courier new,courier,monospace\"><span style=\"font-size:18px\">梅克保强调，企业要致力创造质量，提振民众消费信心。消费市场是信心市场，消费经济是信心经济。作为市场主体，改善质量供给，关键在企业。广大企业要从保障消费者权益的角度出发，牢记创造质量的使命，树立诚信至上的理念，像爱护眼睛一样珍视质量，像保护生命一样维护信誉，不制假售假、不以次充好、不虚假宣传，争做讲质量、有良心、能&ldquo;长寿&rdquo;的企业。要担负起产品和服务质量的主体责任，做好持续改进质量、提高标准应用、弘扬工匠精神的践行者，在增品种、提品质、创品牌上下功夫，有效解决质量稳定性、精度保持性、消费安全性等问题，真正让老百姓喜欢买国货、放心用国货。</span></span></p>\r\n\r\n<p style=\"text-align:justify\"><span style=\"font-family:courier new,courier,monospace\"><span style=\"font-size:18px\">梅克保呼吁，社会要积极参与质量，优化百姓消费环境。质量具有市场属性、社会属性和公共属性，质量问题关系每一个社会成员和每一位消费者。消费者要坚持科学的消费观念和消费方式，看重质量品牌，相信优质优价，拒绝假冒伪劣，积极举报质量违法行为，做到人人在参与质量的过程中享受质量，人人在享受质量的同时创造质量。商会、行业协(学)会、中介服务机构等社会组织，要充分发挥优势，加强监督服务，引导行业诚信自律，营造以质取胜、公平竞争的市场环境。新闻媒体要积极发挥舆论监督和引导作用，使重视质量、创造质量成为社会风尚，使诚信为本、公平竞争成为价值导向，使追求卓越、精益求精成为时代精神。</span></span></p>\r\n\r\n<p style=\"text-align:justify\"><span style=\"font-family:courier new,courier,monospace\"><span style=\"font-size:18px\">活动现场，还进行了3.15权威发布，企业签名诵读诚信责任承诺书等活动，并启动了&ldquo;质量提升媒体行&rdquo;一线行出征仪式。</span></span></p>\r\n</body>\r\n</html>\r\n', '2017-03-17 18:49:58', '23b34ba9406ae38b574a5a0088c33576', '16', '58', 'InUse', '质检总局在京举办3.15国际消费者权益日主题宣传活动', '651', 'admin', '1', '2017-10-24 15:02:03');
INSERT INTO `cms_chapter` VALUES ('887', '<html>\r\n<head>\r\n	<title></title>\r\n</head>\r\n<body>\r\n<p><img alt=\"\" src=\"http://47.93.46.185:80/filee/viewPic.do?manageKey=4dcd0a0b8f3bdb68fb94d2f89108f6c9\" style=\"height:98px; width:690px\" /></p>\r\n\r\n<p><span style=\"font-size:18px\"><strong>新华网、中国政府网</strong></span></p>\r\n\r\n<p>3月15日（星期三）上午十二届全国人大五次会议闭幕后，国务院总理李克强在人民大会堂三楼金色大厅会见采访十二届全国人大五次会议的中外记者并回答记者提出的问题。新华网、中国政府网进行现场直播，敬请关注！[ 2017-03-14 17:11 ]</p>\r\n\r\n<p>&nbsp;</p>\r\n\r\n<p><span style=\"font-size:18px\"><strong>傅莹</strong></span></p>\r\n\r\n<p>大家好。十二届全国人大第五次会议刚刚闭幕了，现在我们很荣幸地邀请到李克强总理与中外记者见面。今天我们到会的记者比较多，所以请每一位得到提问机会的记者就问一个问题，让其他记者也都有更多的提问机会。先请李克强总理给大家讲几句话。[ 2017-03-15 10:32 ]</p>\r\n\r\n<p>&nbsp;</p>\r\n\r\n<p><span style=\"font-size:18px\"><strong>李克强</strong></span></p>\r\n\r\n<p>刚才我听主持人说由于来的人多，很多记者提前两三个小时就到这里了，大家很辛苦，也充分表现了你们的职业精神，我对中外记者对中国两会报道所付出的辛劳表示感谢。时间有限，我们单刀直入，我愿意回答记者朋友们提出的问题。[ 2017-03-15 10:33 ]</p>\r\n\r\n<p>&nbsp;</p>\r\n\r\n<p><span style=\"font-size:18px\"><strong>美国有线电视新闻网记者</strong></span></p>\r\n\r\n<p>总理，早上好。特朗普总统一直对华发表一些批评性言论，表示中国偷窃了美国就业岗位，批评中国汇率政策以及中国在维护地区安全上做的不够。我们还了解到，很有可能最早就在下个月，中美两国元首可能会实现会晤。基于此，我们对于美国希望从中国得到什么已经有了一些概念，我想问，中国希望从美国那儿得到什么？中国对于一个健康可持续发展中美关系的底线是什么？您是否有信心实现这样的中美关系的发展？还是觉得前路比较艰难？[ 2017-03-15 10:36 ]</p>\r\n\r\n<p>&nbsp;</p>\r\n\r\n<p><span style=\"font-size:18px\"><strong>李克强</strong></span></p>\r\n\r\n<p>你的提问让我回想起去年9月份我去联大出席系列高级别会议期间到美国纽约经济俱乐部演讲，就有人向我提问，当时美国总统大选正在白热化阶段，如果新的总统当选，中美关系会不会有大的改变？我的回答是，不管谁当选美国总统，虽然中美关系经历过风风雨雨，但是一直前行，我对此持乐观态度。特朗普总统当选以后，习近平主席和特朗普总统通了电话，两位元首都表示要共同推进中美关系向前发展。特朗普总统和美国新政府的高官也都明确表示，要坚持一个中国的政策，这是中美关系的政治基础，不是风云变幻能够动摇的，也动摇不得。有了这样一个政治基础，中美合作的前景是广阔的。[ 2017-03-15 10:39 ]</p>\r\n\r\n<p>&nbsp;</p>\r\n\r\n<p><span style=\"font-size:18px\"><strong>李克强</strong></span></p>\r\n\r\n<p>我们之所以对中美关系前行持乐观态度，是因为中美建交几十年了，已经有了广泛的共同利益。当然，我们之间也有分歧，比如你刚才提到的像在就业岗位、汇率等问题上有些看法不一，或者在安全问题上也有不同认识。但是，我们双方都需要保持战略定力，加强沟通，坐下来谈，增进相互了解和理解，现在两国外交部门正就两国元首会晤进行沟通。我想，中美关系不仅会关系两国利益，而且涉及到地区和世界的和平安全稳定，我们要维护它前行。[ 2017-03-15 10:42 ]</p>\r\n\r\n<p>&nbsp;</p>\r\n\r\n<p><span style=\"font-size:18px\"><strong>李克强</strong></span></p>\r\n\r\n<p>至于贸易问题，我在两会参加代表团讨论时，有来自外贸企业的人大代表跟我说，虽然中方是贸易顺差，但是企业生产的产品利润90%以上是美国企业拿走了，中国的生产企业拿到的利润最低只有2%&mdash;3%。据有关统计，光去年一年，中美的贸易、投资给美国创造的就业岗位过百万个。当然，各方的统计方法可能不一，没关系，我们坐下来谈，总是会有共识，即便一时达不成共识，可以搁置分歧，智者的办法是扩大共同利益，分歧点所占比例就会更小。[ 2017-03-15 10:46 ]</p>\r\n\r\n<p>&nbsp;</p>\r\n\r\n<p><span style=\"font-size:18px\"><strong>李克强</strong></span></p>\r\n\r\n<p>我想起前两天看到国际上有一个权威智库发表文章，他们认为，如果中美发生贸易战的话，首先受损的是外资企业，首当其冲的是美资企业。我们不希望看到打贸易战，贸易战带不来贸易公平，而且双方都受损。现在全世界都比较关心中美关系，中方希望，中美关系不管有什么样的坎坷，还是要向前走、向好处走。中美两国人民都是伟大的人民，我们有智慧来管控分歧，我们有需要也有条件来扩大共同利益。谢谢。[ 2017-03-15 10:48 ]</p>\r\n\r\n<p>&nbsp;</p>\r\n\r\n<p><span style=\"font-size:18px\"><strong>中央人民广播电台记者</strong></span></p>\r\n\r\n<p>总理您好，我们注意到这几年中国经济的增长速度在持续放缓，今年又把经济增长的预期目标下调到6.5%左右，这是否会对世界经济造成不利的影响？另外有人认为中国经济存在很多风险，特别是在金融方面的风险，中国是否能够在世界经济疲软这个大背景下继续扮演世界经济的推动者这样一个角色？谢谢。[ 2017-03-15 10:49 ]</p>\r\n\r\n<p>&nbsp;</p>\r\n\r\n<p><span style=\"font-size:18px\"><strong>李克强</strong></span></p>\r\n\r\n<p>我们把今年经济增速定在6.5%左右，我看到当时有外媒报道说中国是温和下调了增速。其实，增长6.5%这个速度不低了，也很不容易。我曾经在中国少林寺陪同外宾看过武僧表演，几岁的小武僧一口气翻十几个跟头不费劲，而练过十几年武功的青年武僧翻三五个跟头就了不得了，主要是块头大了。如果今年中国实现经济增长目标，增量比去年还要大，因为这是在我们经济总量已经超过74万亿元人民币，相当于11万亿美元基础上的增长，而且可以带动1100万人以上的就业。这符合经济规律，也可以使注意力更多地放到提高质量和效益上来，对世界经济增长的贡献率不会低，中国仍然是世界经济复苏乏力情况下推动全球增长的重要力量。[ 2017-03-15 10:55 ]</p>\r\n\r\n<p>&nbsp;</p>\r\n\r\n<p><span style=\"font-size:18px\"><strong>李克强</strong></span></p>\r\n\r\n<p>至于说到风险，今年世界经济政治不确定的因素很多，这是很大的外部风险。对中国来讲，不发展是最大的风险。我们保持中高速的稳定增长，本身就是在为世界稳定做贡献。当然，我们自己也有一些不可忽视的风险，刚刚你讲到像金融领域。对于这些风险点，我们是高度关注的，发现了会及时处置、靶向治疗，不会让它蔓延。当然，我还必须要强调，中国金融体系总体是安全的，不会发生系统性风险。因为我们有很多应对工具，储备政策许多还没有用。我们的财政赤字率没超过3%，商业银行资本充足率在13%，拨备覆盖率176%，这些都超过许多国家，特别是国际所确定的相关标准。所以我们是有能力防范风险的，当然，我们在中高速行进当中也会系紧安全带，不会让风险&ldquo;急性发作&rdquo;，更不会发生区域性或者系统性的风险。谢谢。[ 2017-03-15 10:58 ]</p>\r\n\r\n<p>&nbsp;</p>\r\n\r\n<p><span style=\"font-size:18px\"><strong>彭博社记者</strong></span></p>\r\n\r\n<p>谢谢主持人。李总理，您好。[ 2017-03-15 11:00 ]</p>\r\n\r\n<p>&nbsp;</p>\r\n\r\n<p><span style=\"font-size:18px\"><strong>李克强</strong></span></p>\r\n\r\n<p>继续用中文，给你充分的时间。[ 2017-03-15 11:00 ]</p>\r\n\r\n<p>&nbsp;</p>\r\n\r\n<p><span style=\"font-size:18px\"><strong>彭博社记者</strong></span></p>\r\n\r\n<p>我的中文不够，对不起。随着美国收缩它在全球贸易体系中所发挥的作用，包括退出TPP，似乎中国愿意在全球贸易中发挥领导性作用。您和习近平主席都倡导自由贸易、开放型经济以及全球化。但同时我们看到，中国也在实施不公平贸易、开放自身经济速度还不快方面遭到批评。请问，在未来一年，中国方面会采取什么措施让国际社会确信中国是要致力于推进自由贸易和开放型经济的？[ 2017-03-15 11:01 ]</p>\r\n\r\n<p>&nbsp;</p>\r\n\r\n<p><span style=\"font-size:18px\"><strong>李克强</strong></span></p>\r\n\r\n<p>首先，在全球化进程受到一些非议或者在某些方面有挫折的情况下，中国始终坚持一贯的立场，那就是：维护经济全球化，支持自由贸易。这本身就表明中国是要推动开放。实际上，全球化使各国都受益了，不过在这个过程中也有一些问题，像分配等方面，但它们不是全球化本身的问题，而是应对的问题。中方也愿意和世界各国一道来改善全球治理体系。全球化和世界的和平发展合作是一体的、不可分的。关起门来以邻为壑，解决不了问题。[ 2017-03-15 11:04 ]</p>\r\n\r\n<p>&nbsp;</p>\r\n\r\n<p><span style=\"font-size:18px\"><strong>李克强</strong></span></p>\r\n\r\n<p>中国和世界许多国家一样，是全球化的受益者，这其中也因为中国一直在坚持不断地扩大开放。中国首先要把自己的事情办好，但关起门来也办不好自己的事情。所以我们的开放大门会越开越大。当然，开放是一个渐进的过程。回过头来看，这几十年来，我们的步伐一直是向前进的。[ 2017-03-15 11:04 ]</p>\r\n\r\n<p>&nbsp;</p>\r\n\r\n<p><span style=\"font-size:18px\"><strong>李克强</strong></span></p>\r\n\r\n<p>去年，我们吸引外资在发展中国家仍居首位，达到1260亿美元。世界银行对中国营商环境的评估，去年和2013年相比上升了18位。我们推动上海自贸试验区建设，已经逐步扩大到11个省区市，而且还会把普遍适用的经验向全国推广。我们还要在今年举办&ldquo;一带一路&rdquo;国际合作高峰论坛，不断推出扩大开放的措施。我们也和很多国家提议，建立自由贸易区或者进行投资贸易协定的谈判，这些都是有利于双向开放的措施。有一点我想大家要明确，就是你的开放力度越大，开放程度越深，这里面的摩擦相应就会越多，但是占的比例会越来越小。对此，我们是有信心的。我们就是要打造开放的高地、投资的热土，和世界共享发展机遇。[ 2017-03-15 11:07 ]</p>\r\n\r\n<p>&nbsp;</p>\r\n\r\n<p><span style=\"font-size:18px\"><strong>李克强</strong></span></p>\r\n\r\n<p>至于维护全球贸易的自由化，这需要世界各国共同努力，因为天下是天下人的天下。我们对已经达成或者希望达成的一些区域贸易安排一直持开放态度，也乐见其成。只要是有利于贸易自由化的，我们都会去参与、去推进，而且中国人明白，要用开放抓住全球化的机遇，不管有什么挑战都不能错过。[ 2017-03-15 11:13 ]</p>\r\n\r\n<p>&nbsp;</p>\r\n\r\n<p><span style=\"font-size:18px\"><strong>李克强</strong></span></p>\r\n\r\n<p>关于区域的自由贸易安排，涉及中国的，有条件的，我们持开放态度，愿意去进行推动。我们不会越俎代庖，不会超越区域去做不应是中国做的事情。谢谢。[ 2017-03-15 11:13 ]</p>\r\n\r\n<p>&nbsp;</p>\r\n\r\n<p><span style=\"font-size:18px\"><strong>人民日报记者</strong></span></p>\r\n\r\n<p>总理您好。我们注意到这四年来您一直都抓住简政放权这件事情不放松，今年政府工作报告也显示，您所要求的本届政府要精简1/3的行政审批事项的任务已经提前完成了，那么剩下的2/3呢？这项工作要不要继续往下推进，如果要继续的话您准备怎么推进？谢谢。[ 2017-03-15 11:19 ]</p>\r\n\r\n<p>&nbsp;</p>\r\n\r\n<p><span style=\"font-size:18px\"><strong>李克强</strong></span></p>\r\n\r\n<p>简政放权核心是要转变政府职能，处理好政府和市场的关系，这不是一朝一夕之功。我们的确已经完成了本届政府成立之初确定的任务，但是在推进的过程中发现这里面的名堂多了，不仅是审批权，还有名目繁多的行政许可、资格认证、各种奇葩证明，让企业不堪重负的收费等等，这些都属于简政放权要继续推进的内容。我们就是要在推进过程中，让政府职能得到转变，把更多的精力放到该管的事情上来。政府确实管了一些不该管、也不应属于自己管的事情，它束缚了市场主体的手脚，降低了行政效率，甚至影响了政府的公信力。因此，我们必须进行自我革命，刀刃向内，我一直说要用壮士断腕的精神坚韧不拔地加以推进，不管遇到什么样的问题，甚至会有较大阻力，但是要相信我们有足够的韧性。[ 2017-03-15 11:20 ]</p>\r\n\r\n<p>&nbsp;</p>\r\n\r\n<p><span style=\"font-size:18px\"><strong>李克强</strong></span></p>\r\n\r\n<p>简政放权、放管结合、优化服务是三位一体的，也就是政府要把更多的精力放到事中事后监管和优化对人民群众的服务上，把市场的准入放宽了，那就要为市场主体公平竞争营造环境。对那些假冒伪劣、坑蒙拐骗、侵犯知识产权以及涉及食品、药品、环保等群众密切关注的违法违规问题要坚决查处。我们要通过&ldquo;互联网+政务服务&rdquo;，让群众少跑腿、少烦心、多顺心。要把更多的力量用于扶贫攻坚、棚户区改造、义务教育、基本医疗等诸多民生关注的方面。[ 2017-03-15 11:20 ]</p>\r\n\r\n<p>&nbsp;</p>\r\n\r\n<p><span style=\"font-size:18px\"><strong>李克强</strong></span></p>\r\n\r\n<p>简言之，就是要向依法依规的市场主体发出&ldquo;前行、前行、再前行&rdquo;的信号；向依靠劳动创业创新者亮起&ldquo;可以、可以、再可以&rdquo;的绿灯；对那些违法违规不良行为，就要及时亮出黄牌，甚至出红牌罚他下场。谢谢。[ 2017-03-15 11:21 ]</p>\r\n\r\n<p>&nbsp;</p>\r\n\r\n<p><span style=\"font-size:18px\"><strong>日本经济新闻社记者</strong></span></p>\r\n\r\n<p>谢谢主持人。总理，您好。我是日本经济新闻社的记者。我想问一个关于朝鲜半岛的问题。美国国务卿蒂勒森先生从今天起访问日本，之后他还要访问中国和韩国。外界认为此访的重点之一是讨论朝鲜半岛问题。当前，朝鲜继续试射导弹，推进核武计划，导致东北亚局势非常紧张。在此背景下，中国打算采取什么样的措施和行动来缓解紧张的地区局势？中方将如何同日本等相关国家合作，解决所谓的朝核问题。谢谢。[ 2017-03-15 11:24 ]</p>\r\n\r\n<p>&nbsp;</p>\r\n\r\n<p><span style=\"font-size:18px\"><strong>李克强</strong></span></p>\r\n\r\n<p>你在哪里学的中文？我听你普通话讲的很好。[ 2017-03-15 11:24 ]</p>\r\n\r\n<p>&nbsp;</p>\r\n\r\n<p><span style=\"font-size:18px\"><strong>日本经济新闻社记者</strong></span></p>\r\n\r\n<p>我刚开始是在北京学的，在台湾待过，可能有台湾腔。[ 2017-03-15 11:24 ]</p>\r\n\r\n<p>&nbsp;</p>\r\n\r\n<p><span style=\"font-size:18px\"><strong>李克强</strong></span></p>\r\n\r\n<p>中国在朝鲜半岛问题上的立场是明确的、一贯的，坚持实现半岛无核化，坚持维护半岛的和平稳定，坚持通过对话协商解决问题。对于联合国已经通过的相关决议，中国一直是态度鲜明，而且是全面严格执行。中国始终是核不扩散体系的坚定维护者。的确，近来半岛乃至于东北亚出现了一些紧张的气氛，紧张很可能会导致冲突，会使相关各方都受损。我们希望的是，各方共同努力，把紧张的气氛降下来，使大家都回到对话的轨道上来，最终解决问题。按常理说，谁也不愿意自己的家门口整天闹个不停。谢谢。[ 2017-03-15 11:25 ]</p>\r\n\r\n<p>&nbsp;</p>\r\n\r\n<p><span style=\"font-size:18px\"><strong>中央电视台、央视网、央视新闻移动网记者</strong></span></p>\r\n\r\n<p>总理您好，我想问有关就业的问题。您常说就业是民生之本，而且我们看到有报道说您每个月在看经济指标的时候都非常关注就业的变化。今年我们看到在政府工作报告当中您特别提到今年我国的就业压力加大。那我想请问总理，今年会不会出现群体性的失业问题？谢谢。[ 2017-03-15 11:42 ]</p>\r\n\r\n<p>&nbsp;</p>\r\n\r\n<p><span style=\"font-size:18px\"><strong>李克强</strong></span></p>\r\n\r\n<p>终于又听到三位一体的记者提问了。可能稍加注意你们就会发现，在政府工作报告所提的主要经济社会发展指标当中，有一项是抬高的，那就是今年我们要新增城镇就业1100万人，比去年的目标增加100万人。我们之所以要有6.5%左右的经济增速，稳增长主要还是要保就业。因为就业对我们这样一个13亿多人口的大国来说是最大的民生。就业是经济发展的基础，是财富增长的来源，也是居民收入的主渠道。我们这几年一直在实施积极的就业政策，已经连续4年实现新增城镇就业1300万人以上，今年更是强调就业优先，就是要保证能够实现比较充分的就业，把失业率控制在较低的水平。[ 2017-03-15 11:42 ]</p>\r\n\r\n<p>&nbsp;</p>\r\n\r\n<p><span style=\"font-size:18px\"><strong>李克强</strong></span></p>\r\n\r\n<p>这几年我们一直处在新成长劳动力的高峰，今年的就业压力仍然比较大，光高校毕业生就达795万，创历史新高，还有500万左右的中职毕业生，加上去过剩产能需要安置的几十万转岗职工等等。我们要营造有利于创业就业的环境，不是靠政府去提供铁饭碗，而是让人民群众用劳动和智慧去创造或者说打造金饭碗。这几年我们就是通过创造岗位实现了比较充分的就业，这里我还想请记者朋友包括外国记者能够多报道中国的就业岗位是靠自己创出来的。[ 2017-03-15 11:42 ]</p>\r\n\r\n<p>&nbsp;</p>\r\n\r\n<p><span style=\"font-size:18px\"><strong>李克强</strong></span></p>\r\n\r\n<p>我们完全有能力扩大就业，不会也不允许出现大规模群体性失业，对于一时不能就业、生计没有着落的群众，政府会负起责任，保障他们的基本生活。谢谢。[ 2017-03-15 11:43 ]</p>\r\n\r\n<p>&nbsp;</p>\r\n\r\n<p><span style=\"font-size:18px\"><strong>新加坡联合早报记者</strong></span></p>\r\n\r\n<p>总理，您好。我的问题是，今年是本届政府的收官之年。您认为过去四年多最重要的成就是什么？最难攻克的又是什么？谢谢。[ 2017-03-15 11:51 ]</p>\r\n\r\n<p>&nbsp;</p>\r\n\r\n<p><span style=\"font-size:18px\"><strong>李克强</strong></span></p>\r\n\r\n<p>您问的问题虽然简短，但比较大。如果说到四年来施政的主要成果，那就是在以习近平同志为核心的党中央领导下，全国上下共同努力，我们不断创新宏观调控方式，中国经济运行保持在合理区间，始终是中高速增长，四年来增速波动也就是1个百分点左右，可以说是平稳的。而且这不是靠大水漫灌的强刺激来获得的，而是通过推动产业、消费升级，使经济结构优化取得新进展，通过加快新旧动能转换促进出现经济向好势头，更重要的是带动了5000多万人的城镇新增就业。[ 2017-03-15 11:52 ]</p>\r\n\r\n<p>&nbsp;</p>\r\n\r\n<p><span style=\"font-size:18px\"><strong>李克强</strong></span></p>\r\n\r\n<p>这几年，我一直听到中国经济会硬着陆的声音，可以说不绝于耳。去年在世界经济和贸易增长出现7年来增速最低的情况下，中国仍然保持中高速增长。这几年的实践可以证明，中国经济&ldquo;硬着陆&rdquo;论可以休矣。中国经济不会硬着陆，我们会长期保持中高速增长，并迈向中高端水平。[ 2017-03-15 11:52 ]</p>\r\n\r\n<p>&nbsp;</p>\r\n\r\n<p><span style=\"font-size:18px\"><strong>李克强</strong></span></p>\r\n\r\n<p>当然，并不是说我们还没有问题和挑战，所以要推动改革。说到最难的，还是在深化改革方面。比如说简政放权、放管结合、优化服务的改革，这不仅会触动利益，而且要触动灵魂。我们要让权力不能任性，就得把那些不应该有的权力砍掉，有些涉及到部门利益，要压缩寻租的空间。这不是一个简单的过程，从中央政府一直到地方、到基层，要打通&ldquo;最后一公里&rdquo;。[ 2017-03-15 11:58 ]</p>\r\n\r\n<p>&nbsp;</p>\r\n\r\n<p><span style=\"font-size:18px\"><strong>李克强</strong></span></p>\r\n\r\n<p>我到有的地方去看，在简政放权中一次封了108个公章，用一个公章代替。中国太大，不知道类似的情况哪些地方还有。你们可能也都记得，在前几年两会上，曾有人展示了一个项目审批&ldquo;万里长征图&rdquo;，据说现在变成百里了，百里也不少啊，还要继续推进。我前面已经讲了，不管有什么样的阻力，我们都有足够的韧性推动改革。改革就是要解放和发展生产力，调动广大人民的积极性，让群众得到实惠，为政之要就是要舍小利、顾大义、顺民心。谢谢。[ 2017-03-15 11:59 ]</p>\r\n\r\n<p>&nbsp;</p>\r\n\r\n<p><span style=\"font-size:18px\"><strong>深圳特区报、读特新闻客户端记者</strong></span></p>\r\n\r\n<p>总理您好，想请教您的问题是去年10月您曾到深圳参加&ldquo;全国双创周&rdquo;主会场的活动。据统计，一周之内有50万人参加了这次活动，场面非常火爆。过去一年&ldquo;大众创业、万众创新&rdquo;蓬勃发展，现在共享经济发展也很快，但是也有人有不同的看法。那么请问总理，您觉得&ldquo;双创&rdquo;的热情会持久吗？谢谢。[ 2017-03-15 12:11 ]</p>\r\n\r\n<p>&nbsp;</p>\r\n\r\n<p><span style=\"font-size:18px\"><strong>李克强</strong></span></p>\r\n\r\n<p>&ldquo;双创&rdquo;可以说是应运而生，在全球化、&ldquo;互联网+&rdquo;的时代，我们推动&ldquo;放管服&rdquo;改革，也促进了&ldquo;大众创业、万众创新&rdquo;。这3年多来，每天平均有4万个以上市场主体注册登记，那就相当于每年新增1000多万个。我和有些外国的领导人，还并不是小国，谈到这件事，他很惊讶，这相当于他们国家中小微企业的总量。其实&ldquo;双创&rdquo;不仅是中小微企业的事，也是大企业的事，现在许多大企业也在推动&ldquo;双创&rdquo;，在线上创造很多众创空间，让线上的工人当创客，和订单背后的市场需求结合起来，更适应消费者的需要。&ldquo;双创&rdquo;覆盖了一二三产业、大中小企业，是有着很强的生命力的。[ 2017-03-15 12:11 ]</p>\r\n\r\n<p>&nbsp;</p>\r\n\r\n<p><span style=\"font-size:18px\"><strong>李克强</strong></span></p>\r\n\r\n<p>&ldquo;双创&rdquo;不仅带动了大量就业，促进创新驱动发展战略深入实施，它也是一场改革，因为它抓住了人这个生产力当中最重要的因素，让人的聪明才智和活力充分展现出来，让大家有改变命运、获得纵向上升的平等机会。它也创新了生产模式，许多新业态，像共享经济、分享经济、&ldquo;互联网+&rdquo;等等，可以说层出不穷，这些新业态有的是新旧动能转换过程当中产生的，新旧嫁接，有的是老树开新花。但总的看它适应了市场的需求，适应了消费者个性化、多样化的要求。[ 2017-03-15 12:12 ]</p>\r\n\r\n<p>&nbsp;</p>\r\n\r\n<p><span style=\"font-size:18px\"><strong>李克强</strong></span></p>\r\n\r\n<p>另外，新业态的成长也倒逼了政府职能转变。确实，这些新业态很多是过去未知的，对此，我觉得有不同争议是正常的，我们还是要以开放的态度、包容的理念审慎监管，促使它健康发展。[ 2017-03-15 12:12 ]</p>\r\n\r\n<p>&nbsp;</p>\r\n\r\n<p><span style=\"font-size:18px\"><strong>李克强</strong></span></p>\r\n\r\n<p>我一直在想，也一直这么认为，中国有1.7亿受过高等教育和拥有高技能的人才，与8亿左右的劳动力结合起来，能创造的财富，激发的能量是难以估算的，也会给市场，包括世界市场带来巨大的机遇。中国人民勤劳智慧，有着追求美好生活的不竭动力，政府就是要创造环境，让人民群众创业创新的热情持久不衰，当然&ldquo;双创&rdquo;和许多新事物一样，发展过程当中一些方面、一些企业会遇到曲折，但是大方向是正确的。谢谢。[ 2017-03-15 12:13 ]</p>\r\n\r\n<p>&nbsp;</p>\r\n\r\n<p><span style=\"font-size:18px\"><strong>凤凰卫视记者</strong></span></p>\r\n\r\n<p>总理，您好。我提的问题涉及到香港问题。因为今年政府工作报告当中，您首次提到了&ldquo;港独&rdquo;问题，指出&ldquo;港独&rdquo;是没有出路的，这是否意味着政策上会有什么变化？比如在落实&ldquo;一国两制&rdquo;这个原则问题上是否会更加强调&ldquo;一国&rdquo;而弱化&ldquo;两制&rdquo;？或者以后中央对香港的支持会减少？[ 2017-03-15 12:16 ]</p>\r\n\r\n<p>&nbsp;</p>\r\n\r\n<p><span style=\"font-size:18px\"><strong>李克强</strong></span></p>\r\n\r\n<p>对&ldquo;一国两制&rdquo;的方针要全面理解和执行，我在政府工作报告当中已经说了，&ldquo;一国两制&rdquo;的实践要不动摇、不走样、不变形。至于说支持香港发展，中央政府会不断地加大力度，会继续出台许多有利于香港发展、有利于内地和香港合作的举措。比如说去年我们出台了&ldquo;深港通&rdquo;，我们要进一步探索开放债券市场，这是国家的需要，香港也有平台。我们准备今年在香港和内地试行&ldquo;债券通&rdquo;，也就是说允许境外资金在境外购买内地的债券，这是第一次。香港是近水楼台先得月，这有利于维护香港国际金融中心的地位，有利于香港居民有更多的投资渠道，从而受惠，有利于香港的长期繁荣稳定。谢谢。[ 2017-03-15 12:17 ]</p>\r\n\r\n<p>&nbsp;</p>\r\n\r\n<p><span style=\"font-size:18px\"><strong>俄罗斯塔斯社记者</strong></span></p>\r\n\r\n<p>李总理你好，请问您如何评价中俄关系？两国是否能够在世界经济不稳定，能源价格波动的背景下取得经贸关系发展？谢谢。[ 2017-03-15 12:19 ]</p>\r\n\r\n<p>&nbsp;</p>\r\n\r\n<p><span style=\"font-size:18px\"><strong>李克强</strong></span></p>\r\n\r\n<p>你很有勇气，始终用中文提问。说到中俄关系，我们互为最大的近邻，是全面战略协作伙伴关系。中俄关系的健康稳定发展，不仅有利于地区，也有利于世界。去年两国元首多次会晤，达成许多重要共识，中俄总理会晤多年来一直如期举行，这本身表明了中俄关系的稳定性。[ 2017-03-15 12:19 ]</p>\r\n\r\n<p>&nbsp;</p>\r\n\r\n<p><span style=\"font-size:18px\"><strong>李克强</strong></span></p>\r\n\r\n<p>至于说到两国的经贸关系，这些年世界经济复苏低迷，贸易增长乏力，确实中俄关系在经贸方面由于能源价格下跌等因素也受到了一些影响。我记得在去年的记者会上，我曾经说希望中俄经贸关系当年能够有转折性变化，现在应该说这个预言实现了，当然这是我们共同努力的结果。特别是今年前两个月，中俄贸易额有大幅增长，这表明中俄双方经贸合作的潜力很大，互补性很强，双方所达成的经贸关系目标是可以实现的。谢谢。[ 2017-03-15 12:20 ]</p>\r\n\r\n<p>&nbsp;</p>\r\n\r\n<p><span style=\"font-size:18px\"><strong>财新网、财新周刊记者</strong></span></p>\r\n\r\n<p>我想问一个关于汇率的问题。现在人民币汇率有一定的下跌压力，但是要稳住汇率，要么就是消耗外汇储备，要么就要加强外汇管制。您如何看待汇率下跌、外储下降或者外汇管制的代价？这几害相权您会作何选择？谢谢。[ 2017-03-15 12:26 ]</p>\r\n\r\n<p>&nbsp;</p>\r\n\r\n<p><span style=\"font-size:18px\"><strong>李克强</strong></span></p>\r\n\r\n<p>你给我提了三个问题让我做选择性回答，我想我还是分开回答。[ 2017-03-15 12:27 ]</p>\r\n\r\n<p>&nbsp;</p>\r\n\r\n<p><span style=\"font-size:18px\"><strong>李克强</strong></span></p>\r\n\r\n<p>首先关于汇率。去年因为国际货币市场动荡，特别是美元走高，许多货币尤其是主要国际货币对美元的汇率大幅度贬值，而人民币汇率贬值幅度是比较小的。因为我们不希望通过贬值来增加出口，这不利于企业转型升级。我们也不希望打贸易战，这不利于国际贸易和货币体系的稳定。我们坚持人民币汇率形成机制的改革，实行以市场供求为基础、有管理的浮动汇率制度。可以说在人民币汇率弹性加大的情况下，我们保持了人民币汇率在合理均衡水平上的基本稳定。当然，这也得益于中国经济基本面向好。人民币汇率的基本稳定是对国际货币体系稳定的重要贡献。[ 2017-03-15 12:27 ]</p>\r\n\r\n<p>&nbsp;</p>\r\n\r\n<p><span style=\"font-size:18px\"><strong>李克强</strong></span></p>\r\n\r\n<p>至于说到外汇储备，中国是世界上外汇储备最多的国家。合理的外汇储备规模到底需要多少？这可能还有一个实践探索的过程。总之，我们的外汇储备是充裕的，是足以支付进口和满足短期偿债需要的，远远高于国际标准。[ 2017-03-15 12:27 ]</p>\r\n\r\n<p>&nbsp;</p>\r\n\r\n<p><span style=\"font-size:18px\"><strong>李克强</strong></span></p>\r\n\r\n<p>至于说到我们对于用汇进行真实性、合规性审查，实际上这是法律法规早就规定的。我在这里明确，企业正常的用汇、居民到国外求学旅游等的合理用汇是有保证的。人民币在国际货币体系中是有分量的，汇率会保持基本稳定。谢谢。[ 2017-03-15 12:28 ]</p>\r\n\r\n<p>&nbsp;</p>\r\n\r\n<p><span style=\"font-size:18px\"><strong>路透社记者</strong></span></p>\r\n\r\n<p>总理你好，我的问题也跟就业有关。今年中国政府准备进一步减少无效供给，扩大有效供给。在这一过程中，政府需要确保下岗工人能找到新的工作，并确保他们的生计安全问题。如果我是一名矿工或是钢厂工人，我能在本省找到什么样的新工作呢？今年预计哪些部门会出现工作岗位增加？谢谢。[ 2017-03-15 12:39 ]</p>\r\n\r\n<p>&nbsp;</p>\r\n\r\n<p><span style=\"font-size:18px\"><strong>李克强</strong></span></p>\r\n\r\n<p>你把就业问题更加人性化、个性化了。去年，我们推动供给侧结构性改革的一个重要任务就是化解钢铁、煤炭行业的过剩和落后产能，我们最关心的就是在去产能过程中如何安置好职工。所以中央财政拿了1000亿元专项资金用于员工转岗安置，并且要求地方政府配套。去年，有72万去过剩产能过程当中的职工得到了妥善安置，当然，还有一些职工因为多种因素没有到新的就业岗位，包括有的职工和企业有比较深的感情，想多留一段，但他们的生活都是有着落的。[ 2017-03-15 12:39 ]</p>\r\n\r\n<p>&nbsp;</p>\r\n\r\n<p><span style=\"font-size:18px\"><strong>李克强</strong></span></p>\r\n\r\n<p>今年去产能还要扩大到煤电领域，加上去年一些还没安置的职工，累计可能会有近百万需要安置。我们的办法还是创造新的岗位，因为我们在推动发展新动能。刚才我讲了&ldquo;双创&rdquo;带动了大量新的就业，实际上也转移了许多传统动能的就业，新旧动能转换也为传统产业带来了新的活力和生机，催生了新的就业岗位。当然我们没有掉以轻心，还会继续运用好专项基金，并要求地方政府做好配套。当然企业也要尽社会责任。[ 2017-03-15 12:40 ]</p>\r\n\r\n<p>&nbsp;</p>\r\n\r\n<p><span style=\"font-size:18px\"><strong>李克强</strong></span></p>\r\n\r\n<p>如果你是一名煤矿工人，这个矿被淘汰，或者暂时停产了，我看你有很强的、灵活的就业能力，我建议你到新动能去，或者到老动能当中产生的新职业当中去。而且中国很多企业是有文化的，他们对老职工有感情，去新岗位就业了，企业仍然还会给一些补贴，扶上马、送一程。[ 2017-03-15 12:41 ]</p>\r\n\r\n<p>&nbsp;</p>\r\n\r\n<p><span style=\"font-size:18px\"><strong>李克强</strong></span></p>\r\n\r\n<p>总而言之，把职工安置好还是我们推进供给侧结构性改革，推动化解和淘汰过剩产能中最关键的问题。谢谢。[ 2017-03-15 12:41 ]</p>\r\n\r\n<p>&nbsp;</p>\r\n\r\n<p><span style=\"font-size:18px\"><strong>澎湃新闻记者</strong></span></p>\r\n\r\n<p>今年两会前夕，中国政府网联合27家网络媒体共同发起&ldquo;我向总理说句话&rdquo;建言征集活动，澎湃新闻和今日头条就其中与民生密切相关问题进行了网上投票。到目前，已经有2131万网友投给了&ldquo;房屋产权70年到期后怎么办？&rdquo;。请问总理，国家准备怎么解决这一问题？谢谢。[ 2017-03-15 12:42 ]</p>\r\n\r\n<p>&nbsp;</p>\r\n\r\n<p><span style=\"font-size:18px\"><strong>李克强</strong></span></p>\r\n\r\n<p>我也想问一下，诸多问题当中你讲的这个问题是排在第几位？[ 2017-03-15 12:42 ]</p>\r\n\r\n<p>&nbsp;</p>\r\n\r\n<p><span style=\"font-size:18px\"><strong>澎湃新闻记者</strong></span></p>\r\n\r\n<p>第一位。[ 2017-03-15 12:42 ]</p>\r\n\r\n<p>&nbsp;</p>\r\n\r\n<p><span style=\"font-size:18px\"><strong>李克强</strong></span></p>\r\n\r\n<p>中国有句古话：有恒产者有恒心。网民们实际上也是群众，对70年住宅土地使用权到期续期问题普遍关心可以理解。国务院已经要求有关部门作了回应，就是可以续期，不需申请，没有前置条件，也不影响交易。当然，也可能有人说，你们只是说，有法律保障吗？我在这里强调，国务院已经责成相关部门就不动产保护相关法律抓紧研究提出议案。谢谢。[ 2017-03-15 12:43 ]</p>\r\n\r\n<p>&nbsp;</p>\r\n\r\n<p><span style=\"font-size:18px\"><strong>泰国经理报记者</strong></span></p>\r\n\r\n<p>奥巴马总统任职期间提出了亚太再平衡的战略，特朗普政府现在正在制定对亚洲外交政策，泰国和其他东南亚国家都希望本地区保持和平和稳定，不愿意看到中美在这一地区发生冲突，更不愿意在其中选边站队，您怎么看中国在亚太地区现在发挥的作用？中国对于本地区的秩序和规则理想化的想法是怎样的？中美如何在这个地区继续和平共处？[ 2017-03-15 12:48 ]</p>\r\n\r\n<p>&nbsp;</p>\r\n\r\n<p><span style=\"font-size:18px\"><strong>李克强</strong></span></p>\r\n\r\n<p>亚太地区是地区国家共有的家园，我们不希望、也不愿意看到冷战思维下所谓&ldquo;选边站队&rdquo;的事情发生，有什么事情按是非曲直来说话，总的还是要维护亚太地区的和平和稳定。而且在亚太地区，我们始终把东盟作为中国周边外交的优先方向，支持东盟共同体建设，在区域合作中发挥中心地位作用。我们希望看到的亚太地区是一个稳定、有秩序的地区，是一个可以协商一致、达成原则的地区，是一个有能力管控分歧的地区，也是一个有智慧解决争端的地区。[ 2017-03-15 12:49 ]</p>\r\n\r\n<p>&nbsp;</p>\r\n\r\n<p><span style=\"font-size:18px\"><strong>李克强</strong></span></p>\r\n\r\n<p>中国和东盟正在推进《南海行为准则》磋商，已经取得了实质性进展，我们还会继续积极地推进，我们希望维护南海的和平稳定，有关争端由当事方直接对话解决，各方共同维护地区的和平稳定与发展。[ 2017-03-15 12:49 ]</p>\r\n\r\n<p>&nbsp;</p>\r\n\r\n<p><span style=\"font-size:18px\"><strong>李克强</strong></span></p>\r\n\r\n<p>中美在亚太地区合作多年了，我们有许多合作的交汇点。不少美国跨国公司把亚太地区销售总部放在中国，我们希望中美合作的共同利益不断扩大，使东盟国家能从中得到机遇，而不是让你们感到麻烦。谢谢。[ 2017-03-15 12:50 ]</p>\r\n\r\n<p>&nbsp;</p>\r\n\r\n<p><span style=\"font-size:18px\"><strong>新华社记者</strong></span></p>\r\n\r\n<p>总理，您好。我的问题是，我们在调研采访中了解到，现在一些企业抱怨税费负担过重，辛苦半天也挣不了多少钱。也有消费者抱怨，很多高品质的产品在国内生产不了。请问总理，您对此怎么看？有什么进一步改进的政策措施？谢谢。[ 2017-03-15 12:55 ]</p>\r\n\r\n<p>&nbsp;</p>\r\n\r\n<p><span style=\"font-size:18px\"><strong>李克强</strong></span></p>\r\n\r\n<p>我在政府工作报告当中用了很多篇幅也提出了许多措施来强调，今年要推进更大力度的减税降费，特别是那些名目繁多、企业不堪重负的行政事业性收费。这些收费是有用途的，有的是用来&ldquo;养人&rdquo;的，减少收费，那政府就要过紧日子。我明确提出，中央政府要带头，一律减少一般性支出5%以上。我在参加代表团讨论时，许多地方政府也都有这样的表示。我们就是要用政府的&ldquo;痛&rdquo;换来企业的&ldquo;顺&rdquo;，让企业轻装上阵，提高竞争力。我们还要通过像降网费、电费、物流成本等措施，力争今年减税降费能够达到万亿元人民币。当然，根本上还要降低制度性交易成本。[ 2017-03-15 12:55 ]</p>\r\n\r\n<p>&nbsp;</p>\r\n\r\n<p><span style=\"font-size:18px\"><strong>李克强</strong></span></p>\r\n\r\n<p>至于消费者抱怨中国的一些产品质量不优，这说明我们的企业需要让产品进入质量时代，这也是供给侧结构性改革的重要内容。我们实施《中国制造2025》，就是要提升企业产品和装备的质量。当然，国际上也有一种舆论，说是不是中国会减少进口，开放有所收缩，这是误解。提高中国产品的质量，促进产业迈向中高端，必然要更大地打开开放的大门，更多地引进国外先进技术和产品，当然我们会严格保护知识产权，让企业双赢。对于普通消费者所需要的一些优质产品一时供给不上，我们还可能考虑降低关税、增加进口。总之，要让消费者有更多选择，从中受惠，更重要的是让我们的企业下决心，通过发扬工匠精神，使自己的产品赢得消费者的信赖。谢谢。[ 2017-03-15 12:55 ]</p>\r\n\r\n<p>&nbsp;</p>\r\n\r\n<p><span style=\"font-size:18px\"><strong>台湾联合报记者</strong></span></p>\r\n\r\n<p>总理您好。去年以来两岸关系越来越复杂严峻，前景令人担忧，面对这样的形势，大陆要如何维护两岸关系的和平发展，以及如何维护两岸同胞的福祉？谢谢。[ 2017-03-15 12:58 ]</p>\r\n\r\n<p>&nbsp;</p>\r\n\r\n<p><span style=\"font-size:18px\"><strong>李克强</strong></span></p>\r\n\r\n<p>两岸是骨肉同胞，血浓于水，不管岛内形势如何变化，都割断不了两岸的亲情，改变不了两岸同属一个中国的历史和现状，也改变不了我们维护两岸关系和平发展的决心和诚意。[ 2017-03-15 12:58 ]</p>\r\n\r\n<p>&nbsp;</p>\r\n\r\n<p><span style=\"font-size:18px\"><strong>李克强</strong></span></p>\r\n\r\n<p>我们对台方针是一贯的、明确的，就是要坚持体现一个中国原则的&ldquo;九二共识&rdquo;这个政治基础，坚决反对&ldquo;台独&rdquo;，坚决维护台海和平，维护两岸关系和平发展，增进两岸同胞的福祉。[ 2017-03-15 12:58 ]</p>\r\n\r\n<p>&nbsp;</p>\r\n\r\n<p><span style=\"font-size:18px\"><strong>李克强</strong></span></p>\r\n\r\n<p>两岸的和平发展确实给两岸同胞带来了很多新的机遇。据不完全统计，每年大概有500万台湾同胞往返于大陆和岛内。我们会出台更多政策让台湾同胞在大陆就业、创业、工作、生活，享受一家人的便利条件。对台商来大陆投资，我们是欢迎的。我记得去年在记者会上曾经有人提出，希望继续保持对台商投资的优惠政策，我重申：我们会继续提供优惠，让台商、台湾同胞和大陆一起共享发展的机遇，终归我们是一家人。谢谢。[ 2017-03-15 12:59 ]</p>\r\n\r\n<p>&nbsp;</p>\r\n\r\n<p><span style=\"font-size:18px\"><strong>法兰西广播公司记者</strong></span></p>\r\n\r\n<p>欧盟是中国第二大贸易伙伴，但欧盟对华贸易赤字高达1370亿欧元，这是欧方的统计数字。所以欧盟一些企业对此颇有微词。请问中国如何进一步改进对欧企业的市场准入以及对于外商投资给予更好的对等性待遇？[ 2017-03-15 13:05 ]</p>\r\n\r\n<p>&nbsp;</p>\r\n\r\n<p><span style=\"font-size:18px\"><strong>李克强</strong></span></p>\r\n\r\n<p>你刚才说中欧贸易逆差问题是欧方的统计，讲的很正确。当然，我们中方从不刻意追求贸易顺差，而且希望看到贸易平衡，否则不可持续。如果说赚钱的话，我想欧洲企业在中国不仅有钱可赚，而且还是赚大头，因为你们处于价值链的高端。如果你们欧洲放宽对华高技术出口，那贸易不平衡的状况就会有明显改善。[ 2017-03-15 13:05 ]</p>\r\n\r\n<p>&nbsp;</p>\r\n\r\n<p><span style=\"font-size:18px\"><strong>李克强</strong></span></p>\r\n\r\n<p>中国提出和欧盟加快谈判投资协定，希望能够得到积极的回应。有一个高水平的BIT，那必将会有助于双方扩大相互开放。即便暂时没有这个协定，我们也会不断扩大对欧盟企业的准入，让欧盟企业在华投资和中国企业一样，只要注册了，就一视同仁。中欧之间存在贸易摩擦，我们有经验去妥善解决。我这里特别强调，中国始终支持一个团结繁荣稳定的欧盟，也支持强大的欧元，支持欧洲一体化进程，因为这有利于经济全球化、世界多极化和文明多样化。我对欧盟的前景是乐观的，我们对中欧关系的发展前景也是看好的。谢谢。[ 2017-03-15 13:05 ]</p>\r\n\r\n<p>&nbsp;</p>\r\n\r\n<p><span style=\"font-size:18px\"><strong>新京报记者</strong></span></p>\r\n\r\n<p>提问一个和雾霾有关的问题。这几年雾霾成了百姓心中的一个痛点，严重地影响了大家的生活，但是每当重大活动来的时候蓝天也就回来了，大家都兴高采烈地拍照、刷朋友圈。请问总理，怎么样才能让这样持续的蓝天不再是奢侈品呢？谢谢。[ 2017-03-15 13:09 ]</p>\r\n\r\n<p>&nbsp;</p>\r\n\r\n<p><span style=\"font-size:18px\"><strong>李克强</strong></span></p>\r\n\r\n<p>雾霾问题的确是百姓的痛点。蓝天和空气一样，对每个人都是平等的，我们在座的各位都希望看到更多的蓝天，但中国在发展过程中确实遇到了环保特别是雾霾问题的挑战。我在政府工作报告当中讲了五条措施，会坚定地向前推进，真正打一场&ldquo;蓝天保卫战&rdquo;。但是也坦率地告诉各位，这是需要有一个过程的。[ 2017-03-15 13:10 ]</p>\r\n\r\n<p>&nbsp;</p>\r\n\r\n<p><span style=\"font-size:18px\"><strong>李克强</strong></span></p>\r\n\r\n<p>我们治理雾霾重点对着燃煤、尾气排放、扬尘等，但今年我参加两会讨论的时候，有科学家说，除此之外还有很重要的因素，雾霾的形成机理我们还没完全搞透，他说中国北方冬季的雾霾在全世界都是特殊的，当然，这个因素我不便在这儿讲，科学家还要做充分的论证。但是，我想明确，国家为此将设立专项基金，不惜重金组织最优秀的相关科学家攻关，抓紧把雾霾形成的未知因素找出来，使我们治理雾霾更加有效。[ 2017-03-15 13:10 ]</p>\r\n\r\n<p>&nbsp;</p>\r\n\r\n<p><span style=\"font-size:18px\"><strong>李克强</strong></span></p>\r\n\r\n<p>大自然的阴晴风雨不是人类能支配的，但是我们可以支配我们的行为，可以转变我们的发展方式。我和大家的心情一样，雾霾要治理，蓝天在未来不会也不应该成为奢侈品。谢谢。[ 2017-03-15 13:11 ]</p>\r\n\r\n<p>&nbsp;</p>\r\n\r\n<p><span style=\"font-size:18px\"><strong>傅莹</strong></span></p>\r\n\r\n<p>今天的记者招待会到此结束，谢谢李克强总理，也谢谢大家。[ 2017-03-15 13:11 ]</p>\r\n\r\n<p>&nbsp;</p>\r\n\r\n<p><span style=\"font-size:18px\"><strong>中国消费者报记者加问</strong></span></p>\r\n\r\n<p>今天是&ldquo;3&middot;15&rdquo;，总理您能给消费者说几句话吗？[ 2017-03-15 13:12 ]</p>\r\n\r\n<p>&nbsp;</p>\r\n\r\n<p><span style=\"font-size:18px\"><strong>李克强</strong></span></p>\r\n\r\n<p>我和大家都是消费者，都需要权益保护，用网络语言说：我们要给优质产品&ldquo;点赞&rdquo;，把不良奸商&ldquo;拉黑&rdquo;。大家共同努力，让我们的优质产品一天一天多起来，让我们的生活一年比一年好。谢谢各位。[ 2017-03-15 13:12 ]</p>\r\n\r\n<p>&nbsp;</p>\r\n\r\n<p><span style=\"font-size:18px\"><strong>新华网、中国政府网</strong></span></p>\r\n\r\n<p>本场直播到此结束，谢谢。[ 2017-03-15 13:13 ]</p>\r\n</body>\r\n</html>\r\n', '2017-03-17 18:49:59', 'e27de741e5b518ce40899a731f0ad703', '13', '135', 'InUse', '国务院总理李克强回答中外记者提问', '652', 'admin', '1', '2017-10-24 15:02:11');
INSERT INTO `cms_chapter` VALUES ('888', '<html>\r\n<head>\r\n	<title></title>\r\n</head>\r\n<body>\r\n<p style=\"text-align:justify\"><span style=\"font-family:courier new,courier,monospace\"><span style=\"font-size:18px\">3月15日的北京，蓝天、白云和着温暖的阳光，勾勒了一个明媚的春日。</span></span></p>\r\n\r\n<p style=\"text-align:justify\"><span style=\"font-family:courier new,courier,monospace\"><span style=\"font-size:18px\">3月15日，在北京的国际会议中心，质检总局主办的3.15国际消费者权益日主题宣传活动中，政、企、消、协、媒五方代表齐聚一堂，他们要勾勒的，是一个质量的春天。</span></span></p>\r\n\r\n<p style=\"text-align:justify\"><span style=\"font-family:courier new,courier,monospace\"><span style=\"font-size:18px\">&ldquo;携手宣传质量、推动质量提升、促进保障消费者权益，我们更加感受到了肩上沉甸甸的责任。&rdquo;中国消费品质量安全促进会驻会副理事长王铁夫表示，广大消费者对美好生活的追求切盼高质量的产品供给。所有与质量相关的部门、组织以及个人，在推动质量提升方面均责无旁贷。而作为具有非营利性质与监督、纽带等作用的社会组织，在广泛开展质量提升行动中也必将大有可为。</span></span></p>\r\n\r\n<p style=\"text-align:justify\"><span style=\"font-family:courier new,courier,monospace\"><span style=\"font-size:18px\">自我国1986年首次开展3.15活动，迄今已有30多年。这30多年里，中国消费者权利意识不断觉醒，政府和社会对保护消费者权益作出了不懈努力。维护质量诚信、保护消费者权益不再是政府的独角戏，也不再是消费者势单力薄的维权难题。</span></span></p>\r\n\r\n<p style=\"text-align:justify\"><span style=\"font-family:courier new,courier,monospace\"><span style=\"font-size:18px\">质检总局副局长、党组副书记梅克保在活动讲话中说，各级政府要认真贯彻落实中央精神，树立质量第一的强烈意识，把质量工作摆在更加突出的位置来抓，打好新一轮质量攻坚战;要坚持质量提升和质量监管双管齐下，加强质量诚信建设，打击质量违法行为。</span></span></p>\r\n\r\n<p style=\"text-align:justify\"><span style=\"font-family:courier new,courier,monospace\"><span style=\"font-size:18px\">企业是质量的主体，为消费者提供优质产品和服务同样责无旁贷。从1669年乐显扬在大栅栏创办同仁堂药室到今天，百年老字号北京同仁堂已走过348年历史，成长为中医药行业响当当的金字招牌，是中国医药行业惟一的中国质量奖获得者。其党委书记、董事长梅群说，质量是同仁堂立业之本，诚信是同仁堂发展之基，同仁堂会像爱护自己的眼睛和生命一样爱护同仁堂品牌，打造老百姓心中永远的放心品牌。</span></span></p>\r\n\r\n<p style=\"text-align:justify\"><span style=\"font-family:courier new,courier,monospace\"><span style=\"font-size:18px\">80年代，张瑞敏手持一把大锤将不合格的冰箱砸掉，用对缺陷零容忍的行动阐述了质量诚信，树立了&ldquo;有缺陷的产品就是废品&rdquo;的零缺陷质量观念，获得了冰箱行业的第一枚金牌。</span></span></p>\r\n\r\n<p style=\"text-align:justify\"><span style=\"font-family:courier new,courier,monospace\"><span style=\"font-size:18px\">如今，消费者期待更多像海尔一样有责任、讲诚信的中国企业、中国品牌走向世界，让国内外消费者有更多的&ldquo;质量获得感&rdquo;，分享更多的&ldquo;质量红利&rdquo;。</span></span></p>\r\n\r\n<p style=\"text-align:justify\"><span style=\"font-family:courier new,courier,monospace\"><span style=\"font-size:18px\">&ldquo;质量是诚信的基础，如果没有诚信，一切都是建立在沙滩上。&rdquo;海尔家电产业集团副总裁任贤全说，企业是质量责任的主体，要引领责任、倡导诚信，切实负起主体责任，维护消费者权益，与社会各界共建质量诚信大堤。</span></span></p>\r\n\r\n<p style=\"text-align:justify\"><span style=\"font-family:courier new,courier,monospace\"><span style=\"font-size:18px\">消费者是市场消费的主体，营造和谐满意的消费环境，同样离不开消费者的努力和支持。对外经贸大学质量法制研究中心主任李俊表示，广大消费者要树立质量消费、理性消费、文明消费的观念，用&ldquo;货币投票&rdquo;，支持重视产品和服务质量、关心消费者权益的诚信企业，在市场竞争中脱颖而出。</span></span></p>\r\n\r\n<p style=\"text-align:justify\"><span style=\"font-family:courier new,courier,monospace\"><span style=\"font-size:18px\">&ldquo;我们保证：坚决以诚为本，依法经营，加强自律，强化责任，携手社会各界共创质量时代的美好明天。&rdquo;当活动现场，52家企业责任诚信的承诺话音刚落，会场上便响起了阵阵掌声，这掌声献给为维护消费者权益、为提升质量供给而奋斗的每一个人。</span></span></p>\r\n</body>\r\n</html>\r\n', '2017-03-17 18:52:31', 'b97476ca16f7d73aa663286cc5475974', '15', '52', 'InUse', '共创质量时代的美好明天——3.15国际消费者权益日主题宣传活动侧记', null, 'admin', '1', '2017-05-25 13:12:35');
INSERT INTO `cms_chapter` VALUES ('889', '<html>\r\n<head>\r\n	<title></title>\r\n</head>\r\n<body>\r\n<p style=\"text-align:justify\"><span style=\"font-family:courier new,courier,monospace\"><span style=\"font-size:18px\">在3&middot;15国际消费者权益日来临之际，3月14日上午，由市工商局、市消协联合主办的&ldquo;网络诚信 消费无忧&rdquo;主题纪念活动举行。国家工商总局、中消协、市发改委、市商务委、市精神文明办、市工商局、市消费者协会等单位领导参加了此次活动。市政府副市长程红参加活动并讲话。</span></span></p>\r\n\r\n<p style=\"text-align:justify\"><span style=\"font-family:courier new,courier,monospace\"><span style=\"font-size:18px\">2016年，市工商局与包括京东、天猫、亚马逊中国、苏宁、国美、聚美优品等12家知名网络交易平台签署了《加强网络交易消费者权益保护框架协议》(以下简称框架协议)这12家网络交易平台共同通报了签署框架协议以来取得的工作成效。</span></span></p>\r\n\r\n<p style=\"text-align:justify\"><span style=\"font-family:courier new,courier,monospace\"><span style=\"font-size:18px\">框架协议签署后，首次实现平台商户信用数据的实时交换，完成经营主体数据的比对超过3万条次，对1.3万条网店信息与本市经营主体建立了数据关联，实现对第三方商家主体信息、信用资质的全面审核和实时监测;首次明确&ldquo;一企一策&rdquo;、&ldquo;量体裁衣&rdquo;的工作原则，交换投诉举报数据76000条，定期向签约平台提供个性化的消费投诉举报数据分析;首次共同发布风险提示、警示信息，交换线上、线下抽检、风险监测商品检测数据近5000条次，工商部门与平台共同建立起商品质量风险防控体系。</span></span></p>\r\n\r\n<p style=\"text-align:justify\"><span style=\"font-family:courier new,courier,monospace\"><span style=\"font-size:18px\">自签署协议以来，十二家平台全面落实产品质量、网络商品销售等方面的合规监控，十二家平台内超过27万家商户建立了经营者首问和赔偿先付制度，对平台商户存在的虚假延迟发货、商品与描述不符、违背承诺等违法违规行为进行内部处罚1968次。十二家平台首次共同发布对35家违规商户的清退公告，为平台的规范管理、健康发展提供有力保障。</span></span></p>\r\n\r\n<p style=\"text-align:justify\"><span style=\"font-family:courier new,courier,monospace\"><span style=\"font-size:18px\">京东、天猫作为代表，就平台在签署框架协议后搭建信息互通通道、加强内部管理的措施和成果进行了展示。活动现场由市工商局和京东共同启动了&ldquo;山海关&rdquo;程序，正式打通企业信用信息和平台第三方数据交换的通道，程序启动后将实现北京市企业主体信用信息和京东平台第三方商家数据的实时交换。</span></span></p>\r\n\r\n<p style=\"text-align:justify\"><span style=\"font-family:courier new,courier,monospace\"><span style=\"font-size:18px\">活动现场12家电商平台与北京红星美凯龙世博家具建材广场有限公司、北京吴裕泰茶业股份有限公司、北京利生体育商厦、北京超市发连锁股份有限公司、北京翠微大厦股份有限公司、北京蓝景丽家大钟寺家居广场市场有限公司、北京菜市口百货股份有限公司、王府井集团股份有限公司百货大楼等30家企业共同签署了诚信服务承诺书。承诺为营造放心消费环境，推动行业自律，增强企业社会责任感，营造诚实守信的社会氛围，促进社会信用体系建设，接受社会监督。</span></span></p>\r\n\r\n<p style=\"text-align:justify\"><span style=\"font-family:courier new,courier,monospace\"><span style=\"font-size:18px\">一、依法经营，严格自律，树立企业社会责任感，以诚信立身。保证提供商品、服务信息真实。</span></span></p>\r\n\r\n<p style=\"text-align:justify\"><span style=\"font-family:courier new,courier,monospace\"><span style=\"font-size:18px\">二、营造安全放心的消费环境，自觉开展各种形式的消费教育活动,为消费者提供可信的商品和规范的服务。</span></span></p>\r\n\r\n<p style=\"text-align:justify\"><span style=\"font-family:courier new,courier,monospace\"><span style=\"font-size:18px\">三、开通与北京市各级消协间时时通畅的快速通道，双方共同研判突出的消费侵权问题，制定针对性解决方案，提升消费者满意度。</span></span></p>\r\n\r\n<p style=\"text-align:justify\"><span style=\"font-family:courier new,courier,monospace\"><span style=\"font-size:18px\">四、消费环节经营者依法履行消费维权第一责任人的责任，依据&ldquo;谁销售商品谁负责，谁提供服务谁负责&rdquo;的原则，及时受理和依法处理消费者投诉，主动和解消费纠纷。</span></span></p>\r\n\r\n<p style=\"text-align:justify\"><span style=\"font-family:courier new,courier,monospace\"><span style=\"font-size:18px\">五、严格履行&ldquo;三包&rdquo;规定和国家规定的其他售后义务，兑现对消费者的各项服务承诺，不损害消费者合法权益。</span></span></p>\r\n\r\n<p style=\"text-align:justify\"><span style=\"font-family:courier new,courier,monospace\"><span style=\"font-size:18px\">六、产品生产和流通环节符合环境保护原则，不以浪费资源和破坏环境为代价牟利。</span></span></p>\r\n\r\n<p style=\"text-align:justify\"><span style=\"font-family:courier new,courier,monospace\"><span style=\"font-size:18px\">程红副市长充分肯定了工商部门和十二家平台在政企合作平台搭建以来取得的工作成效，并对下一步的工作提出了三点要求：一是充分认识优化网络消费环境的重要意义，积极应对电子商务行业发展中面临的新问题、新挑战，不断提升消费者权益保护工作的能力和水平;二是进一步提升平台责任意识，电商平台企业是构建诚信网络消费环境的第一责任人，平台要主动参与到监管和消费维权的各个领域、各个环节，依法依规开展经营活动;三是积极发挥政企合作的长效作用，不断扩大政企合作平台范围，努力形成可复制、能推广的北京经验，促进整个电子商务行业健康、有序、快速发展。</span></span></p>\r\n</body>\r\n</html>\r\n', '2017-03-17 18:53:35', 'bc2c2a8327969442d589a93a1722a1da', '14', '58', 'InUse', '3·15消费者权益日“网络诚信 消费无忧”主题纪念活动举行', null, 'admin', '1', '2017-05-25 13:12:42');
INSERT INTO `cms_chapter` VALUES ('891', '<html>\r\n<head>\r\n	<title></title>\r\n</head>\r\n<body>\r\n<p style=\"text-align:justify\"><span style=\"font-family:courier new,courier,monospace\"><span style=\"font-size:18px\">2017年央视315晚会在北京举行，央视发布二号预警</span></span></p>\r\n\r\n<p style=\"text-align:justify\"><span style=\"font-family:courier new,courier,monospace\"><span style=\"font-size:18px\">#315曝光台#央视315晚会上第二个消费预警环节，质检人员演示搅拌饮料，攻破了网上流言，大约30秒后，橙色饮料变浅，质检人员解释，饮料颜色变浅不是因为色素超标，是由于使用吸附力超强的色母片。</span></span></p>\r\n\r\n<p style=\"text-align:justify\"><span style=\"font-family:courier new,courier,monospace\"><span style=\"font-size:18px\"><img alt=\"\" src=\"http://47.93.46.185:80/filee/viewPic.do?manageKey=917dd237e21bcd0ea5901696f1314627\" style=\"height:470px; width:690px\" /></span></span></p>\r\n\r\n<p style=\"text-align:justify\"><span style=\"font-family:courier new,courier,monospace\"><span style=\"font-size:18px\">以下为文字实录：</span></span></p>\r\n\r\n<p style=\"text-align:justify\"><span style=\"font-family:courier new,courier,monospace\"><span style=\"font-size:18px\">谢颖颖：接下来要发布今天晚会的二号消费预警了。现在生活当中有关食品的安全太多了，需要大家冷静下来，用科学的尝试分析破解它。今天在现场我们就来做一个小调查，看大家辨别网络留言的能力怎么样。</span></span></p>\r\n\r\n<p style=\"text-align:justify\"><span style=\"font-family:courier new,courier,monospace\"><span style=\"font-size:18px\">在您的视频上面有5道题，我们平常生活当中可能都有碰到过，第2道题就是我从小听到大的题，说菠菜富含铁元素，是补铁蔬菜。第4题是炒菜最好用铁锅，可以补铁，这5道题哪些是正确的、哪些是错误的。答案稍候给大家公布。</span></span></p>\r\n\r\n<p style=\"text-align:justify\"><span style=\"font-family:courier new,courier,monospace\"><span style=\"font-size:18px\">公布之前我们再来看看几张照片。是网络上前段时间非常火的视频当中截取下来的，实验者是拿纸巾放在橙色的饮料当中搅拌之后饮料变成透明的白色了，大家都想说我是不是喝了那么多年的假饮料，这段食品我没有看过，今天现场就还原一下这个视频，有请我们的实验员。</span></span></p>\r\n\r\n<p style=\"text-align:justify\"><span style=\"font-family:courier new,courier,monospace\"><span style=\"font-size:18px\">你带的也是橙色的饮料是吗?</span></span></p>\r\n\r\n<p style=\"text-align:justify\"><span style=\"font-family:courier new,courier,monospace\"><span style=\"font-size:18px\">实验员：今天上午我刚从超市买的。</span></span></p>\r\n\r\n<p style=\"text-align:justify\"><span style=\"font-family:courier new,courier,monospace\"><span style=\"font-size:18px\">谢颖颖：本着科学严谨的态度我们尝一下，是不是我们平常看到的侧色的饮料。</span></span></p>\r\n\r\n<p style=\"text-align:justify\"><span style=\"font-family:courier new,courier,monospace\"><span style=\"font-size:18px\">实验员：倒一点。</span></span></p>\r\n\r\n<p style=\"text-align:justify\"><span style=\"font-family:courier new,courier,monospace\"><span style=\"font-size:18px\">谢颖颖：科学的态度，一看是橙色的，二闻，是那个味，我再尝一下。对，就是我们平常喝的这种饮料。</span></span></p>\r\n\r\n<p style=\"text-align:justify\"><span style=\"font-family:courier new,courier,monospace\"><span style=\"font-size:18px\">实验员：我们把饮料倒在两个相同的烧杯里面。</span></span></p>\r\n\r\n<p style=\"text-align:justify\"><span style=\"font-family:courier new,courier,monospace\"><span style=\"font-size:18px\">谢颖颖：我们可以看到，这两个烧杯当中的饮料来源是同一个出处。</span></span></p>\r\n\r\n<p style=\"text-align:justify\"><span style=\"font-family:courier new,courier,monospace\"><span style=\"font-size:18px\">实验员：我现场准备了两种纸巾，你挑一种放在烧杯里面。</span></span></p>\r\n\r\n<p style=\"text-align:justify\"><span style=\"font-family:courier new,courier,monospace\"><span style=\"font-size:18px\">谢颖颖：我拿一个软的吧，平常我们看到的纸巾。塞进去。</span></span></p>\r\n\r\n<p style=\"text-align:justify\"><span style=\"font-family:courier new,courier,monospace\"><span style=\"font-size:18px\">实验员：一个玻璃棒快速搅拌。我们一般在实验室搅拌1分钟效果就比较明显了，不过以我们现在的搅拌速率应该有十几二十秒效果就比较明显，看颜色釉没有变化，结果揭晓。</span></span></p>\r\n\r\n<p style=\"text-align:justify\"><span style=\"font-family:courier new,courier,monospace\"><span style=\"font-size:18px\">拿东西把它捞出来。</span></span></p>\r\n\r\n<p style=\"text-align:justify\"><span style=\"font-family:courier new,courier,monospace\"><span style=\"font-size:18px\">谢颖颖：我们看到这三杯，这是我刚才喝的饮料，这是用您挑选的纸巾搅拌的，这是我挑选的纸巾，颜色明显浅了很多，为什么会出现这样的变化?</span></span></p>\r\n\r\n<p style=\"text-align:justify\"><span style=\"font-family:courier new,courier,monospace\"><span style=\"font-size:18px\">实验员：其实秘密就在你选的纸巾上面。</span></span></p>\r\n\r\n<p style=\"text-align:justify\"><span style=\"font-family:courier new,courier,monospace\"><span style=\"font-size:18px\">谢颖颖：有什么区别?</span></span></p>\r\n\r\n<p style=\"text-align:justify\"><span style=\"font-family:courier new,courier,monospace\"><span style=\"font-size:18px\">实验员：我选的是普通纸巾，你选择的叫色母片，吸附能力很强，一般我们洗衣服放一两张颜色就不会变了。</span></span></p>\r\n\r\n<p style=\"text-align:justify\"><span style=\"font-family:courier new,courier,monospace\"><span style=\"font-size:18px\">谢颖颖：如果放在别的饮料当中也会产生这样的效果吗?</span></span></p>\r\n\r\n<p style=\"text-align:justify\"><span style=\"font-family:courier new,courier,monospace\"><span style=\"font-size:18px\">实验员：是的。其实部分食品当中有色素，大家不要担心，只要符合相关的食品安全标准，按照规定的标准使用，符合相应的要求就可以正常饮用。</span></span></p>\r\n\r\n<p style=\"text-align:justify\"><span style=\"font-family:courier new,courier,monospace\"><span style=\"font-size:18px\">谢颖颖：我们知道有些饮料当中含有一定的食用色素，一定剂量是在国家规定的安全范围之内的，大家不用惊慌，之所以产生这样的效果，是因为我用了吸附力超强的色母片，看来这个留言就被攻破了，但是网上调查60%的人都认为是真的，所以这些人都没有回答正确，不知道在场的朋友们你们回答正确了吗。</span></span></p>\r\n\r\n<p style=\"text-align:justify\"><span style=\"font-family:courier new,courier,monospace\"><span style=\"font-size:18px\">看来第1道题是错误的。而其他4道题的表述是正确还是错误的呢?要给大家揭晓答案了。其余4道题的表述全部都是错误的。</span></span></p>\r\n\r\n<p style=\"text-align:justify\"><span style=\"font-family:courier new,courier,monospace\"><span style=\"font-size:18px\">在于网上公布了这样的调查结果之后，刚才工作人员告诉我，全部回答正确的只有5%的人，我们现场有回答正确的朋友吗?</span></span></p>\r\n\r\n<p style=\"text-align:justify\"><span style=\"font-family:courier new,courier,monospace\"><span style=\"font-size:18px\">那位女士，你回答正确了，只有1位女同志，还有这位男士，慢慢都举起来了，看来现场还是有明眼人。</span></span></p>\r\n\r\n<p style=\"text-align:justify\"><span style=\"font-family:courier new,courier,monospace\"><span style=\"font-size:18px\">但是从这样一点非常明显的发现了，大家在这样一个消费环境的信息，有的时候可能就被短短几分钟的视频击破了，因此现在政府对于留言的编造者、散布者加大了处罚力度，会交由公安机关依法处理。</span></span></p>\r\n\r\n<p style=\"text-align:justify\"><span style=\"font-family:courier new,courier,monospace\"><span style=\"font-size:18px\">我们晚会进行到现在已经揭开了一些消费的陷阱和黑幕了，我们央视财经频道的3&middot;15追踪报道小组的记者和当地的执法部门已经到了涉事企业的现场进行执法。</span></span></p>\r\n</body>\r\n</html>\r\n', '2017-03-17 18:59:34', '55be91d77311c7e888536e3f6ddd6283', '1', '92', 'InUse', '央视发布：饮料颜色变浅不是因为色素超标', '676', 'admin', '4', '2017-10-26 15:13:34');
INSERT INTO `cms_chapter` VALUES ('892', '<html>\r\n<head>\r\n	<title></title>\r\n</head>\r\n<body>\r\n<p style=\"text-align:justify\"><span style=\"font-family:courier new,courier,monospace\"><span style=\"font-size:18px\">　2017年央视315晚会在北京举行，央视发布三号预警，主持人演示照片经过技术处理后便可通过人脸识别系统，暴露安全隐患。</span></span></p>\r\n\r\n<p style=\"text-align:center\"><span style=\"font-family:courier new,courier,monospace\"><span style=\"font-size:18px\"><img alt=\"\" src=\"http://47.93.46.185:80/filee/viewPic.do?manageKey=54c9c55bea9575fb54c4646a2761f519\" style=\"height:389px; width:690px\" /></span></span></p>\r\n\r\n<p style=\"text-align:justify\"><span style=\"font-family:courier new,courier,monospace\"><span style=\"font-size:18px\">陈伟鸿：在今天这样一个互联网时代，有一样东西其实跟我们的关系变得越来越密切了，那就是密码，因为你会发现需要使用密码的地方真的越来越多了，比如说登录我们个人的电子邮箱，使用我们的社交软件，或者是完成支付等等等等，当然为了安全起见，密码设置的方式也变得越来越复杂、越来越多元，原来可能只是一连串的数字，现在是数字加上英文字母，加上现在日渐流行的指纹识别、虹膜识别、人脸识别等等，这些安全级别越来越高的密码，到底是不是可以真正做到万无一失呢，我们今天在现场会来完成几个实验。</span></span></p>\r\n\r\n<p style=\"text-align:justify\"><span style=\"font-family:courier new,courier,monospace\"><span style=\"font-size:18px\">接下来是我们今天2017《3&middot;15晚会》消费预警的现场互动时间，我想问一问我们现场的各位，有多少人经常会使用包括微博或者微信在内的这些社交软件。非常多，占比高达90%以上。再问一下大家，有多少人常常在你们的社交媒体上发布自己的照片，晒一下自己的美照?也有不少人。</span></span></p>\r\n\r\n<p style=\"text-align:justify\"><span style=\"font-family:courier new,courier,monospace\"><span style=\"font-size:18px\">我们从刚才举手的朋友当中选一位参加我们的互动和调查。那位小伙子，待会儿我们要请你展现一下你的亮照，因为你刚刚举手了，相信你肯定经常在微博或者微信上发照片，介意不介意公布自己微博的名字。展现在大屏幕上，全国观众都能看得到的。</span></span></p>\r\n\r\n<p style=\"text-align:justify\"><span style=\"font-family:courier new,courier,monospace\"><span style=\"font-size:18px\">A：最好多点粉丝。</span></span></p>\r\n\r\n<p style=\"text-align:justify\"><span style=\"font-family:courier new,courier,monospace\"><span style=\"font-size:18px\">陈伟鸿：微博名字叫什么?</span></span></p>\r\n\r\n<p style=\"text-align:justify\"><span style=\"font-family:courier new,courier,monospace\"><span style=\"font-size:18px\">A：逆的风看有天空在飞。</span></span></p>\r\n\r\n<p style=\"text-align:justify\"><span style=\"font-family:courier new,courier,monospace\"><span style=\"font-size:18px\">陈伟鸿：好文艺的名字，我们请工作人员把他的微博找到，并且呈现在大屏幕上，看看在这个微博当中你会发布一些什么样的照片，出现了。</span></span></p>\r\n\r\n<p style=\"text-align:justify\"><span style=\"font-family:courier new,courier,monospace\"><span style=\"font-size:18px\">A：是这个。</span></span></p>\r\n\r\n<p style=\"text-align:justify\"><span style=\"font-family:courier new,courier,monospace\"><span style=\"font-size:18px\">陈伟鸿：我们请工作人员做一下技术处理，小伙子，我待会儿会用你的照片变一个魔术。</span></span></p>\r\n\r\n<p style=\"text-align:justify\"><span style=\"font-family:courier new,courier,monospace\"><span style=\"font-size:18px\">A：可以。</span></span></p>\r\n\r\n<p style=\"text-align:justify\"><span style=\"font-family:courier new,courier,monospace\"><span style=\"font-size:18px\">陈伟鸿：这其实是一张静止的照片，经过我们的处理之后会听我的指挥动起来，不信可以看一下。</span></span></p>\r\n\r\n<p style=\"text-align:justify\"><span style=\"font-family:courier new,courier,monospace\"><span style=\"font-size:18px\">照片眨眨眼，动了。照片请动动嘴，也动了。其实在我看来这不算是特别神奇的事，因为我们的技术处理还可以进一步的升级，接下来我会用手机为大家来做一个演示。</span></span></p>\r\n\r\n<p style=\"text-align:justify\"><span style=\"font-family:courier new,courier,monospace\"><span style=\"font-size:18px\">接下来请导播将我的手机信号切到我们的大屏上。现在各位在屏幕上已经看到我的图像，我们待会儿来看看究竟会有什么样的变化出现。321。</span></span></p>\r\n\r\n<p style=\"text-align:justify\"><span style=\"font-family:courier new,courier,monospace\"><span style=\"font-size:18px\">天哪，我瞬间就变成了他。虽然有点不太习惯，但是这样的变化居然真的就出现了，但是也许有人说，你刚才这个如果算得上是魔术的话，一点都不高级，对，我也觉得不高级，难度不大，没有什么挑战性，因为市面上流行的一些拼图软件，分分钟可以做到这样的效果，但越是简单的背后，我们越希望提醒大家注意它可能存在的潜在的风险。比如说如果你仅仅是拼图自娱自乐当然无妨，但是你也没有想过，如果有人用这样处理过的照片去登录人脸识别之后才可以登录的一些系统，你的社交媒体、你的银行账户会不会让你觉得特别的恐怖呢，这有可能做得到吗?我们来试一试。</span></span></p>\r\n\r\n<p style=\"text-align:justify\"><span style=\"font-family:courier new,courier,monospace\"><span style=\"font-size:18px\">现在我手上的这个手机即将要登录的是一个通过人脸识别才可以登录的APP，它和所有的人脸登录系统的要求是一样的，这次实验我不大把它对着我的脸来登录，因为没有难度，因为那是规定动作，这次我想对着我的一张照片来试一试它有没有可能通过人脸识别的验证。</span></span></p>\r\n\r\n<p style=\"text-align:justify\"><span style=\"font-family:courier new,courier,monospace\"><span style=\"font-size:18px\">大屏幕上现在已经出现了我的照片，当然现在各位看到的是一张静态的照片，稍候我会用一下刚才已经被各位演示过的技术处理，比如说眨眨眼之类的，马上开始我们今天的实验。实验正式开始。</span></span></p>\r\n\r\n<p style=\"text-align:justify\"><span style=\"font-family:courier new,courier,monospace\"><span style=\"font-size:18px\">刷脸解锁。</span></span></p>\r\n\r\n<p style=\"text-align:justify\"><span style=\"font-family:courier new,courier,monospace\"><span style=\"font-size:18px\">A：请眨眼。很好。</span></span></p>\r\n\r\n<p style=\"text-align:justify\"><span style=\"font-family:courier new,courier,monospace\"><span style=\"font-size:18px\">陈伟鸿：验证通过。这会儿其实我真的笑不出来，做这个实验之前我还有点将信将疑，但现在看到&ldquo;验证通过&rdquo;这几个字的时候全身出了很多很多的汗，你想原本这个人脸识别应该是让它对着我的脸完成的，可是先一张照片稍作处理居然就通过了，就是说如果有别有用心的人拿某一张照片去做一定的技术处理的话，它是有可能通过人脸识别的验证的。</span></span></p>\r\n\r\n<p style=\"text-align:justify\"><span style=\"font-family:courier new,courier,monospace\"><span style=\"font-size:18px\">你可能还会说，其实不是所有的人脸识别的验证都是这么简单，只要眨眨眼，没错，因为安全的需求，有的时候需要有更级别的验证，被称之为活体检测，这一刻活体检测不是一个医学术语，指的是你需要用一个更鲜活的、更生动的、更立体的面孔通过检测，我们继续来做实验，看这当中有没有可能依然还有漏洞的存在。</span></span></p>\r\n\r\n<p style=\"text-align:justify\"><span style=\"font-family:courier new,courier,monospace\"><span style=\"font-size:18px\">这个手机是刚才我们来做变脸的那部手机，我继续让它变过来，现在大家看到，我的脸又在上面了，当然是刚才那个小伙子的脸。</span></span></p>\r\n\r\n<p style=\"text-align:justify\"><span style=\"font-family:courier new,courier,monospace\"><span style=\"font-size:18px\">A：321，请眨眼。右转头，做的不错。左转头，棒棒的。请左右摇头。最后一步，请微笑，棒棒的。</span></span></p>\r\n\r\n<p style=\"text-align:justify\"><span style=\"font-family:courier new,courier,monospace\"><span style=\"font-size:18px\">大伙笑了，其实我有点笑不出来，第一，要向这个小活字道歉，你那么帅，因为我们历史处理，把你弄得那么丑，但是居然还通过了。这说明刚才我所使用的这个人脸识别的活体检测依然是有漏洞的。如果有人钻了这样一个漏洞，钻进了我们需要人脸识别、需要活体检测才可以进入的一些系统，那么会有什么样的风险等待着我们。</span></span></p>\r\n\r\n<p style=\"text-align:justify\"><span style=\"font-family:courier new,courier,monospace\"><span style=\"font-size:18px\">其实今天我所做的以上的实验完全没有任何的意味想要把人脸识别这样一些高科技含量的应用打入冷宫，我只是想提醒大家，在这些高科技应用的背后依然有可能存在风险、存在漏洞。其实从过往的经验来看，科技含量越高，他常常安全系数也越高，但是对于像人脸识别这样的全新的技术应用，我们特别希望提醒那些研发者、那些使用部门，能够在使用和研发的过程当中少一些概念，而能够把真正的力气花在脚踏实地的每一件实事当中，让高科技真正的铸起我们安全的铜墙铁壁，当然对于我们所有的消费者来说，在今天，当我们的姓名、我们的电话、我们的住址这些个人信息已经没有办法成为百分之百的绝对隐私的时候，其实坦率地讲，任何一种密码的设定方式，也不能称之为百分之百的安全，只有不断的提高我们的防范意识，才能够真正的把风险降到最低。</span></span></p>\r\n</body>\r\n</html>\r\n', '2017-03-17 19:10:43', '2b38b0b9a19c8837e056dbcda0a8bf59', '2', '157', 'InUse', '央视发布消费预警：照片可通过人脸识别系统', '677', 'admin', '4', '2017-10-26 15:14:05');
INSERT INTO `cms_chapter` VALUES ('893', '<html>\r\n<head>\r\n	<title></title>\r\n</head>\r\n<body>\r\n<p><span style=\"font-size:18px\"><span style=\"font-family:courier new,courier,monospace\">(央视财经讯)2016年9月，深圳市市场和质量监督管理委员会市场稽查局的执法人员发现一些跨境电商平台上都在销售来自日本的食品，有奶粉、麦片、大米、 酒类等。网站的商品详情介绍中，这些食品产地一栏仅标明是日本，而没有更为详细的地址。</span></span></p>\r\n\r\n<p><span style=\"font-size:18px\"><span style=\"font-family:courier new,courier,monospace\">那么这些食品到底是产自日本的哪里呢?</span></span></p>\r\n\r\n<p><span style=\"font-size:18px\"><span style=\"font-family:courier new,courier,monospace\">电商平台1：这个没有具体的显示日本产自哪里，只能看到是在日本那边的产地，您的说这个辐射区可能是网上流传的什么新闻，这个可能每个客户理解都不一样，这个我们也没有办法到上海那边去探测他那边的一个辐射，这就只能看自己考虑。</span></span></p>\r\n\r\n<p><span style=\"font-size:18px\"><span style=\"font-family:courier new,courier,monospace\">电商平台2：如果有这个问题我们肯定就下架处理了，不会还在上面销售的，所以这个您放心。</span></span></p>\r\n\r\n<p><span style=\"font-size:18px\"><span style=\"font-family:courier new,courier,monospace\">真得像他们说的这样吗?这些食品到底产自日本什么地方呢?</span></span></p>\r\n\r\n<p><span style=\"font-size:18px\"><span style=\"font-family:courier new,courier,monospace\">记者在这些电商平台上购买了几款热销的日本食品，后发现，这款和光堂二段婴儿奶粉包装标明产地是日本枥木县!</span></span></p>\r\n\r\n<p><span style=\"font-size:18px\"><span style=\"font-family:courier new,courier,monospace\">这款新泻大米则直接标注来自日本的新泻县的鱼沼!</span></span></p>\r\n\r\n<p><span style=\"font-size:18px\"><span style=\"font-family:courier new,courier,monospace\">这款卡乐比水果麦片则只标注了公司注册地址，在保质期下方标注的工厂代码，记者经过查询后发现生产工厂在日本枥木县清源工厂!</span></span></p>\r\n\r\n<p><span style=\"font-size:18px\"><span style=\"font-family:courier new,courier,monospace\">这款日本养命酒外包装上产地是东京都!</span></span></p>\r\n\r\n<p><span style=\"font-size:18px\"><span style=\"font-family:courier new,courier,monospace\"><img alt=\"\" src=\"http://47.93.46.185:80/filee/viewPic.do?manageKey=3c16509a9fcf9f2537fa3084238890e7\" style=\"height:389px; width:690px\" /></span></span></p>\r\n\r\n<p><span style=\"font-size:18px\"><span style=\"font-family:courier new,courier,monospace\">既然这些产品的包装上都标有详细的产地，为什么销售这些产品的商家却没有标明呢?</span></span></p>\r\n\r\n<p><span style=\"font-size:18px\"><span style=\"font-family:courier new,courier,monospace\">2011国家质量监督检验检疫总局发布的《关于进一步加强从日本进口食品农产品(11.510,0.00, 0.00%)检验检疫监管的公告》，原来这些通过网络平台购买的日本食品都在禁止进口的名单之列。</span></span></p>\r\n\r\n<p><span style=\"font-size:18px\"><span style=\"font-family:courier new,courier,monospace\">不仅是线上，在一些跨境电商的线下体验店里，记者也发现同样来自日本核污染地区的食品。</span></span></p>\r\n\r\n<p><span style=\"font-size:18px\"><span style=\"font-family:courier new,courier,monospace\">进口食品超市</span></span></p>\r\n\r\n<p><span style=\"font-size:18px\"><span style=\"font-family:courier new,courier,monospace\">商户：这边用的人蛮多的。</span></span></p>\r\n\r\n<p><span style=\"font-size:18px\"><span style=\"font-family:courier new,courier,monospace\">记者：日本的是吧?</span></span></p>\r\n\r\n<p><span style=\"font-size:18px\"><span style=\"font-family:courier new,courier,monospace\">商记：嗯。</span></span></p>\r\n\r\n<p><span style=\"font-size:18px\"><span style=\"font-family:courier new,courier,monospace\">跨境电商线下体验店</span></span></p>\r\n\r\n<p><span style=\"font-size:18px\"><span style=\"font-family:courier new,courier,monospace\">商户：新闻是新闻，卖东西是卖东西。</span></span></p>\r\n\r\n<p><span style=\"font-size:18px\"><span style=\"font-family:courier new,courier,monospace\">那么这些国家明令禁止进口的来自日本核污染地区食品，又是如何流入国内的呢?</span></span></p>\r\n\r\n<p><span style=\"font-size:18px\"><span style=\"font-family:courier new,courier,monospace\">深圳经典仁源贸易有限公司主要业务就是批发日本食品。记者发现网站上提供的地址，竟然是丰湖干货特产城里的一个摊位，记者在这里见到了该公司的一位负责人林经理。</span></span></p>\r\n\r\n<p><span style=\"font-size:18px\"><span style=\"font-family:courier new,courier,monospace\">林经理承认，他们公司热销售的这款卡乐比麦片，的确是来自日本的核污染地区。</span></span></p>\r\n\r\n<p><span style=\"font-size:18px\"><span style=\"font-family:courier new,courier,monospace\">经典仁源贸易有限公司林经理：这种东西很敏感的了，你知道有一些日本的东西，海关说那边核辐射，不让进口食品。</span></span></p>\r\n\r\n<p><span style=\"font-size:18px\"><span style=\"font-family:courier new,courier,monospace\">虽然国家明令禁止进口，但他们公司还是有办法逃避监管。</span></span></p>\r\n\r\n<p><span style=\"font-size:18px\"><span style=\"font-family:courier new,courier,monospace\">经典仁源贸易有限公司林经理：有一些没办法，没有通过海关，只能到香港再到深圳，香港的量还是相当大的。</span></span></p>\r\n\r\n<p><span style=\"font-size:18px\"><span style=\"font-family:courier new,courier,monospace\">深圳市有棵树旗下的深圳海豚跨境科技有限公司，号称是中国进口母婴用品最大的供应链平台，为国内众多的电商提供货源。在公司的网上商城里记者同样看到了禁止销售的卡乐比麦片。</span></span></p>\r\n\r\n<p><span style=\"font-size:18px\"><span style=\"font-family:courier new,courier,monospace\">公司销售部经理跟记者一再强调，这款产品是通过正规渠道进的。</span></span></p>\r\n\r\n<p><span style=\"font-size:18px\"><span style=\"font-family:courier new,courier,monospace\">深圳海豚跨境科技有限公司销售经理：所有产品都是正规渠道进口的，就说如果有问题国家肯定不会让你进口的。</span></span></p>\r\n\r\n<p><span style=\"font-size:18px\"><span style=\"font-family:courier new,courier,monospace\">那么深圳海豚跨境科技有限公司又是如何通过正规渠道进口的呢?张经理介绍，他们是先进入到国内的保税区，然后再以邮寄快递的方式单独发货给消费者。</span></span></p>\r\n\r\n<p><span style=\"font-size:18px\"><span style=\"font-family:courier new,courier,monospace\">深圳海豚跨境科技有限公司销售经理：跨境电商就是先把货大批量的进到国内保税区，是还没有进行交税的，等到客户下单了一个包裹出去的时候，再交税的，我们在天津、深圳前海、杭州都是有保税区仓库的。</span></span></p>\r\n\r\n<p><span style=\"font-size:18px\"><span style=\"font-family:courier new,courier,monospace\"><img alt=\"\" src=\"http://47.93.46.185:80/filee/viewPic.do?manageKey=f91eedfdb286accdf9827e6aa5816760\" style=\"height:589px; width:690px\" /></span></span></p>\r\n\r\n<p><span style=\"font-size:18px\"><span style=\"font-family:courier new,courier,monospace\">这是海豚公司销售的卡乐比麦片，同样来自核污染地区的枥木县清源工厂。在海豚公司向执法人员提供的材料上显示，该产品是从日本的大阪直接运到天津港(11.150, 0.10, 0.90%)，报关单上并没有显示出跟核污染产地有关的信息。</span></span></p>\r\n\r\n<p><span style=\"font-size:18px\"><span style=\"font-family:courier new,courier,monospace\">记者在调查中了解到海豚公司主要是以批发为主，公司的负责人承认99%的产品都批发给了其他一些电商平台。</span></span></p>\r\n\r\n<p><span style=\"font-size:18px\"><span style=\"font-family:courier new,courier,monospace\">深圳有棵树科技有限公司：这个卡乐比，一个单都上百万的，他跟我签合同，付款给我转帐。</span></span></p>\r\n\r\n<p><span style=\"font-size:18px\"><span style=\"font-family:courier new,courier,monospace\">2017年2月21日，深圳市市场稽查局对深圳有棵树公司进行执法检查，在该公司天津的保税区仓库里查获了近二万袋来自日本核污染地区的卡乐比麦片!</span></span></p>\r\n\r\n<p><span style=\"font-size:18px\"><span style=\"font-family:courier new,courier,monospace\">深圳有棵树科技有限公司</span></span></p>\r\n\r\n<p><span style=\"font-size:18px\"><span style=\"font-family:courier new,courier,monospace\">执法人员： 这个销售额有多少。</span></span></p>\r\n\r\n<p><span style=\"font-size:18px\"><span style=\"font-family:courier new,courier,monospace\">工作人员：1000万左右。</span></span></p>\r\n\r\n<p><span style=\"font-size:18px\"><span style=\"font-family:courier new,courier,monospace\">深圳市市场稽查局在执法检查中还发现，一些实体超市里销售的日本食品同样涉嫌日本核污染地区。在无印良品超市，一些日本食品的外包装上都被贴上了产地为日本的中文标签，但是当揭开中文标签后，露出了这些产品的真实产地为东京都，名列禁止进口名单!</span></span></p>\r\n\r\n<p><span style=\"font-size:18px\"><span style=\"font-family:courier new,courier,monospace\">深圳市市场稽查局工作人员：这个中文标签产地是日本，揭开之后看到的是东京都丰岛区。</span></span></p>\r\n\r\n<p><span style=\"font-size:18px\"><span style=\"font-family:courier new,courier,monospace\"><img alt=\"\" src=\"http://47.93.46.185:80/filee/viewPic.do?manageKey=e89a463b8e82c493f9a5f6aa6510b418\" style=\"height:776px; width:690px\" /></span></span></p>\r\n\r\n<p><span style=\"font-size:18px\"><span style=\"font-family:courier new,courier,monospace\">在一家永旺超市，执法人员也发现了同样的问题。这款外包装标注原材料为北海道产大米的白米饭，揭开中文标签后真实产地竟然为核污染的新泻县!</span></span></p>\r\n\r\n<p><span style=\"font-size:18px\"><span style=\"font-family:courier new,courier,monospace\"><img alt=\"\" src=\"http://47.93.46.185:80/filee/viewPic.do?manageKey=a45ff7021d75e05bca0982ec25c856c6\" style=\"height:776px; width:690px\" /></span></span></p>\r\n\r\n<p><span style=\"font-size:18px\"><span style=\"font-family:courier new,courier,monospace\">　深圳市市场稽查局发现，国内涉嫌销售日本核污染食品的网上商家初步统计已达13000多家，针对这一问问他们将展开全面的清理行动。</span></span></p>\r\n\r\n<p><img alt=\"\" src=\"http://47.93.46.185:80/filee/viewPic.do?manageKey=419ca64707267e0b760616d3b247568b\" style=\"height:423px; width:690px\" /></p>\r\n\r\n<p>&nbsp;</p>\r\n\r\n<p>&nbsp;</p>\r\n</body>\r\n</html>\r\n', '2017-03-17 19:18:54', '8c47e575fe9a381c5c6209502619a98f', '5', '55', 'InUse', '央视315曝光日本辐射食品流入国内 涉及永旺超市无印良品等', '678', 'admin', '4', '2017-10-26 15:15:15');
INSERT INTO `cms_chapter` VALUES ('894', '<html>\r\n<head>\r\n	<title></title>\r\n</head>\r\n<body>\r\n<p style=\"text-align:justify\"><span style=\"font-family:courier new,courier,monospace\"><span style=\"font-size:18px\">互动百科网号称是全球最大的中文百科网站，领先的社会化知识媒体平台，为数亿中文用户免费提供海量、全面、及时的百科信息。但记者调查发现，互动百科上有些词条却很奇怪。有一个词条名叫&ldquo;极藻5s&rdquo;，称含有&ldquo;真核盐藻、极地蛹虫草&rdquo;等五大稀缺成分，&ldquo;被誉为神丹妙药&rdquo;，不仅能&ldquo;美容壮阳&rdquo;，甚至还能&ldquo;明显抑制肿瘤生长&rdquo;。产品见证中，一位肝癌患者服用&ldquo;极藻5s&rdquo;仅仅7天，癌细胞就不见了。可是如此神奇的产品，在国家食品药品监督管理总局网站上却查不到任何相关信息。</span></span></p>\r\n\r\n<p style=\"text-align:justify\"><span style=\"font-family:courier new,courier,monospace\"><span style=\"font-size:18px\">词条显示，&ldquo;极藻5s&rdquo;的拥有者为&ldquo;上海心知元电子商务有限公司&rdquo;。该公司工作人员承认，&ldquo;极藻5s&rdquo;是他们公司销售的一种食品。</span></span></p>\r\n\r\n<p style=\"text-align:justify\"><span style=\"font-family:courier new,courier,monospace\"><span style=\"font-size:18px\">上海心知元电子商务有限公司 副总经理 李析：属于新资源食品。</span></span></p>\r\n\r\n<p style=\"text-align:justify\"><span style=\"font-family:courier new,courier,monospace\"><span style=\"font-size:18px\">我国《食品安全法》规定，食品广告不得含有虚假内容，不得涉及疾病预防、治疗功能。但知元公司却利能用百科词条，堂而皇之地将违禁内容发布了出来。</span></span></p>\r\n\r\n<p style=\"text-align:justify\"><span style=\"font-family:courier new,courier,monospace\"><span style=\"font-size:18px\">上海心知元电子商务有限公司 副总经理 李析：因为它(百科)讲的是我们科学上面的知识，并不是我在推产品，它虽然是在侧面，打擦边球在推你的产品。</span></span></p>\r\n\r\n<p><span style=\"font-family:courier new,courier,monospace\"><span style=\"font-size:18px\">用科学的名义进行推广，通过这样的方式，心知元公司产品的销售异常火爆。</span></span><img alt=\"\" src=\"http://47.93.46.185:80/filee/viewPic.do?manageKey=5efd13604a17a8781f04e62df82d3ebf\" style=\"height:388px; width:690px\" /></p>\r\n\r\n<p style=\"text-align:justify\"><span style=\"font-family:courier new,courier,monospace\"><span style=\"font-size:18px\">上海心知元电子商务有限公司 副总经理 李析：一个月，在我们这边，就这一个单品，销售将近一万盒，极藻5s。销售最旺的时候是下单，它就下一万五千盒。</span></span></p>\r\n\r\n<p style=\"text-align:justify\"><span style=\"font-family:courier new,courier,monospace\"><span style=\"font-size:18px\">在互动百科上，利用这种方式推广产品的词条还有很多，比如&ldquo;B365酵素&rdquo;、&ldquo;补肝素&rdquo;、&ldquo;神经酸&rdquo;、&ldquo;仙人鞭&rdquo;等产品，各种疗效方面的描述极为夸张。</span></span></p>\r\n\r\n<p style=\"text-align:justify\"><span style=\"font-family:courier new,courier,monospace\"><span style=\"font-size:18px\">互动百科上还有大量的医疗机构以及行业名人的词条，在&ldquo;陕西永寿邵小征中医门诊&rdquo;词条中显示，该门诊位于陕西省永寿县，至今已有百年历史，是&ldquo;一所集医疗、预防、保健为一体的综合性医疗机构。其负责人邵小征1978年出生，西安医科大学临床医学专业毕业，1989年，也就是11岁，就开始主持或参与完成科研课题十多项;在</span></span><span style=\"font-family:courier new,courier,monospace\"><span style=\"font-size:18px\">2001年，也就是23岁大学三年级时，其学术报告获得了&ldquo;国家医学进步奖&rdquo;。那么真实的情况又如何呢?记者来到陕西永寿县，几经打听，在渠子村这座小楼的一层的一个门面房内，找到了互动百科词条中介绍的这家&ldquo;综合性医疗机构&rdquo;。</span></span></p>\r\n\r\n<p style=\"text-align:justify\"><span style=\"font-family:courier new,courier,monospace\"><span style=\"font-size:18px\"><img alt=\"\" src=\"http://47.93.46.185:80/filee/viewPic.do?manageKey=1a5b2ad9d9110933589175959e283fe8\" style=\"height:1163px; width:690px\" /></span></span></p>\r\n\r\n<p style=\"text-align:justify\"><span style=\"font-family:courier new,courier,monospace\"><span style=\"font-size:18px\">记者：这就是那个邵小征中医门诊?</span></span></p>\r\n\r\n<p style=\"text-align:justify\"><span style=\"font-family:courier new,courier,monospace\"><span style=\"font-size:18px\">邵小征的父亲：嗯，我是他父亲。</span></span></p>\r\n\r\n<p style=\"text-align:justify\"><span style=\"font-family:courier new,courier,monospace\"><span style=\"font-size:18px\">记者：您是他父亲?</span></span></p>\r\n\r\n<p style=\"text-align:justify\"><span style=\"font-family:courier new,courier,monospace\"><span style=\"font-size:18px\">邵小征的父亲：我是他父亲，人不在。</span></span></p>\r\n\r\n<p style=\"text-align:justify\"><span style=\"font-family:courier new,courier,monospace\"><span style=\"font-size:18px\">渠子村的村民告诉记者，他们从没听说过&ldquo;陕西永寿邵小征中医门诊&rdquo;，倒是邵小征的父亲在村里开了个卫生室。</span></span></p>\r\n\r\n<p style=\"text-align:justify\"><span style=\"font-family:courier new,courier,monospace\"><span style=\"font-size:18px\">记者联系了西安医科大学，也就是现在的西安交通大学医学部，核实邵小征学历，校方称查无此人。另外，永寿县卫生和计划生育局，早在2014年就在政府网站上回复过患者的咨询：&ldquo;经我局核查，我县确无邵小征中医门诊机构，也无邵小征个人医疗执业注册信息。请慎重考虑，请勿上当受骗!&rdquo;</span></span></p>\r\n\r\n<p style=\"text-align:justify\"><span style=\"font-family:courier new,courier,monospace\"><span style=\"font-size:18px\">那么，这么多内容虚假的词条究竟是如何登上互动百科平台的呢?客服人员在电话中称，互动百科的词条可以通过网站上的入口自己免费创建。</span></span></p>\r\n\r\n<p style=\"text-align:justify\"><span style=\"font-family:courier new,courier,monospace\"><span style=\"font-size:18px\">互动百科客服人员：你在我们网站上创建个账号，然后再编辑就可以了。</span></span></p>\r\n\r\n<p style=\"text-align:justify\"><span style=\"font-family:courier new,courier,monospace\"><span style=\"font-size:18px\">记者：需要花钱吗?</span></span></p>\r\n\r\n<p style=\"text-align:justify\"><span style=\"font-family:courier new,courier,monospace\"><span style=\"font-size:18px\">互动百科客服人员：不需要。</span></span></p>\r\n\r\n<p style=\"text-align:justify\"><span style=\"font-family:courier new,courier,monospace\"><span style=\"font-size:18px\">那么，内容虚假夸张的词条可以自己免费创建吗?记者打开了互动百科的官网，按照要求进行注册登录后，进入了&ldquo;创建词条&rdquo;的页面，记者虚构了一个名为&ldquo;鱼油牡蛎粉&rdquo;的产品，&ldquo;对呼吸系统疾病疗效显著&rdquo;，提交审核后很快接到通知 &ldquo;鱼油牡蛎粉&rdquo;词条版本已被删除，原因是经评审，&ldquo;内容不适宜作为百科词条被收录&rdquo;，记者又虚构&ldquo;冰糖叶青素&rdquo;、&ldquo;西柚叶酸素&rdquo;等几个产品来创建词条，都遭遇了同样的命运，甚至记者虚构的&ldquo;茯苓盐藻膏&rdquo;还因为&ldquo;词条名称不符合规范&rdquo;被冻结了。</span></span></p>\r\n\r\n<p style=\"text-align:justify\"><span style=\"font-family:courier new,courier,monospace\"><span style=\"font-size:18px\">互动百科客服人员：冻结了之后就是这个词就锁定了，您就是编不了了，谁上来编都编不了，您可以记个电话咨询一下付费那边。</span></span></p>\r\n\r\n<p style=\"text-align:justify\"><span style=\"font-family:courier new,courier,monospace\"><span style=\"font-size:18px\">互动百科的客服人员给了记者一个 &ldquo;付费&rdquo;部门的电话，记者和对方取得了联系。</span></span></p>\r\n\r\n<p style=\"text-align:justify\"><img alt=\"\" src=\"http://47.93.46.185:80/filee/viewPic.do?manageKey=e5c608b69cc0d3546b2be67d4d7e2de5\" style=\"height:388px; width:690px\" /></p>\r\n\r\n<p style=\"text-align:justify\"><span style=\"font-family:courier new,courier,monospace\"><span style=\"font-size:18px\">互动百科业务人员：这个介绍一下，免费的是什么呢，免费的话就是您自己可以直接免费创建词条，这种的话我们是不参与的，第二种的话是，本身我们百科就是商业化的，就是我们可以在一些相关的百科词条里面，就可以放您的这个广告，我们收您的是广告的费用，本身创建这个词条我们不收费用的。但是您假如说您要是没有费用的情况下，我们是不给您创建的。</span></span></p>\r\n\r\n<p style=\"text-align:justify\"><span style=\"font-family:courier new,courier,monospace\"><span style=\"font-size:18px\">记者：等于是我必须买你们的广告，买了你们这种的推广，附带着把这个词上去，是这个意思不?</span></span></p>\r\n\r\n<p style=\"text-align:justify\"><span style=\"font-family:courier new,courier,monospace\"><span style=\"font-size:18px\">互动百科业务人员：对对对。</span></span></p>\r\n\r\n<p style=\"text-align:justify\"><span style=\"font-family:courier new,courier,monospace\"><span style=\"font-size:18px\">不付费不给上，交了钱就能上，真的是这样吗?记者声称要上一个&ldquo;保健食品&rdquo;的词条，互动百科的工作人员要求，除了支付所谓的广告费，还需要提供公司的营业执照，经营许可证以及保健食品广告审查表。但是记者手中只有一家公司的营业执照，根本没有另外两份材料。</span></span></p>\r\n\r\n<p style=\"text-align:justify\"><span style=\"font-family:courier new,courier,monospace\"><span style=\"font-size:18px\">互动百科业务人员：如果说像您说的，如果说没有太齐全的这种资质的话，都可以想办法给您去弄，一般你比如说像做保健品的，可能要保健品的一些资质的广告审核表，小公司很多都是没有的，这个我们也知道，所以我们这边的话可以去操作这一块儿。</span></span></p>\r\n\r\n<p style=\"text-align:justify\"><span style=\"font-family:courier new,courier,monospace\"><span style=\"font-size:18px\">负责与记者接洽的业务员承认，经他的手创建了互动百科词条的保健食品，有资质的少之又少。</span></span></p>\r\n\r\n<p style=\"text-align:justify\"><span style=\"font-family:courier new,courier,monospace\"><span style=\"font-size:18px\">北京互动百科网络技术股份有限公司 业务员：说实话咱们这保健食品，资质少，有资质的少，真的我遇到的这么多客户里边，真的资质特别全的太少了。</span></span></p>\r\n\r\n<p style=\"text-align:justify\"><span style=\"font-family:courier new,courier,monospace\"><span style=\"font-size:18px\">记者：十个里面能有几个?</span></span></p>\r\n\r\n<p style=\"text-align:justify\"><span style=\"font-family:courier new,courier,monospace\"><span style=\"font-size:18px\">北京互动百科网络技术股份有限公司 业务员：十个有一个就不错了。</span></span></p>\r\n\r\n<p style=\"text-align:justify\"><span style=\"font-family:courier new,courier,monospace\"><span style=\"font-size:18px\">在缴纳了4800元开通了一个名为&ldquo;百科词条认领&rdquo;的服务后，因为&ldquo;名称不符合规范&rdquo;冻结的词条&ldquo;茯苓盐藻膏&rdquo;被成功创建，后面带着一个&ldquo;已认领&rdquo;的标志，成为了互动百科千万个词条中的一员。而且买一赠一，还可以免费创建另一个词条，于是记者虚构的另一个产品&ldquo;肉桂地龙蛋白素&rdquo;的词条也很快出现在了互动百科上。就这样，在没有任何相关资质，也没有保健食品批号的情况下，虚构的产品就这样顺利的登上了互动百科的平台。&ldquo;本品是保健食品&rdquo;、&ldquo;减少三高危害&rdquo;等功能性描述醒目呈现。</span></span></p>\r\n\r\n<p style=\"text-align:justify\"><span style=\"font-family:courier new,courier,monospace\"><span style=\"font-size:18px\">这位互动百科的业务员告诉记者，不仅产品可以花钱上，人物同样也可以。</span></span></p>\r\n\r\n<p style=\"text-align:justify\"><span style=\"font-family:courier new,courier,monospace\"><span style=\"font-size:18px\">记者：创建一个医生或者是医学专家这样的词条，费用大概是多少。</span></span></p>\r\n\r\n<p style=\"text-align:justify\"><span style=\"font-family:courier new,courier,monospace\"><span style=\"font-size:18px\">北京互动百科网络技术股份有限公司 业务员：现在是这样，现在是一年是1980元。</span></span></p>\r\n\r\n<p style=\"text-align:justify\"><span style=\"font-family:courier new,courier,monospace\"><span style=\"font-size:18px\">记者：比如行医资格这种不用提交吧?</span></span></p>\r\n\r\n<p style=\"text-align:justify\"><span style=\"font-family:courier new,courier,monospace\"><span style=\"font-size:18px\">北京互动百科网络技术股份有限公司 业务员：没有，不需要。</span></span></p>\r\n\r\n<p style=\"text-align:justify\"><span style=\"font-family:courier new,courier,monospace\"><span style=\"font-size:18px\">在缴纳了1980元之后，这个记者虚构的老中医&ldquo;王旭之&rdquo;成功登上了互动百科，个人简历、科研成果、专业特长一应俱全。</span></span></p>\r\n</body>\r\n</html>\r\n', '2017-03-17 19:20:10', '8f7378ba682e7634277d1992736610ee', '3', '56', 'InUse', '央视曝光互动百科成最大虚假广告垃圾站', '679', 'admin', '4', '2017-10-26 15:15:03');
INSERT INTO `cms_chapter` VALUES ('895', '<html>\r\n<head>\r\n	<title></title>\r\n</head>\r\n<body>\r\n<p style=\"text-align:justify\"><span style=\"font-family:courier new,courier,monospace\"><span style=\"font-size:18px\">自动播放NIKE篮球鞋被曝光</span></span></p>\r\n\r\n<p style=\"text-align:justify\"><span style=\"font-family:courier new,courier,monospace\"><span style=\"font-size:18px\">2017年央视315晚会在北京举行，央视曝光耐克zoom air气垫鞋没有气垫。</span></span></p>\r\n\r\n<p style=\"text-align:justify\"><span style=\"font-family:courier new,courier,monospace\"><span style=\"font-size:18px\"><img alt=\"\" src=\"http://47.93.46.185:80/filee/viewPic.do?manageKey=c0747404c0ef42dc69dc246f3643e458\" style=\"height:388px; width:690px\" /></span></span></p>\r\n\r\n<p style=\"text-align:justify\"><span style=\"font-family:courier new,courier,monospace\"><span style=\"font-size:18px\"><strong>消失的气垫</strong></span></span></p>\r\n\r\n<p style=\"text-align:justify\"><span style=\"font-family:courier new,courier,monospace\"><span style=\"font-size:18px\">2016年4月，NIKE篮球官方微博发布了一条消息，NBA球星科比布莱恩特，2008年北京奥运会夺冠时所穿的一双NIKE篮球鞋复刻版，将限量发售。南京的郎先生成为了这次销售中幸运的中签者，以每双1499元的价格，抢到了两双。</span></span></p>\r\n\r\n<p style=\"text-align:justify\"><span style=\"font-family:courier new,courier,monospace\"><span style=\"font-size:18px\"><img alt=\"\" src=\"http://47.93.46.185:80/filee/viewPic.do?manageKey=6390d6bcbc755d0376db1dc2b9cf5fc2\" style=\"height:389px; width:690px\" /></span></span></p>\r\n\r\n<p style=\"text-align:justify\"><span style=\"font-family:courier new,courier,monospace\"><span style=\"font-size:18px\">消费者 郎先生：相对来说是算(价钱)比较高的//也是被誉为耐克最好一双篮球鞋</span></span></p>\r\n\r\n<p style=\"text-align:justify\"><span style=\"font-family:courier new,courier,monospace\"><span style=\"font-size:18px\">NIKE在中文官网上宣称，这款鞋后跟带有NIKE拥有专利的zoom air气垫。然而，郎先生穿上这双鞋，上了球场，就觉得有点不对劲。</span></span></p>\r\n\r\n<p style=\"text-align:justify\"><span style=\"font-family:courier new,courier,monospace\"><span style=\"font-size:18px\">消费者 郎先生：真的很硬。//打球的时候，我落地的时候，就是明显感觉到脚酸，</span></span></p>\r\n\r\n<p style=\"text-align:justify\"><span style=\"font-family:courier new,courier,monospace\"><span style=\"font-size:18px\">带有zoom air气垫的鞋，怎么会硬呢。一直爱穿NIKE篮球鞋的郎先生，觉得有些奇怪，于是，他在鞋的后跟位置切开了一个小口。</span></span></p>\r\n\r\n<p style=\"text-align:justify\"><span style=\"font-family:courier new,courier,monospace\"><span style=\"font-size:18px\">消费者 郎先生：发现里面是没有气垫的。</span></span></p>\r\n\r\n<p style=\"text-align:justify\"><span style=\"font-family:courier new,courier,monospace\"><span style=\"font-size:18px\"><img alt=\"\" src=\"http://47.93.46.185:80/filee/viewPic.do?manageKey=3650cf0868800e0081f15a43f213ac62\" style=\"height:389px; width:690px\" /></span></span></p>\r\n\r\n<p style=\"text-align:justify\"><span style=\"font-family:courier new,courier,monospace\"><span style=\"font-size:18px\">郎先生上网搜索，发现有很多消费者也发现了同样的问题。有人甚至把刚买的这款鞋和此前同款的复刻鞋切开，进行了对比，左边这双鞋的后跟带有zoom air气垫，而新买的这双鞋后跟只有实心橡胶底。</span></span></p>\r\n\r\n<p style=\"text-align:justify\"><span style=\"font-family:courier new,courier,monospace\"><span style=\"font-size:18px\"><img alt=\"\" src=\"http://47.93.46.185:80/filee/viewPic.do?manageKey=f84c9311bbc3a4e75170c9ae0dee51af\" style=\"height:349px; width:690px\" /></span></span></p>\r\n\r\n<p style=\"text-align:justify\"><span style=\"font-family:courier new,courier,monospace\"><span style=\"font-size:18px\">　60多个消费者，自发组建了维权微信群，推举郎先生作为代表，与NIKE进行协商。随后，朗先生拨打了官网上的NIKE售后服务电话。客服说需要与生产部门进行核实。十天后，NIKE的客服人员承认，这款鞋后跟确实没有气垫。</span></span></p>\r\n\r\n<p style=\"text-align:justify\"><span style=\"font-family:courier new,courier,monospace\"><span style=\"font-size:18px\">电话录音</span></span></p>\r\n\r\n<p style=\"text-align:justify\"><span style=\"font-family:courier new,courier,monospace\"><span style=\"font-size:18px\">耐克售后客服人员：</span></span></p>\r\n\r\n<p style=\"text-align:justify\"><span style=\"font-family:courier new,courier,monospace\"><span style=\"font-size:18px\">郎先生：你要是当时官网上面不写这个带气垫，我就不买了。</span></span></p>\r\n\r\n<p style=\"text-align:justify\"><span style=\"font-family:courier new,courier,monospace\"><span style=\"font-size:18px\">耐克售后客服人员：告知过您了，我们有承认我们的错误。</span></span></p>\r\n\r\n<p style=\"text-align:justify\"><span style=\"font-family:courier new,courier,monospace\"><span style=\"font-size:18px\">Nike中国的售后服务人员也给出了解决方案，可以全额退款。随后，郎先生发现NIKE中文官网上这款鞋的介绍被关掉，再也打不开了。郎先生和群里的其他成员，认为根据新修订的消费者权益保护法：经营者向消费者提供有关商品或者服务的质量、性能、用途、有效期限等信息，应当真实、全面，不得作虚假或者引人误解的宣传。经营者提供商品或者服务有欺诈行为的，应当按照消费者的要求增加赔偿其受到的损失，增加赔偿的金额为消费者购买商品的价款或者接受服务的费用的三倍。</span></span></p>\r\n\r\n<p style=\"text-align:justify\"><span style=\"font-family:courier new,courier,monospace\"><span style=\"font-size:18px\">2017年2月，郎先生来到当初购买该款篮球鞋的上海NIKE淮海中路体验店。一位自称经理的人接待了他。</span></span></p>\r\n\r\n<p style=\"text-align:justify\"><span style=\"font-family:courier new,courier,monospace\"><span style=\"font-size:18px\">上海市耐克淮海中路体验店经理：这个解释的话可能是由官方去给，我们店铺里面是给不了一个解释的。</span></span></p>\r\n\r\n<p style=\"text-align:justify\"><span style=\"font-family:courier new,courier,monospace\"><span style=\"font-size:18px\">对于为什么没有气垫，这位经理说店铺不负责解释，至于解决方案，NIKE官方已经给了明确的指示，可以全额退款，并给予另外一件产品75折优惠。</span></span></p>\r\n\r\n<p style=\"text-align:justify\"><span style=\"font-family:courier new,courier,monospace\"><span style=\"font-size:18px\">上海市耐克淮海中路体验店经理：我们店铺能收到的一个消息的话，这个东西只要顾客有来，关于这双鞋子，我们不管你有没有穿过，你都穿成什么样了我们都OK，都能够全额退。</span></span></p>\r\n\r\n<p style=\"text-align:justify\"><span style=\"font-family:courier new,courier,monospace\"><span style=\"font-size:18px\">这位经理表示，对于消费者提出的三倍赔偿要求，他们无权解决，郎先生可以直接找NIKE中国总部交涉。于是，郎先生来到了位于上海江湾城的耐克体育(中国)有限公司。一位自称叫Peter Zhang的售后服务经理接待了郎先生。Peter Zhang承认这款鞋确实没有气垫，只是在产品说明上出现了错误。</span></span></p>\r\n\r\n<p style=\"text-align:justify\"><span style=\"font-family:courier new,courier,monospace\"><span style=\"font-size:18px\">耐克体育(中国)有限公司售后服务工作人员Peter Zhang：我们就是有一些描述的错误，或者是一些比较严重的错误。</span></span></p>\r\n\r\n<p style=\"text-align:justify\"><span style=\"font-family:courier new,courier,monospace\"><span style=\"font-size:18px\">郎先生：您的意思就是，不管是什么原因，它都不可能是一个虚假宣传。</span></span></p>\r\n\r\n<p style=\"text-align:justify\"><span style=\"font-family:courier new,courier,monospace\"><span style=\"font-size:18px\">Peter Zhang：对</span></span></p>\r\n\r\n<p style=\"text-align:justify\"><span style=\"font-family:courier new,courier,monospace\"><span style=\"font-size:18px\">记者：这个是谁说的</span></span></p>\r\n\r\n<p style=\"text-align:justify\"><span style=\"font-family:courier new,courier,monospace\"><span style=\"font-size:18px\">Peter Zhang：这是我们法务说的。</span></span></p>\r\n\r\n<p style=\"text-align:justify\"><span style=\"font-family:courier new,courier,monospace\"><span style=\"font-size:18px\">郎先生认为，虚假宣传应该由工商部门来认定。依照我国消费者权益保护法，顾客可以要求三倍赔偿。Peter Zhang表示现在只能按照NIKE的政策来执行。</span></span></p>\r\n\r\n<p style=\"text-align:justify\"><span style=\"font-family:courier new,courier,monospace\"><span style=\"font-size:18px\">Peter Zhang：我们没有办法说对部分消费者以另外一个补偿，我们只能说统一的一个补偿。</span></span></p>\r\n\r\n<p style=\"text-align:justify\"><span style=\"font-family:courier new,courier,monospace\"><span style=\"font-size:18px\">记者：就是这样了</span></span></p>\r\n\r\n<p style=\"text-align:justify\"><span style=\"font-family:courier new,courier,monospace\"><span style=\"font-size:18px\">Peter zhang：对</span></span></p>\r\n\r\n<p style=\"text-align:justify\"><span style=\"font-family:courier new,courier,monospace\"><span style=\"font-size:18px\">Peter Zhang还告诉我们，他们已对这款鞋作出了公开召回，并且在当地工商部门做了备案，并通知了各门店。</span></span></p>\r\n\r\n<p style=\"text-align:justify\"><span style=\"font-family:courier new,courier,monospace\"><span style=\"font-size:18px\">上海耐克X158 直营店工作人员：这个召回通知呢//我们是在徐汇工商局做了这样的一个备案。</span></span></p>\r\n\r\n<p style=\"text-align:justify\"><span style=\"font-family:courier new,courier,monospace\"><span style=\"font-size:18px\">然而，记者不管是在店铺，还是在中文官网上并没有看到召回通知。那么，NIKE是否真的，像他们说的在当地工商部门备案了呢。记者来到上海市徐汇区市场监督管理局消费者权益保护科进行求证，得到的答复是，他们从未接到过耐克公司的备案，或相关情况说明。</span></span></p>\r\n\r\n<p style=\"text-align:justify\"><span style=\"font-family:courier new,courier,monospace\"><span style=\"font-size:18px\">郎先生发现虽然耐克中文官网上关于这款鞋的介绍无法打开，然而在美国的英文官网上，关于这款鞋有气垫的介绍依然存在。耐克发生这样的事情已经不是第一次了，早在2011年，消费者发现，在中国销售的&ldquo;zoom 2011&rdquo;篮球鞋，前脚掌比美国同款缺少了气垫。消费者据此向工商部门举报NIKE公司涉嫌虚假宣传。耐克当时对此的解释也是宣传失误，给出的解决方案同样是全额退款。但北京市工商局经过调查后认为，NIKE公司侵害了中国消费者权益，对其开出了487万元的罚单。http://finance.sina.com.cn/consume/puguangtai/20121025/134413477258.shtml</span></span></p>\r\n</body>\r\n</html>\r\n', '2017-03-17 19:24:06', 'f8559a417869b6cfebe7208b07620914', '15', '56', 'InUse', '央视315曝光耐克气垫鞋没有气垫', null, 'admin', '4', '2017-05-25 14:53:36');
INSERT INTO `cms_chapter` VALUES ('896', '<html>\r\n<head>\r\n	<title></title>\r\n</head>\r\n<body>\r\n<p><span style=\"font-size:18px\"><span style=\"font-family:courier new,courier,monospace\">2017年央视315晚会在北京举行，央视曝光武汉乐百龄生物科技公司、湖北国创伟业生物技术公司、安徽润九生物技术公司、威海艾维尔生物科技公司、江西南昌嘉仁生物科技公司黑手伸向老人。</span></span></p>\r\n\r\n<p><span style=\"font-size:18px\"><span style=\"font-family:courier new,courier,monospace\">在全国各地，每天都有这样的会议，向老年人推销着各种各样的产品。记者卧底武汉乐百龄生物科技公司组织的一场&ldquo;健康讲座&rdquo;，就是一场精心设计的骗局，一只伸向老人的黑手：首先打温情牌，与老人建立感情，然后填写资料套取个人病史，再邀请假名医演讲并会诊并请所谓的专家会诊，而会诊就是根据之前提供的&ldquo;个人病史&rdquo;，装模作样的望闻问切，最后一步就是销售无资质的保健品，一盒对外售价3980元的蜂胶胶囊，进货价只有65元，利润高达60倍。</span></span></p>\r\n\r\n<p><span style=\"font-size:18px\"><span style=\"font-family:courier new,courier,monospace\"><img alt=\"\" src=\"http://47.93.46.185:80/filee/viewPic.do?manageKey=9b1dba9ce844fbc8b294c1e7618b80f7\" style=\"height:1163px; width:690px\" /></span></span></p>\r\n\r\n<p><span style=\"font-size:18px\"><span style=\"font-family:courier new,courier,monospace\">这条一定转给咱爸妈：这种&ldquo;健康讲座&rdquo;谋财害命，千万别靠近</span></span></p>\r\n\r\n<p><span style=\"font-size:18px\"><span style=\"font-family:courier new,courier,monospace\">这是吉林敦化市的一个会议现场，武汉乐百龄生物科技公司将一款名为甘舒堂乐粉的食品，一次向40多名老年人销售5万多元产品。</span></span></p>\r\n\r\n<p><span style=\"font-size:18px\"><span style=\"font-family:courier new,courier,monospace\">武汉乐百龄生物科技公司 张讲师：在全球，每三十秒钟就会有一个糖友失去一条腿。</span></span></p>\r\n\r\n<p><span style=\"font-size:18px\"><span style=\"font-family:courier new,courier,monospace\">这是甘肃兰州的一个会议现场，湖北国创伟业生物技术公司将一款名为银杏软胶囊的保健食品，一次向50多名老年人销售14万元产品。</span></span></p>\r\n\r\n<p><img alt=\"\" src=\"http://47.93.46.185:80/filee/viewPic.do?manageKey=6cf1de1e9b1466c2a62b2d9dd7cb469d\" style=\"height:776px; width:690px\" /></p>\r\n\r\n<p><span style=\"font-size:18px\"><span style=\"font-family:courier new,courier,monospace\">湖北国创伟业生物技术公司 董讲师：服用三到五周，总胆固醇下降11.4，甘油三酯下降12.1.</span></span></p>\r\n\r\n<p><span style=\"font-size:18px\"><span style=\"font-family:courier new,courier,monospace\">这是陕西白河县的一个会议现场。安徽润九生物技术公司将一款名为蜂胶胶囊的保健品，一次向80名老年人销售23万元产品。</span></span></p>\r\n\r\n<p><span style=\"font-size:18px\"><span style=\"font-family:courier new,courier,monospace\">安徽润九生物技术公司 狄讲师：糖尿病的人，两个半月血糖正常，百分之百正常</span></span></p>\r\n\r\n<p><span style=\"font-size:18px\"><span style=\"font-family:courier new,courier,monospace\">在全国各地，每天都有这样的会议，向老年人推销着各种各样的产品，武汉乐百龄生物科技公司的销售经理告诉记者，他们公司曾创造过一项单场会议销售纪录。</span></span></p>\r\n\r\n<p><span style=\"font-size:18px\"><span style=\"font-family:courier new,courier,monospace\">武汉乐百龄生物科技公司 张经理：最高的是在上海，当场销了200万。</span></span></p>\r\n\r\n<p><span style=\"font-size:18px\"><span style=\"font-family:courier new,courier,monospace\">记者调查发现，这些会议上销售的都是保健品和食品， 仅仅具备均衡膳食营养、增强免疫力等普通的保健功能，可是这些公司为什么能向老人推销出如此多的产品呢?这得力于他们采取了一种特殊的方式，吸引老人参加会议销售产品，业内称为会销。</span></span></p>\r\n\r\n<p><span style=\"font-size:18px\"><span style=\"font-family:courier new,courier,monospace\">湖北国创伟业生物技术公司，不仅自己销售保健品，还为加盟代理商提供会销全套服务。在武汉武昌区的一座居民楼内 ，记者见到了湖北国创伟业公司的销售督导。</span></span></p>\r\n\r\n<p><span style=\"font-size:18px\"><span style=\"font-family:courier new,courier,monospace\">余督导告诉记者，开展会议营销第一步是发掘潜在老人客户，通过送一些小礼品获得老人的个人信息和联系方法，他们称之为收单。</span></span></p>\r\n\r\n<p><span style=\"font-size:18px\"><span style=\"font-family:courier new,courier,monospace\">湖北国创伟业生物科技公司 余督导：老年人这帮顾客，有个特点第一个爱占便宜，第二个想的比较多。他喜欢什么呢，被别人忽悠，被别人骗，喜欢听好话。</span></span></p>\r\n\r\n<p><span style=\"font-size:18px\"><span style=\"font-family:courier new,courier,monospace\">记者直接见证了一段收单过程。这个公司销售人员在人流密集的地方，见到路过的老人便主动上前，以赠送银杏茶为名获取电话。</span></span></p>\r\n\r\n<p><span style=\"font-size:18px\"><span style=\"font-family:courier new,courier,monospace\">湖北国创伟业生物科技公司 李业务员：我就写个韩叔叔好吧，你的电话号吗是多少。</span></span></p>\r\n\r\n<p><span style=\"font-size:18px\"><span style=\"font-family:courier new,courier,monospace\">山东威海艾维尔生物技术有限公司，也是一家专门从事保健品会议营销的公司，公司总经理向记者介绍，他们尝试过很多种收单方法，总结出最有效的方法就是送鸡蛋，屡试不爽。</span></span></p>\r\n\r\n<p><span style=\"font-size:18px\"><span style=\"font-family:courier new,courier,monospace\">威海艾维尔生物科技公司 王总：你来我送你一百鸡蛋，不是一次性的，第一天来领，领十个鸡蛋，第二次你必须要带人来，给你20个鸡蛋，第三次给你30个，第四次给你40个，一百个鸡蛋分了四次，到最后这一天就多了，为了40个鸡蛋谁还不领人去。</span></span></p>\r\n\r\n<p><span style=\"font-size:18px\"><span style=\"font-family:courier new,courier,monospace\">王总经理强调，他们利用大数据的方法进行过比较，给老人送鸡蛋是性价比最高的方式。</span></span></p>\r\n\r\n<p><span style=\"font-size:18px\"><span style=\"font-family:courier new,courier,monospace\">威海艾维尔生物科技公司 王总：我们做过市场调研，你但凡一个顾客做成功转换 ，基本上在52块7毛钱。你想想一百个鸡蛋多少钱，能有50块钱吗?</span></span></p>\r\n\r\n<p><span style=\"font-size:18px\"><span style=\"font-family:courier new,courier,monospace\">通过送礼品获取老人联系方式，就算完成了收单。接下来就要和老人拉拢感情、建立信任，摸清老人身体和家庭状况，他们把这一环节称之为&ldquo;做客情&rdquo;。湖北国创伟业公司的市场督导告诉记者，获取老人的信任，最好的方法就是要打好温情牌。</span></span></p>\r\n\r\n<p><span style=\"font-size:18px\"><span style=\"font-family:courier new,courier,monospace\">湖北国创伟业生物科技公司 余督导：说白了，第一个沟通的时候你一定要寒喧，不要一上去就聊疾病，聊家庭，聊职业，一听他就很防备，还是聊一些日常的琐事。一旦聊了以后，就收不住，作为我们来讲，我们只需要听那些有用的。</span></span></p>\r\n\r\n<p><span style=\"font-size:18px\"><span style=\"font-family:courier new,courier,monospace\">江西南昌嘉仁生物科技公司，经销的是一款名叫麦卡多安的产品，他们也会借做客情的机会，让老人相信他们产品有疗效。</span></span></p>\r\n\r\n<p><span style=\"font-size:18px\"><span style=\"font-family:courier new,courier,monospace\">江西南昌嘉仁生物科技公司 业务员：就像这个麦卡多安，每人发一本书，然后给他一张试卷到顾客家做。一边做就一边给他宣导这个产品知识了。</span></span></p>\r\n\r\n<p><span style=\"font-size:18px\"><span style=\"font-family:courier new,courier,monospace\">湖北国创伟业公司的销售员已经不止一次来到这对老夫妇家里，老俩口的家底被他摸得一清二楚。</span></span></p>\r\n\r\n<p><span style=\"font-size:18px\"><span style=\"font-family:courier new,courier,monospace\">湖北国创伟业生物科技公司业务员 李业务员：一个产品能不能卖出去，不在于这个产品的好和坏，而是靠你的督导，靠你的业务员，说白了，我们这边的老顾客，就算你卖一泡狗屎，他也会情愿去买。</span></span></p>\r\n\r\n<p><img alt=\"\" src=\"http://47.93.46.185:80/filee/viewPic.do?manageKey=3b255568c3a46d64029cd5d7a81e2fcb\" style=\"height:457px; width:690px\" /></p>\r\n\r\n<p><span style=\"font-size:18px\"><span style=\"font-family:courier new,courier,monospace\">与老人建立了感情，摸清了家底，还需要淘汰掉那些没有购买欲望的老人，他们把这一个环节称为洗单。</span></span></p>\r\n\r\n<p><span style=\"font-size:18px\"><span style=\"font-family:courier new,courier,monospace\">湖北国创伟业生物科技公司 骆经理：很多都是垃圾客户，要经过一道转化，我们主持人会让顾客先办一张会员卡，10块钱，连10块钱都不肯花，那后面这批顾客肯定是，买我们这个798，肯定不会买的。</span></span></p>\r\n\r\n<p><span style=\"font-size:18px\"><span style=\"font-family:courier new,courier,monospace\">经历了收单、做客情、洗单三个环节，剩下的老人就成了会议营销的直接目标。为了让老人能多带现金参会，他们也是煞费苦心。湖北国创伟业公司甚至研究出一套摇奖游戏，现场摇出两个数字，只要老人身上所带的百元现钞号码后两位相符，就会得到奖品。</span></span></p>\r\n\r\n<p><span style=\"font-size:18px\"><span style=\"font-family:courier new,courier,monospace\">最高奖项为3元钱的一瓶醋，最低是一个价值4角钱的手串。为了得到奖品，有的老人带了几千元甚至上万元来到会场。</span></span></p>\r\n\r\n<p><span style=\"font-size:18px\"><span style=\"font-family:courier new,courier,monospace\">湖北国创伟业生物科技公司 张代理商：个位数，2 9的， 2 9 有&shy;。29两名，花落她家和他家。</span></span></p>\r\n\r\n<p><span style=\"font-size:18px\"><span style=\"font-family:courier new,courier,monospace\">会议营销第一部分就是健康讲座，与销售产品没有丝毫关系。讲座的老师都是公司邀请来大名头的专家，这是武汉乐百龄生物科技公司，为在大连旅顺一场会议营销邀请来的北京名医胡老师。</span></span></p>\r\n\r\n<p><span style=\"font-size:18px\"><span style=\"font-family:courier new,courier,monospace\">武汉乐百龄生物科技公司 胡讲师：大家都知道找我们专家挂号都是要排队的。</span></span></p>\r\n\r\n<p><span style=\"font-size:18px\"><span style=\"font-family:courier new,courier,monospace\">会场上胡老师侃侃而谈，大讲养生之道，私下里胡老师向记者倒出了自己的底细。</span></span></p>\r\n\r\n<p><span style=\"font-size:18px\"><span style=\"font-family:courier new,courier,monospace\">武汉乐百龄生物科技公司 胡讲师 ：我做实体的，我开过厂，我有我的偏门，我做这行挺自由的，多自由啊，我想去哪就去哪。</span></span></p>\r\n\r\n<p><span style=\"font-size:18px\"><span style=\"font-family:courier new,courier,monospace\">这是安徽润九生物技术公司在陕西白河县组织的一场会议营销，讲课的老师名头更大。</span></span></p>\r\n\r\n<p><span style=\"font-size:18px\"><span style=\"font-family:courier new,courier,monospace\">安徽润九生物技术公司 周代理商：主持人：有一个重量级的嘉宾，嘉宾来自于哪里呢?来自于中国老年保健协会。</span></span></p>\r\n\r\n<p><span style=\"font-size:18px\"><span style=\"font-family:courier new,courier,monospace\">这位所谓来自中国老年保健协会的专家，几年前不过是在辽宁丹东卖保健品的一个店主。</span></span></p>\r\n\r\n<p><span style=\"font-size:18px\"><span style=\"font-family:courier new,courier,monospace\">安徽润九生物技术公司 狄讲师：找老师讲费用高，我媳妇说啥呢，为了出场费你就自己讲呗，后来我就看视频，学习完了，我就上台讲，我越来越好越来越好。我的爷爷、我爸爸、我太爷、祖宗、祖上 都是学医学的，我是祖传的第四代中医。我就是现在开始说到明天都不带重复句的，我是经过上千场会议练出来的。你今天卖坟我我就卖坟去，也一样卖，我们主要讲的是模式。</span></span></p>\r\n\r\n<p><span style=\"font-size:18px\"><span style=\"font-family:courier new,courier,monospace\">经过健康讲座的洗脑后，来到会议营销最关键一步，就是卖产品。取得老人信任的所谓专家，会为老人看病问诊。专家只简单看了看舌头，就知道老人得了什么病。</span></span></p>\r\n\r\n<p><span style=\"font-size:18px\"><span style=\"font-family:courier new,courier,monospace\">湖北国创伟业生物科技公司 董讲师：照照你的舌头，老妈妈，肠胃上有问题不说，血糖还有问题呢，血压也不稳，血脂也不行。</span></span></p>\r\n\r\n<p><span style=\"font-size:18px\"><span style=\"font-family:courier new,courier,monospace\">难道这些所谓的专家真有这么神奇的本领吗?原来奥秘就在销售人员之前做过的客情资料，又一次派上了大用场。销售人员都会提前把老人的病情、病史等资料，交给所谓的专家。</span></span></p>\r\n\r\n<p><span style=\"font-size:18px\"><span style=\"font-family:courier new,courier,monospace\">湖北国创伟业生物科技公司 董代理商：这老爷子病不多，最近查出来有障碍性贫血，这两个老太太，可以重点地说一下。</span></span></p>\r\n\r\n<p><span style=\"font-size:18px\"><span style=\"font-family:courier new,courier,monospace\">湖北国创伟业生物科技公司督导 余督导：如果不写出来的话，对于老师来讲，攻单时间就比较久，如果快的话，一个人起码五分钟就解决了，一针见血。</span></span></p>\r\n\r\n<p><span style=\"font-size:18px\"><span style=\"font-family:courier new,courier,monospace\">经过这一系列精心设计，参加会议的老人心甘情愿地掏出带来的现金，购买他们以为能够消除自己病痛的产品。</span></span></p>\r\n\r\n<p><span style=\"font-size:18px\"><span style=\"font-family:courier new,courier,monospace\">在会议营销的蛊惑下，一些没有消费能力的老人，为了能买到这些产品，不惜从银行贷款。 武汉乐百龄生物科技公司在吉林敦化的一场销售会上，一位老人花了15000元，购买了两套&ldquo;甘舒堂乐粉&rdquo;。</span></span></p>\r\n\r\n<p><span style=\"font-size:18px\"><span style=\"font-family:courier new,courier,monospace\">武汉乐百龄生物科技公司 顾客：不管怎么说，我要拿这两个就是一万五千块钱，今天十号开始贷款，行，我拿着。</span></span></p>\r\n\r\n<p><span style=\"font-size:18px\"><span style=\"font-family:courier new,courier,monospace\">这个宣称能治疗糖尿病的&ldquo;甘舒堂乐粉&rdquo;仅仅是一种食品。</span></span></p>\r\n\r\n<p><span style=\"font-size:18px\"><span style=\"font-family:courier new,courier,monospace\">这些公司想尽办法让老人掏钱购买的保健品，能给他们带来多大利润呢?湖北国创伟业生物技术公司的每盒对外售价为798元的&ldquo;银杏软胶囊&rdquo;，进货价为135元;武汉乐百龄生物科技公司的每盒对外售价898元的&ldquo;甘舒堂乐粉&rdquo;，进货价为150元;安徽润九生物技术公司每盒对外售价3980元的蜂胶胶囊，进货价只有65元，利润高达60倍。</span></span></p>\r\n\r\n<p><span style=\"font-size:18px\"><span style=\"font-family:courier new,courier,monospace\">武汉乐百龄生物科技公司 胡讲师 ：商人就是赚钱，老人家再苦再穷他手上都有几千块钱，一个人赚两千，一百个赚多少，一赚就是二十万。老人家有一个共同特点，他怕死，怕死。</span></span></p>\r\n</body>\r\n</html>\r\n', '2017-03-17 19:24:10', 'dc76f929dd6678b423f0ba89f549dbae', '16', '61', 'InUse', '央视315曝光武汉乐百龄等公司黑手伸向老人', null, 'admin', '4', '2017-05-25 14:53:41');
INSERT INTO `cms_chapter` VALUES ('897', '<html>\r\n<head>\r\n	<title></title>\r\n</head>\r\n<body>\r\n<p><span style=\"font-size:18px\"><span style=\"font-family:courier new,courier,monospace\">今日，新消法和《网络交易管理办法》实施满三周年之际，《网络购买商品七日无理由退货暂行办法》(简称&ldquo;《办法》&rdquo;)也正式施行，为网购七日无理由退货的实际执行再添保障，消费者维权更加&ldquo;有理可循&rdquo;。为此，中新网记者从实际出发，梳理多个&ldquo;特殊&rdquo;交易场景，教你用好&ldquo;武器&rdquo;巧维权。</span></span></p>\r\n\r\n<p><img alt=\"\" src=\"http://47.93.46.185:80/filee/viewPic.do?manageKey=e9ca7ad799bacfee46011c8b316b1936\" style=\"height:414px; width:690px\" /></p>\r\n\r\n<p><span style=\"font-size:18px\"><span style=\"font-family:courier new,courier,monospace\">网上买个人闲置二手货能退吗?</span></span></p>\r\n\r\n<p><span style=\"font-size:18px\"><span style=\"font-family:courier new,courier,monospace\">二手货或不适用《办法》事前确认再下单</span></span></p>\r\n\r\n<p><span style=\"font-size:18px\"><span style=\"font-family:courier new,courier,monospace\">因有过转卖闲置的经历，不久前，记者被某电商下属闲置商品交易平台推荐进入一个&ldquo;小法庭&rdquo;，通过买卖双方的举证陈词，来给你认为更有理的一方投上支持票。</span></span></p>\r\n\r\n<p><span style=\"font-size:18px\"><span style=\"font-family:courier new,courier,monospace\">记者发现，这起纠纷的起因正是买卖双方无法就退换货达成一致。买家发现，120元买来的二手鞋子号码偏小，穿不下，遂要求退货退款。而卖家数次拒绝并强调，个人转卖闲置都遵循&ldquo;不支持七日无理由退货&rdquo;的潜规则，拒绝相应申请，买家则反驳：&ldquo;事前卖家并未说不退不换，不然就不买了&rdquo;。截至记者最后一次查看，买家仅以1票的微弱优势暂时领先。</span></span></p>\r\n\r\n<p><span style=\"font-size:18px\"><span style=\"font-family:courier new,courier,monospace\">具体来看，二手商品是否属于《办法》提出的商品范畴?个人闲置卖家又算不算《办法》所述的经营者?最重要的是，买二手货到底能不能享受七日无理由退货?</span></span></p>\r\n\r\n<p><span style=\"font-size:18px\"><span style=\"font-family:courier new,courier,monospace\">&ldquo;争议焦点并非经营者是个人还是企业，基于平台的经营者很多都是个人，同样适用于《办法》;关键是商品是二手商品，从性质上看，新消法和《办法》只适用于能衡量质量标准的新品，而二手商品的原貌却无法鉴别，所以二手商品并不在《办法》规定的范畴之内。&rdquo;对外经贸大学法学院副院长苏号朋告诉记者。</span></span></p>\r\n\r\n<p><span style=\"font-size:18px\"><span style=\"font-family:courier new,courier,monospace\">在二手市场，商家实际的退货规则是怎样的呢?据易观电商与流通行业高级分析师杨亚琼介绍，二手电商分为B2C与C2C两种模式，目前，B2C电商无论自营、还是第三方二手店铺，都明确支持了七日无理由退货;而C2C二手电商，则依赖买卖双方信誉，在交易过程中协商为主，并无明确规定。</span></span></p>\r\n\r\n<p><span style=\"font-size:18px\"><span style=\"font-family:courier new,courier,monospace\">杨亚琼建议，在购买二手商品前，消费者一定要跟卖家确认退换货事宜，一是了解情况保护自身利益;二也是为了保留证据，方便日后维权举证。</span></span></p>\r\n\r\n<p><span style=\"font-size:18px\"><span style=\"font-family:courier new,courier,monospace\">海淘代购算特殊情况?</span></span></p>\r\n\r\n<p><span style=\"font-size:18px\"><span style=\"font-family:courier new,courier,monospace\">电商不让退货涉嫌霸王条款消费者可投诉</span></span></p>\r\n\r\n<p><span style=\"font-size:18px\"><span style=\"font-family:courier new,courier,monospace\">与二手商品类似，多数海淘代购商品也不支持无理由退货，商家普遍给出的理由是&ldquo;海淘代购商品属专属情况，不便转卖他人&rdquo;。</span></span></p>\r\n\r\n<p><span style=\"font-size:18px\"><span style=\"font-family:courier new,courier,monospace\">3月13日，中国电子商务研究中心发布的《2016跨境进口电商平台用户格式条款审查报告》显示，不少海淘平台依然明确规定购买商品不支持&ldquo;七日无理由退货&rdquo;。</span></span></p>\r\n\r\n<p><span style=\"font-size:18px\"><span style=\"font-family:courier new,courier,monospace\">记者查询发现，《办法》所述的7类不适用无理由退货的商品类型，并不包含海淘或者代购的多数商品。《办法》明确，定作、鲜活易腐、报纸期刊等四类商品不适用退货;一经激活或者试用后价值贬损较大的商品等三类商品，经消费者确认，也可以不适用七日无理由退货规定。</span></span></p>\r\n\r\n<p><span style=\"font-size:18px\"><span style=\"font-family:courier new,courier,monospace\">&ldquo;从制定初衷来看，《办法》并不是要排除掉任何网络交易类型，只要是广义的网络交易都会被约束。&rdquo;杨亚琼说，交易前消费者需跟商家确认产品售后及退换货情况，如未经消费者确认、事后不支持七日无理由退货的，可举报投诉。</span></span></p>\r\n\r\n<p><span style=\"font-size:18px\"><span style=\"font-family:courier new,courier,monospace\">中国电子商务研究中心提醒，格式合同、霸王条款是消费者投诉电商较为普遍的问题，建议消费者购买跨境电商平台商品前仔细阅读购买条款，谨慎下单。</span></span></p>\r\n\r\n<p><span style=\"font-size:18px\"><span style=\"font-family:courier new,courier,monospace\">维权能不能找平台?</span></span></p>\r\n\r\n<p><span style=\"font-size:18px\"><span style=\"font-family:courier new,courier,monospace\">平台具监督管理责任可设立保障基金</span></span></p>\r\n\r\n<p><span style=\"font-size:18px\"><span style=\"font-family:courier new,courier,monospace\">遇到不支持七日无理由退货的情况，消费者可否找网络交易平台维权?</span></span></p>\r\n\r\n<p><span style=\"font-size:18px\"><span style=\"font-family:courier new,courier,monospace\">针对平台的监督管理责任，《办法》做出了特别规定。首先，网络交易平台提供者应当对其平台上的销售者履行七日无理由退货义务建立检查监控制度，发现有违法行为及时采取制止措施，必要时停止对其提供平台服务;其次，平台应建立消费纠纷和解和消费维权自律制度。</span></span></p>\r\n\r\n<p><span style=\"font-size:18px\"><span style=\"font-family:courier new,courier,monospace\">&ldquo;网络交易平台的作为，很大程度上，决定着七日无理由退货的实际落地情况。&rdquo;苏号朋直言，经营者若不履行七日无理由退货，从法律层面已经构成违法行为，但消费者不可能单单为此打官司、请律师。所以，苏号朋个人非常支持消费者去找平台投诉举报。</span></span></p>\r\n\r\n<p><span style=\"font-size:18px\"><span style=\"font-family:courier new,courier,monospace\">国家工商总局局长张茅3月5日在谈到网购时表示，&ldquo;网购发展势头现在很好，但也有不少问题，首先明确网络平台要负第一责任，网络不是法外之地。最重要的是，还是要加强网购法律保障，有些法律保障措施还在探索之中。&rdquo;</span></span></p>\r\n\r\n<p><span style=\"font-size:18px\"><span style=\"font-family:courier new,courier,monospace\">日前，中国消费者协会组织召开的《电子商务法(草案)》座谈会上，多位与会专家表达了相同观点。&ldquo;草案应把交易平台作为一个重点加以规范。&rdquo;中国人民大学常务副校长、中国消费者协会副会长王利明建言，现实中，平台交易模式是多样化的，草案该如何适应这一多样化的情况就变得异常重要，应更加细化和突出平台主体的责任。</span></span></p>\r\n\r\n<p><span style=\"font-size:18px\"><span style=\"font-family:courier new,courier,monospace\">苏号朋建议，交易平台应从两个方面管理销售者：一是基于商业目的去管理;二是基于社会责任的管理，平台发展越来越社区化，形成了新的生活模式，平台应具有高度的社会责任感。&ldquo;交易平台需建立完善的投诉机制，或通过与销售者签订协议，保障消费者七日无理由退货的合法权益;或设立七日无理由退货基金，如有违法行为可直接扣除资金。&rdquo;</span></span></p>\r\n\r\n<p><span style=\"font-size:18px\"><span style=\"font-family:courier new,courier,monospace\">&ldquo;七日&rdquo;时间怎么算?</span></span></p>\r\n\r\n<p><span style=\"font-size:18px\"><span style=\"font-family:courier new,courier,monospace\">自签收日起算时效顺延双方风险均增加</span></span></p>\r\n\r\n<p><span style=\"font-size:18px\"><span style=\"font-family:courier new,courier,monospace\">今年春节前夕，记者曾对京东、亚马逊、天猫等多家电商平台进行随机调查发现，鉴于春节假期快递和客服人员都放假，有的商铺顺延了七日无理由退货时效，而部分商家则并未因此延长退货时效。</span></span></p>\r\n\r\n<p><span style=\"font-size:18px\"><span style=\"font-family:courier new,courier,monospace\">&ldquo;七日&rdquo;到底如何计算?节假日能否顺延呢?&ldquo;从《消费者权益保护法》的规定来看，&lsquo;七日&rsquo;既不是自然日也不是工作日，自消费者确认签收货品之日起算，以实际退货寄出行为为准。&rdquo;中国人民大学民商事法律科学研究中心主任杨立新此前接受记者采访时表示，如消费者与商家有特殊约定，仍可按照约定执行。</span></span></p>\r\n\r\n<p><span style=\"font-size:18px\"><span style=\"font-family:courier new,courier,monospace\">杨亚琼说，商品签收一般以消费者的物流签单时间为准。遇到特殊节假日，物流或者售后服务都受到影响，适当延长无理由退换货时效是值得推广的，但需要买卖双方提前确认。(种卿)</span></span></p>\r\n\r\n<p><span style=\"font-size:18px\"><span style=\"font-family:courier new,courier,monospace\">有专家认为将&ldquo;七日&rdquo;解读为工作日可能更为合适。但杨亚琼提醒，此举导致实际处理退货纠纷的时长被延长，对于买卖双方都有风险。消费者做出退货选择的时间变宽松，纠纷处理或者说回款时间同样延后;退货时效拉长，商家的退货率也可能提高。</span></span></p>\r\n</body>\r\n</html>\r\n', '2017-03-17 19:26:56', '8097ff1ff862cfc150c620f9f30fb9a8', '17', '59', 'InUse', '网购商品七日无理由退货今起施行', null, 'admin', '4', '2017-05-25 14:53:47');
INSERT INTO `cms_chapter` VALUES ('898', '<html>\r\n<head>\r\n	<title></title>\r\n</head>\r\n<body>\r\n<p><img alt=\"\" src=\"http://47.93.46.185:80/filee/viewPic.do?manageKey=70857d3fe1892871a10537d39f80917a\" style=\"height:388px; width:690px\" /></p>\r\n\r\n<p><span style=\"font-family:courier new,courier,monospace\"><span style=\"font-size:18px\">2017央视315晚会央视曝光武汉乐百龄生物科技公司、湖北国创伟业生物技术公司、安徽润九生物技术公司、威海艾维尔生物科技公司、江西南昌嘉仁生物科技公司等保健品推销公司向老年人销售保健品的问题。这让以销售保健品会销的企业成为消费者关注的焦点，会销与直销虽然仅仅差一个字，但必然有其联系。据相关业内人士透漏，直销行业中不乏会销起家的企业，其中以山东直销企业居多。通过央视315曝光的会销企业骗局，不禁让人为直销行业担心。</span></span></p>\r\n\r\n<p><span style=\"font-family:courier new,courier,monospace\"><span style=\"font-size:18px\">会销与直销究竟有何联系?</span></span></p>\r\n\r\n<p><span style=\"font-family:courier new,courier,monospace\"><span style=\"font-size:18px\">从今年央视315曝光的会销企业来看，那些保健品公司推销员向那些身怀疾病的老人推荐那些所谓的&ldquo;神丹妙药&rdquo;，其中一款蜂胶胶囊，一盒对外售价3980元的蜂胶胶囊，进货价只有65元，利润高达60倍，如此惊人的利润率让人瞠目结舌。除了价格虚高之外，营销模式更是与直销雷同，这些医疗保健品的会议营销模式开展会议营销第一步是发掘潜在老人客户，通过送一些小礼品获得老人的个人信息和联系方法,他们称之为收单。经过淘汰那些没有购买欲望的老人，就开始所谓的健康讲座，与销售产品没有丝毫关系。就是请一些所谓专家来给一些老人们洗脑的，洗完脑就开始最重要的一步了，就是卖产品，经过这些一系列精心设计的环节，这些老人的心甘情愿的掏钱来买，甚至是贷款都要购买。</span></span></p>\r\n\r\n<p><span style=\"font-family:courier new,courier,monospace\"><span style=\"font-size:18px\">央视315提到的会销模式与如今的直销有种似曾相识的感觉。会议营销指通过寻找特定顾客，通过亲情服务和产品说明会的方式销售产品的销售方式。且医药保健品会销模式可以说是精彩纷呈、让人眼花缭乱，但是再怎么说也是万变不离其宗，其实就是销售者与消费者之间的心理的较量，这是一种典型的心理游戏。而现代直销只是会销方式中的一个种类，同其它类型的会销方式一样，有其诞生、成长的发展历程;同样，直销这种会销方式也是由典型的直销企业所创造的。这些典型的直销企业都是在一定的商业环境下进行了模式创新，在创新的初始阶段，很多企业是以直销作为唯一的会销方式，并形成了各具特色的典型模式;当一种创新的会销方式成长到一定阶段，必然要吸收其它各种会销方式及其要素来补充和丰富这种单纯的会销方式，从而进行复合会销的综合创新，这一阶段也就是企业的复合式会销的组合和推进阶段，这一阶段称为复合式模式创新阶段。</span></span></p>\r\n\r\n<p><span style=\"font-family:courier new,courier,monospace\"><span style=\"font-size:18px\">直销市场同股票市场一样，是一个起伏较大的市场。当初直销作为一种会销方式也曾经在保健品、化妆品和某些生活日用品的细分市场中风靡一时，但是由于不同国家和地区市场环境的不同，市场发育的程度不同，也曾出现过起伏不定，甚至是动荡不安的状态，也曾出现过市场的泡沫。直销作为一种会销方式，有其不可替代的作用和其它会销方式不具备的特点，不能不进入国际和国内商业公司的视野。</span></span></p>\r\n\r\n<p><span style=\"font-family:courier new,courier,monospace\"><span style=\"font-size:18px\">直销企业会上央视315吗?</span></span></p>\r\n\r\n<p><span style=\"font-family:courier new,courier,monospace\"><span style=\"font-size:18px\">虽然至今为止直销企业未登上央视315，但并不代表可以相安无事。除了央视315之外，直销企业也难以幸免&ldquo;荣登&rdquo;其他主流媒体的黑榜，其中不乏有人民日报、新华网等。</span></span></p>\r\n\r\n<p><span style=\"font-family:courier new,courier,monospace\"><span style=\"font-size:18px\">那么，直销行业为什么不受待见呢?据2016年新华网网络舆情监测中心相关报告显示，公众对直销业普遍存在很多不好的&ldquo;刻板印象&rdquo;，欺骗、忽悠、违规、急功近利等标签几乎和直销业划等号，行业整体网络形象&ldquo;严重偏负面&rdquo;。而在直销员内部，会经常听到的话却是&ldquo;今天的我就是明天的你&rdquo;，好像一夜之间就能暴富。不断的榜样激励、物质激励确实能让一个人短暂地奋发，但一旦劲头过去，则是更深的无力感。同时，有得直销员没有接受培训的情况下大肆虚假宣传产品功效，为&ldquo;金钱梦想&rdquo;不断摇旗呐喊。由于缺乏配套的法律法规规范，处于边缘化的直销行业仅靠自律远远不够，加上直销企业以生产保健品、护妆品居多，直销模式备受争议，退换货难等问题居多，公众形象的偏差，这也难免媒体会聚焦。</span></span></p>\r\n\r\n<p><span style=\"font-family:courier new,courier,monospace\"><span style=\"font-size:18px\">但不可否认，直销行业近几年来得到了净化，越来越多的直销人员心态趋于平和，重归销售本质，少了直销行业以前倡导的&ldquo;卖梦想&rdquo;的狂热，多了&ldquo;卖产品&rdquo;的理性。越来越多的直销人员懂得回馈社会，积极参加社区活动或社会公益活动，直销企业更是成为当地纳税大户，解决当地就业问题。尽管众多直销企业非常在意品牌形象，但依然避免不了&ldquo;躺枪&rdquo;。近几年央视315开始重视消费者身边的问题，大健康产业更是上升到国家战略，随着养老、医疗、保健等问题突出，势必会成为央视315关注的一部分。</span></span></p>\r\n\r\n<p><span style=\"font-family:courier new,courier,monospace\"><span style=\"font-size:18px\">&ldquo;居安思危&rdquo;应该成为直销行业发展的警训，此次央视315曝光的会销企业并不是好的信号，这说明随着直销行业队伍的壮大，涉水直销企业增多，直销企业影响力增大，媒体将会更加关注直销行业是否健康发展。</span></span></p>\r\n\r\n<p><span style=\"font-family:courier new,courier,monospace\"><span style=\"font-size:18px\">如何提高直销行业大众形象?</span></span></p>\r\n\r\n<p><span style=\"font-family:courier new,courier,monospace\"><span style=\"font-size:18px\">当下，牌照等于业绩的时代已经造成行业大乱。企业要想赢得消费者的青睐和稳固占领终端市场，一定要回归以产品为导向的直销本质。如今，直销行业产品同质化现象非常严重，企业产品主打的健康产业领域，大多似曾相似，甚至公司与公司之间的产品知识课程基本相同，市场恶性竞争现象泛滥，甚至有的直销企业公然搞资金盘、原始股、概念炒作等，偏离做有品质产品的路线。</span></span></p>\r\n\r\n<p><span style=\"font-family:courier new,courier,monospace\"><span style=\"font-size:18px\">正是因为部分直销企业在浮躁的氛围中，只重激励不重产品、采用低级竞争手段谋求眼前利益。转型期以来，据不完全统计，近两百多家与直销相关的企业中，剩下来的少之又少，不超过十分之一。直销模式作为外来的、较新鲜事物，在中国整体发展时间不超过二十年，中国的合法直销企业只有82家而已，这一行业还处于初级的，需要探索和学习的阶段。但是许多直销企业在发展过程中追求一蹴而就的业绩提高，这样只会适得其反。另外，任何销售活动的核心都是&ldquo;产品&rdquo;。但是当前不少直销厂家将太多精力放在了对直销人员的培训和激励方式，或是扩大产品影响力和与同行的&ldquo;打压式&rdquo;竞争上，忽视了产品本身的效用和质量。有的直销企业开会如同会销一样，专门向老年人圈钱。这些都会影响人们对于直销行业的看法。</span></span></p>\r\n\r\n<p><span style=\"font-family:courier new,courier,monospace\"><span style=\"font-size:18px\">为此，直销企业需要避免被媒体频频曝光，树立正确的大众形象。未来想存活下来的直销企业，想要赢得未来的终端消费市场，就要注重产品的不断创新，加大科技研发的技术投入，坚持生产高品质、高科技、区隔化、定制化、个性化、生态、环保、智能、绿色、健康的创新品牌产品。选取的产品应当是适合中国目前的消费者接受的产品，通常是日用快消品而非纯粹的保健品营养品，从而避开市场同质化，这样才能奠定循环消费的基础。</span></span></p>\r\n\r\n<p><span style=\"font-family:courier new,courier,monospace\"><span style=\"font-size:18px\">产品价格过高难以为消费者接受，至少无法形成循环消费。而价格过低十余元或几十元的，则缺少利润空间且物流繁杂，也不好做。产品本身的价值不能与价格相差较远而给人价格虚高的感觉，最好是大品牌有文化的产品，这样的产品才真正有利于循环消费而拥有大量市场，也有利于以直销这种销售模式来进行包装与推广。</span></span></p>\r\n\r\n<p><span style=\"font-family:courier new,courier,monospace\"><span style=\"font-size:18px\">去同质化、走差异化、打破一成不变的高价位旧俗，避免质低价高，如果能够来一场质优价廉的价格革命，合理制订PV值，才能产生循环消费效应，才能赢得消费者的口碑与信赖。否则，明年的央视315必然会波及脆弱的直销行业整体形象。</span></span></p>\r\n</body>\r\n</html>\r\n', '2017-03-17 19:27:22', '41f8e9074507cdaa331385a26281a3d6', '18', '67', 'InUse', '从央视315保健品会销骗局看直销行业潜在发展危机', null, 'admin', '4', '2017-05-25 14:53:53');
INSERT INTO `cms_chapter` VALUES ('899', '<html>\r\n<head>\r\n	<title></title>\r\n</head>\r\n<body>\r\n<p><img alt=\"\" src=\"http://47.93.46.185:80/filee/viewPic.do?manageKey=039ddd3b079ce1e808a5df813b61f5d9\" style=\"height:460px; width:690px\" /></p>\r\n\r\n<p>&ldquo;我们要打一场制造业的&lsquo;攻坚战&rsquo;，用先进标准倒逼&lsquo;中国制造&rsquo;升级。&rdquo;李克强总理在4月6日的国务院常务会议上说。</p>\r\n\r\n<p>当天会议决定实施《装备制造业标准化和质量提升规划》。李克强说，坚持标准引领，建设制造强国，是结构性改革尤其是供给侧结构性改革的重要内容，有利于改善供给、扩大需求，促进产品产业迈向中高端。</p>\r\n\r\n<p>他强调：&ldquo;要提振消费者对&lsquo;中国制造&rsquo;的信心，支撑制造业提质增效，提升国际竞争力。&rdquo;</p>\r\n\r\n<p><span style=\"font-size:18px\"><strong>发挥市场倒逼作用，提振消费者对&ldquo;中国制造&rdquo;的信心</strong></span></p>\r\n\r\n<p>当天这一议题原本只聚焦于&ldquo;提升制造业标准&rdquo;上。李克强总理明确要求，要在文件标题中加入&ldquo;质量&rdquo;二字。</p>\r\n\r\n<p>&ldquo;标准和产品质量紧密相连，我们要制造高质量的产品，建设制造强国，必须有先进的标准作为支撑。反过来，我们推进装备制造业标准化的目的，也是为了提升消费品质量，拓展国内国际市场。&rdquo;总理阐释二者的关系。</p>\r\n\r\n<p>李克强说，中国目前是制造业大国，但并不是制造强国。这其中很重要的一个原因是，我们的标准仍然比较落后，很多产品的质量仍然处在中低端。</p>\r\n\r\n<p>&ldquo;现在很多民众出国买东西，跨境电子商务也是大量进口国外消费品。&rdquo;总理说，&ldquo;我们必须要瞄准国际先进标准，发挥市场倒逼作用，提振消费者对&lsquo;中国制造&rsquo;的信心，支撑制造业提质增效，提升国际竞争力。&rdquo;</p>\r\n\r\n<p>李克强要求，相关部门要进一步提高标准水平，逐步与国际接轨，加快关键技术标准研制，加快标准更新，促进技术和产品创新。</p>\r\n\r\n<p>他强调，我们要继续扩大开放，让消费者有更多选择，进而倒逼&ldquo;中国制造&rdquo;升级，最终目的是要激励国内制造业，按照更加符合市场需求的标准发展壮大起来，创造更多就业岗位，助力国家持久发展。</p>\r\n\r\n<p><span style=\"font-size:18px\"><strong>老百姓的需求越来越多样化，层次也越来越高，政府的管理也要同步跟上啊</strong></span></p>\r\n\r\n<p>一位部长在讨论中说，有些创新创业企业负责人反映，他们研发了新产品，却因为没有相应的产品标准，导致无法进入市场。李克强明确要求，装备制造业标准和质量提升，首先要改进政府管理方式，要采取新办法，让消费者自主选择。</p>\r\n\r\n<p>&ldquo;别再列什么工业消费品的&lsquo;目录&rsquo;了，这样会提高创新创业产品进入市场的门槛！&rdquo;李克强说，&ldquo;要采取负面清单的管理办法，除在危害人身安全、国家安全和生命健康等方面设置强制性标准，需要强制执行、严格管住外，其他方面要更多让市场发挥作用。&rdquo;</p>\r\n\r\n<p>他强调，政府需要创新管理模式，把精力从&ldquo;设置门槛&rdquo;更多转移到&ldquo;提供服务&rdquo;上来，引导更多企业采用先进标准，适应市场需求，推动整个制造业的升级发展。</p>\r\n\r\n<p>&ldquo;现在老百姓的需求越来越多样化，层次也越来越高，政府的管理也要同步跟上啊！&rdquo;总理说。</p>\r\n\r\n<p><span style=\"font-size:18px\"><strong>解除对创新思维的束缚，培育精益求精的&ldquo;工匠精神&rdquo;</strong></span></p>\r\n\r\n<p>李克强谈起近20年前他在欧洲一家企业参观的经历：一位技术工人浇筑的镁条粗细均匀，一丝缝隙都没有。</p>\r\n\r\n<p>&ldquo;机器都没他做得好！&rdquo;谈起当时的场景，总理连连感叹，&ldquo;更重要的是，这家企业的总经理告诉我，这位工人的收入和他本人的收入一样多。这就是对&lsquo;工匠精神&rsquo;的最大激励！&rdquo;</p>\r\n\r\n<p>李克强进而强调，装备制造业不仅要提升标准和质量，更要从根本上解除对创新思维的束缚，培育精益求精的&ldquo;工匠精神&rdquo;。</p>\r\n\r\n<p>&ldquo;政府要明确自己的职责：一方面要把假冒伪劣、坑蒙拐骗&lsquo;管死&rsquo;，营造公平竞争的市场环境；另一方面要弘扬工匠精神，追求精益求精，生产更多有创意、品质优、受群众欢迎的产品，让制造业蓬勃发展。&rdquo;</p>\r\n\r\n<p><span style=\"font-size:18px\"><strong>要用消费者的选择，倒逼工业消费品提质和&ldquo;中国制造&rdquo;的升级</strong></span></p>\r\n\r\n<p>在讨论提高装备制造业标准质量的同时，李克强也明确要求有关部门，要尽快拿出针对大众消费品的质量标准提高计划。</p>\r\n\r\n<p>&ldquo;过去我们的工业体系是，先把生产设备定下来，然后&lsquo;我生产什么你就买什么&rsquo;。但现在人民群众消费需求越来越多样，对消费品质量、标准的要求也越来越高。制造业正在日益向定制化、个性化方向转型。&rdquo;总理说。</p>\r\n\r\n<p>他说，在计划经济年代，我们和一些国家都曾经历过&ldquo;重工业发达、轻工品却买不到&rdquo;的历史。而在当今互联网时代，不能再走这样的&ldquo;老路&rdquo;。</p>\r\n\r\n<p>&ldquo;&lsquo;中国制造2025&rsquo;不能只搞装备制造业，而要用消费者的选择，倒逼工业消费品提质和&lsquo;中国制造&rsquo;的升级。&rdquo;总理说。</p>\r\n</body>\r\n</html>\r\n', '2017-03-17 19:40:19', 'c9ccc617244794f4e83e4619520540dc', '11', '128', 'InUse', '李克强：要用先进标准倒逼“中国制造”升级', null, 'admin', '1', '2017-05-25 13:13:02');
INSERT INTO `cms_chapter` VALUES ('900', '<html>\r\n<head>\r\n	<title></title>\r\n</head>\r\n<body>\r\n<p style=\"text-align:justify\"><span style=\"font-family:courier new,courier,monospace\"><span style=\"font-size:18px\">3月12日，由国家质检总局指导，中国质量万里行促进会主办的3&middot;15第三届中国质量诚信品牌论坛在北京成功举办。</span></span></p>\r\n\r\n<p style=\"text-align:justify\"><span style=\"font-family:courier new,courier,monospace\"><span style=\"font-size:18px\"><img alt=\"\" src=\"http://47.93.46.185:80/filee/viewPic.do?manageKey=9595c48ff0835b18122aef72e56ca36a\" style=\"height:450px; width:690px\" /></span></span></p>\r\n\r\n<p style=\"text-align:justify\"><span style=\"font-family:courier new,courier,monospace\"><span style=\"font-size:18px\">本次论坛以用&ldquo;工匠精神&rdquo;打造&ldquo;质量诚信品牌工程&rdquo;为主题，邀请学术界、企业界代表围绕&ldquo;质量&rdquo;、&ldquo;诚信&rdquo;、&ldquo;工匠精神&rdquo;等话题，共同探讨质量与供给侧结构性改革新形势下如何加强质量诚信建设，推动质量提升，加快建设质量强国。</span></span></p>\r\n\r\n<p style=\"text-align:justify\"><span style=\"font-family:courier new,courier,monospace\"><span style=\"font-size:18px\"><img alt=\"\" src=\"http://47.93.46.185:80/filee/viewPic.do?manageKey=9291ffe016e24d312990cb5dff874d90\" style=\"height:278px; width:690px\" /></span></span></p>\r\n\r\n<p style=\"text-align:justify\"><span style=\"font-family:courier new,courier,monospace\"><span style=\"font-size:18px\">论坛上，国家质检总局副局长、党组副书记梅克保围绕两会提出的&ldquo;质量之魂，存于匠心。&rdquo;提出：质量工作已成为经济发展的中心任务，在国家发展大局中的地位和作用越来越重要。质量强则中国强，质量兴则民族兴。并同时强调，企业要责任至上，进行诚信建设，完善社会信用体系建设。并大力弘扬工匠精神，打造享誉世界的品牌，提升产品美誉度，增强百姓购买国货的自信心。</span></span></p>\r\n\r\n<p style=\"text-align:justify\"><span style=\"font-family:courier new,courier,monospace\"><span style=\"font-size:18px\"><img alt=\"\" src=\"http://47.93.46.185:80/filee/viewPic.do?manageKey=b9516c5f7248e6f75f3ef671ee8dcacd\" style=\"height:468px; width:690px\" /></span></span></p>\r\n\r\n<p style=\"text-align:justify\"><span style=\"font-family:courier new,courier,monospace\"><span style=\"font-size:18px\">国家质检总局原总工程师、中国质量万里行促进会会长刘兆彬在会议致辞：在数量经济的模式下，缺乏中国的工匠精神，要提高思想认识，切实做好质量诚信建设工作推动国家质量总体水平提升。</span></span></p>\r\n\r\n<p style=\"text-align:justify\"><span style=\"font-family:courier new,courier,monospace\"><span style=\"font-size:18px\"><img alt=\"\" src=\"http://47.93.46.185:80/filee/viewPic.do?manageKey=9ac7fb435f479621095dc45698b129b6\" style=\"height:462px; width:690px\" /></span></span></p>\r\n\r\n<p style=\"text-align:justify\"><span style=\"font-family:courier new,courier,monospace\"><span style=\"font-size:18px\">并提出对工匠精神五种理解，同时也预告接下来中国质量万里行促进会的工作安排会将工匠精神提升产品质量作为首要任务。</span></span></p>\r\n\r\n<p style=\"text-align:justify\"><span style=\"font-family:courier new,courier,monospace\"><span style=\"font-size:18px\">中国质量万里行促进会副会长兼兼秘书长高伯海做了《2016年中国质量诚信产品与服务质量明查暗访情况通报》。</span></span></p>\r\n\r\n<p style=\"text-align:justify\"><span style=\"font-family:courier new,courier,monospace\"><span style=\"font-size:18px\"><img alt=\"\" src=\"http://47.93.46.185:80/filee/viewPic.do?manageKey=ad66c34074132d311e4df0b289c6d363\" style=\"height:506px; width:690px\" /></span></span></p>\r\n\r\n<p style=\"text-align:justify\"><span style=\"font-family:courier new,courier,monospace\"><span style=\"font-size:18px\">分四大部分进行阐述：基本情况、主要特点、存在问题与建议。高伯海从手机、家装、健身等行业领域阐述了存在的问题，并且提出：</span></span></p>\r\n\r\n<p style=\"text-align:justify\"><span style=\"font-family:courier new,courier,monospace\"><span style=\"font-size:18px\">1.提高供给质量，持续推进质量诚信体系建设，全面提高产品和服务质量。</span></span></p>\r\n\r\n<p style=\"text-align:justify\"><span style=\"font-family:courier new,courier,monospace\"><span style=\"font-size:18px\">2.开展提升质量和服务质量品牌提升行动，全面强化企业质量管理。</span></span></p>\r\n\r\n<p style=\"text-align:justify\"><span style=\"font-family:courier new,courier,monospace\"><span style=\"font-size:18px\">3.培育和弘扬精益求精的工匠精神，牢固树立&ldquo;质量第一，诚信至上&rdquo;质量诚信理念，维护消费者合法权益。</span></span></p>\r\n\r\n<p style=\"text-align:justify\"><span style=\"font-family:courier new,courier,monospace\"><span style=\"font-size:18px\">论坛现场表彰了中国服务创新奖、全国质量诚信品牌示范企业、五星级服务质量奖和用户满意服务诚信鼎的获奖企业，并由对其企业家进行颁奖。</span></span></p>\r\n\r\n<p style=\"text-align:justify\"><span style=\"font-family:courier new,courier,monospace\"><span style=\"font-size:18px\"><img alt=\"\" src=\"http://47.93.46.185:80/filee/viewPic.do?manageKey=2d06c3e798eb6bf98b61176fd70cf106\" style=\"height:388px; width:690px\" /></span></span></p>\r\n\r\n<p style=\"text-align:justify\"><span style=\"font-family:courier new,courier,monospace\"><span style=\"font-size:18px\">国务院参事、北京理工大学管理与经济学院教授郎志正做了&ldquo;质量、工匠精神与品牌&rdquo;的主题演讲。</span></span></p>\r\n\r\n<p style=\"text-align:justify\"><span style=\"font-family:courier new,courier,monospace\"><span style=\"font-size:18px\"><img alt=\"\" src=\"http://47.93.46.185:80/filee/viewPic.do?manageKey=8241d87f47d9ab83a73b29ea5672d976\" style=\"height:473px; width:690px\" /></span></span></p>\r\n\r\n<p style=\"text-align:justify\"><span style=\"font-family:courier new,courier,monospace\"><span style=\"font-size:18px\">郎志正教授从五个方面解释了大质量的概念，并从四个方面评价了工匠精神，从三品三精三度来谈如何认识品牌。</span></span></p>\r\n\r\n<p style=\"text-align:justify\"><span style=\"font-family:courier new,courier,monospace\"><span style=\"font-size:18px\">全国人大财经委法案室副主任钟真真，国务院发展研究中心宏观部副部长陈昌盛，北京大学中国品牌研究中心主任王齐国等出席论坛并作主题演讲。</span></span></p>\r\n\r\n<p style=\"text-align:justify\"><span style=\"font-family:courier new,courier,monospace\"><span style=\"font-size:18px\">日日顺乐家、海尔集团、长安汽车、华帝、亚萨合莱盼盼、思贝特围绕&ldquo;工匠精神&rdquo;，&ldquo;质量诚信建设&rdquo;在论坛上进行了主旨发言。</span></span></p>\r\n\r\n<p style=\"text-align:justify\"><span style=\"font-family:courier new,courier,monospace\"><span style=\"font-size:18px\">海尔集团等企业围绕传播质量诚信&ldquo;中国好声音&rdquo;主题，展开深度对话，分享企业成功的故事。</span></span></p>\r\n\r\n<p style=\"text-align:justify\"><span style=\"font-family:courier new,courier,monospace\"><span style=\"font-size:18px\"><img alt=\"\" src=\"http://47.93.46.185:80/filee/viewPic.do?manageKey=dd04d7ef913a6c791054b831d2083244\" style=\"height:518px; width:690px\" /></span></span></p>\r\n\r\n<p style=\"text-align:justify\"><span style=\"font-family:courier new,courier,monospace\"><span style=\"font-size:18px\">此次论坛圆满成功。</span></span></p>\r\n</body>\r\n</html>\r\n', '2017-03-17 19:44:01', '24d29b41e86100d8f7a813b743fecdc3', '18', '145', 'InUse', '2017年3·15第三届中国质量诚信品牌论坛在北京成功举办', null, 'admin', '2', '2017-05-25 11:49:16');
INSERT INTO `cms_chapter` VALUES ('901', '<html>\r\n<head>\r\n	<title></title>\r\n</head>\r\n<body>\r\n<p>孤独，是现代人的代名词，一睁开眼睛，很难找到你可以依赖的人，觉得世界都是冰冷的。</p>\r\n\r\n<p>但，你要相信，在你的避风港里，有张床是在你躺下之后，给你做全身按摩的&rdquo;按摩仪&ldquo;。无论你上班多累，受了多大委屈，躺下来，整个世界都静止了，除了你均匀的呼吸声连空气都仿佛安静下来了。</p>\r\n\r\n<p><img alt=\"\" src=\"http://47.93.46.185:80/filee/viewPic.do?manageKey=d2943279cad72b3b4f4b39280614ada7\" style=\"height:551px; width:690px\" /></p>\r\n\r\n<p>床是有&rdquo;温度&ldquo;的，所以就算搬家，行李再多，有的人还是愿意搬上那张熟悉的床。因为它和你有着最亲密的关系，是你入世最深之处，也是你避世的安身之所。让人依赖，也让人着迷。如何睡得舒服与选择适合自己的床就成了重要的事情，这些顾虑君升家私都给出了详细的解答。</p>\r\n\r\n<p><img alt=\"\" src=\"http://47.93.46.185:80/filee/viewPic.do?manageKey=c49d516c56ccdde4673e6a005c6ad05b\" style=\"height:494px; width:690px\" /></p>\r\n\r\n<p>君升家私是一家集研究、设计、生产、销售于一体的现代化家具生产厂家，拥有目前先进的生产设备，精益求精的制作工艺及一支高素质的管理团队，并在市场上建立了良好的信誉，充分体现本企业在市场上的竞争力度。在不断运用高科技提升产品质量，功能的同时，更注重产品的设计风格，款式及品牌的独特性。融合古典与前卫，现代与经典的家私精品。</p>\r\n\r\n<p>企业一直秉承一丝不苟，力求完美，款式新颖，服务周到的传统，致力制作优质家居产品为宗旨，严格的控制每一个生产环节，创作出一系列&ldquo;高贵、时尚、典雅、保健&rdquo;的精美系列产品。产品精选优质原料，每个系列的产品皆由名师设计，融合欧陆风情，匠心独运。</p>\r\n\r\n<p><img alt=\"\" src=\"http://47.93.46.185:80/filee/viewPic.do?manageKey=280b19ff547391d58c3fe379638b5d35\" style=\"height:320px; width:690px\" /></p>\r\n\r\n<p>君升家私一直奉承：软硬适中的床褥，人们睡卧在上面时，弹簧弹力通过多层软性料使全身都得到均匀而又贴身的承托和支撑，并且保持了脊柱正位和颈、胸、腰段的天然生理弧度，从而能免除局部受压，使身体各部分都有舒松感觉，血液循环也能畅通无阻。翻身时，借助床褥的弹力能颇感轻松、从而更有利于身心放松和安睡。</p>\r\n\r\n<p><img alt=\"\" src=\"http://47.93.46.185:80/filee/viewPic.do?manageKey=40ba06c4adec03ff10009337383c7377\" style=\"height:461px; width:690px\" /></p>\r\n\r\n<p>君升家私产品种类齐全，有床垫系列、软床系列、沙发床系列、实木床系列，总有一款适合你。</p>\r\n\r\n<p><img alt=\"\" src=\"http://47.93.46.185:80/filee/viewPic.do?manageKey=5e722a87a3b2e784e2dc75b6cdd6c779\" style=\"height:460px; width:690px\" /></p>\r\n\r\n<p>印花床垫系列</p>\r\n\r\n<p><img alt=\"\" src=\"http://47.93.46.185:80/filee/viewPic.do?manageKey=b0023440cba24a01a8b31f659100266e\" style=\"height:460px; width:690px\" /></p>\r\n\r\n<p>米白色软床系列</p>\r\n\r\n<p><img alt=\"\" src=\"http://47.93.46.185:80/filee/viewPic.do?manageKey=934d95be645c526c4be048f6b77b7150\" style=\"height:460px; width:690px\" /></p>\r\n\r\n<p>白色沙发床系列</p>\r\n\r\n<p>对于每一款产品，君升家私都有精细的生产工序，不容许出一丁点差错，所以产品在质量方面是相当安全的，由于这种高标准的要求使君升家私赢得了非常好的口碑。</p>\r\n\r\n<p>我们应该在劳累一天之后，躺在床上放松下来，让灵魂跟得上，君升家私给您温暖。</p>\r\n</body>\r\n</html>\r\n', '2017-03-22 14:56:17', '20e0094555d73081051bc67746aa659d', '18', '40', 'InUse', '所以，你的安全感到底来自于哪里？', '344', 'admin', '3', '2017-05-25 11:37:05');
INSERT INTO `cms_chapter` VALUES ('902', '<html>\r\n<head>\r\n	<title></title>\r\n</head>\r\n<body>\r\n<p>教师常需在黑板上书写、绘图进行讲解。在45～50分钟的一节课里，就要擦写数次，下课时，往往在手上、袖子上，甚至头发、肩膀上都留下一层白色粉笔灰。天天如此，年复一年，工作20～30年后，消磨了数以万计的粉笔。不可避免地从鼻孔吸入一些粉笔灰。吸入粉笔灰是否致病，是广大教师和家长至为关切的问题。</p>\r\n\r\n<p><img alt=\"\" src=\"http://47.93.46.185:80/filee/viewPic.do?manageKey=f51f405fee60c1d9266e7b41ae9012bd\" style=\"height:459px; width:690px\" /></p>\r\n\r\n<p>医学研究表明：粉笔灰对健康有着极大的危害，当其吸入肺部，在肺部游离的二氧化硅含量在百分之一以上形成肺纤维化的粉尘，从而使肺泡纤维化，导致肺部呼吸功能下降；粉笔粉尘也会度上呼吸道包括鼻、咽、支气管产生相应的危害；粉笔粉尘会严重刺激眼部粘膜，造成粘膜损伤，形成慢性炎症，还可能诱发近视的产生。</p>\r\n\r\n<p><img alt=\"\" src=\"http://47.93.46.185:80/filee/viewPic.do?manageKey=34fc6344abb430266af932fc19958147\" style=\"height:470px; width:690px\" /></p>\r\n\r\n<p>这一问题是困扰，同时也是创新的源泉。许多企业家纷纷开始研制安全粉笔，其中成都松齐明科技有限公司研制的水溶性粉笔是通过中国质量万里行促进会严格审核之后，荣获会员单位的称号。我们一起来看一下究竟水溶性粉笔是如何避免给小孩带来伤害的呢？</p>\r\n\r\n<p>成都松齐明科技有限公司总经理带领公司员工研制成功100%无尘水溶性粉笔、笔套、板擦、清洗装置、绿膜以及各产品的配套生产设备。至今已成为无尘板书行业的领军人物，所创水溶性产品远销国内外，成为行业第一品牌。继无尘板书系列产品之后又于2014年研发出软性水溶性写画笔以及儿童手指画颜料、人体彩绘颜料等系列产品。</p>\r\n\r\n<p><img alt=\"\" src=\"http://47.93.46.185:80/filee/viewPic.do?manageKey=6c80aaa282688c4f5b1243694a8ecb9f\" style=\"height:480px; width:690px\" /></p>\r\n\r\n<p>公司以&ldquo;树立行业标杆，普及无尘板书；让师生不再吃粉笔灰，让孩子充满创造力&rdquo;为使命；&ldquo;帮助客户和合作伙伴创造价值，从而实现企业自身价值&rdquo; 为理念，吸引卓越人才，创造更优秀的产品。</p>\r\n\r\n<p><img alt=\"\" src=\"http://47.93.46.185:80/filee/viewPic.do?manageKey=00ea8e71643937ba5affc9577564f9b3\" style=\"height:647px; width:690px\" /></p>\r\n\r\n<p>从公司产品一经推出就得到了国内外使用者的高度认可，如韩国、马西亚、中国台湾等，获得了各项权威认证和奖项，同时得到了国家相关部门的大力支持；目前已经有超过350000个以上的班级正在使用我们的产品。</p>\r\n\r\n<p><img alt=\"\" src=\"http://47.93.46.185:80/filee/viewPic.do?manageKey=7b0bff06adb01b3db305e057e5236d9c\" style=\"height:690px; width:690px\" /></p>\r\n\r\n<p>无尘板书产品系列让更多人早一些远离粉笔灰的困扰，减小因此受到的健康隐患，同时让电教设备健康运行，提高使用寿命，这就是极大的社会责任和价值。他们一直用最用心的态度完成此事，每一个产品均为独创开发，采用进口元件制作。产品的每一个细节均经过大量使用验证，每一个附属产品的设计都立足于高品质，尽最大可能做到方便实用，来保障孩子们的安全。</p>\r\n</body>\r\n</html>\r\n', '2017-03-22 15:00:00', '34ce956d091f35c42dc70187bc6ac290', '17', '36', 'InUse', '你还在为孩子吃粉笔灰担心吗？', '350', 'admin', '3', '2017-05-25 11:36:59');
INSERT INTO `cms_chapter` VALUES ('904', '<html>\r\n<head>\r\n	<title></title>\r\n</head>\r\n<body>\r\n<p>服装业作为全球化程度最高的产业，已经发展为集各种高精尖技术为一体，同时包含科学、技术、艺术、创新的综合性体系。从总体来说我国的服装现状却实在令人担忧！很多人说我国的服装行业拥有一流的设备、二流的产品、三流的品牌，是一个能够创造外汇，但并不能创造价值的行业。</p>\r\n\r\n<p><img alt=\"\" src=\"http://47.93.46.185:80/filee/viewPic.do?manageKey=8381b5c0d439524515b80298e8a1d03b\" style=\"height:477px; width:690px\" /></p>\r\n\r\n<p>在服装行业竞争日益激烈的今天，大牌服装成为很多人追捧的对象，快时尚服装品牌的崛起虽然快速复制了大牌的设计和款式，但是由于差价的原因，往往做工和质量并不能得到很好的保障，面对行业这一现象，陈慧星坚持品质和品牌相辅相成的理念，制作所有人都能够消费得起的民族服装品牌。</p>\r\n\r\n<p><img alt=\"\" src=\"http://47.93.46.185:80/filee/viewPic.do?manageKey=ffe28d4dc2233c77660faef7d6919fb8\" style=\"height:342px; width:690px\" /></p>\r\n\r\n<p>陈慧星，北京星萍服装有限公司创始人。15岁从最底层的服装公司做起，为的是快速提高自己的专业能力，经过打拼，2007年的陈慧星已经是公司的副总经理，本来是非常稳定的工作，但他却毅然决然的离开，并走上创业之路，与妻子杨玉萍成立了北京星萍服装有限公司。</p>\r\n\r\n<p><img alt=\"\" src=\"http://47.93.46.185:80/filee/viewPic.do?manageKey=69207d9b8a9638f1caeae151f2bab6d1\" style=\"height:400px; width:690px\" /></p>\r\n\r\n<p>起初的北京星萍服装有限公司只是做代加工，直至直到2009年，才开始相继有自主研发的产品推出，2012年公司创立品牌 &ldquo;谷可&rdquo;，在品牌面市之初由于大家对品牌的不了解，导致压货两百多万，但这一打击也并没有将陈慧星打倒。经过一段时间的调整和市场调研后，陈慧星带领团队设计符合市场的服装，并不断更新款式，融合最新的潮流趋势。经过一番调整后，谷可不断受到市场和消费者的认可。2014年公司又推出服装品牌&ldquo;谷瑞可&rdquo;，以时尚、职业的风格为主，面市后也不断受到市场的认可和消费者的喜爱。</p>\r\n\r\n<p>北京星萍服装有限公司不但以其产品的独特风格获得广大群众的喜爱，而且经过了中国质量万里行促进会的审核，并得到了促进会授予的会员单位荣誉称号，质量得到了认证，老百姓穿的放心。</p>\r\n\r\n<p>北京星萍服装有限公司励志制作出优秀民族品牌，只要坚持与拼搏，梦想终会开花。</p>\r\n</body>\r\n</html>\r\n', '2017-04-27 10:24:45', '66c41e2dc0c008141d8083b875903de3', '16', '40', 'InUse', '谷瑞可，打造优秀民族品牌', '387', 'admin', '3', '2017-05-25 11:36:47');
INSERT INTO `cms_chapter` VALUES ('905', '<html>\r\n<head>\r\n	<title></title>\r\n</head>\r\n<body>\r\n<p>散热器（radiator 、CUP）是机器设备部件运转时用于降低设备运转时所产生的热量，从而机械设备部件散热制冷来增加机械运作寿命。所以散热器的质量直接影响运转机械设备部件的寿命。<img alt=\"\" src=\"http://47.93.46.185:80/filee/viewPic.do?manageKey=87c0043878e262a4ce499868561c74b0\" style=\"height:493px; width:690px\" /></p>\r\n\r\n<p>随着散热器品牌越来越多，如何选择一款质高价优的散热器就显得尤其重要。小编今天就给大家推荐一家通过中国质量万里行促进会审核通过并获得会员单位荣誉称号，集研发、生产和销售于一体的专业生产新型采暖散热器的高新技术企业----北京卡萨罗散热器有限公司。</p>\r\n\r\n<p><br />\r\n<img alt=\"\" src=\"http://47.93.46.185:80/filee/viewPic.do?manageKey=5b652a211ef8fdb8451b856bc1f3b51e\" style=\"height:914px; width:690px\" /></p>\r\n\r\n<p>北京卡萨罗散热器有限公司，成立于1999年，有10余年的专业生产暖气片的历史，中国暖气十大品牌。主要产品：钢制暖气片、铜铝复合暖气片，卫浴暖气片、造型暖气片、暖气片配件，产品规格齐全。暖气片厂坐落于北京通州区马驹桥，建有现代化厂房约50000多平米。公司拥有一直高学历，高素质研发团队，采用先进的生产技术和科学的管理。各流程均有专业的生产线，是一家集研发、生产和销售于一体的专业生产新型采暖散热器的高新技术企业。</p>\r\n\r\n<p><img alt=\"\" src=\"http://47.93.46.185:80/filee/viewPic.do?manageKey=c376db6b605fd2c14ebb73d35d4862ba\" style=\"height:460px; width:690px\" /></p>\r\n\r\n<p>公司自成立以来，一直积极推行全面的科学管理，在同行业中率先通过ISO9001：2000质量体系认证。2000年开始将加拿大成套设备及欧美发达先进的HSE工程服务管理体系全面引进国内，与中国健康家居设计中西合璧，打造国际品牌----卡萨罗散热器！&ldquo;卡萨罗散热器&rdquo;暖气片以其高品质赢得了建筑装饰行家及各界人士的信赖，产品畅销海内外，目前全中国已经有上百家经销商。</p>\r\n\r\n<p><img alt=\"\" src=\"http://47.93.46.185:80/filee/viewPic.do?manageKey=24e7e0f18d046babfff0cf3dca471eac\" style=\"height:690px; width:690px\" /></p>\r\n\r\n<p>当今社会，高品质生活是大家的追求，卡萨罗散热器品牌以科技为先导，以不断提升人们生活质量为己任，尽一切力量向大家提供最优质的产品及服务，努力开发新的产品，开创一个强盛的采暖新时代。</p>\r\n</body>\r\n</html>\r\n', '2017-04-27 11:10:50', 'a0ceef7207c807335c5c98e11e80513d', '15', '41', 'InUse', '卡萨罗，让人放心的散热器', '396', 'admin', '3', '2017-05-25 11:36:39');
INSERT INTO `cms_chapter` VALUES ('906', '<html>\r\n<head>\r\n	<title></title>\r\n</head>\r\n<body>\r\n<p>石膏板是以建筑石膏为主要原料制成的一种材料。它是一种重量轻、强度较高、厚度较薄、加工方便以及隔音绝热和防火等性能较好的建筑材料，是当前着重发展的新型轻质板材之一。石膏板已广泛用于住宅、办公楼、商店、旅馆和工业厂房等各种建筑物的内隔墙、墙体覆面板（代替墙面抹灰层）、天花板、吸音板、地面基层板和各种装饰板等。我国生产的石膏板主要有：纸面石膏板、装饰石膏板、石膏空心条板、纤维石膏板、石膏吸音板、定位点石膏板等。</p>\r\n\r\n<p><img alt=\"\" src=\"http://47.93.46.185:80/filee/viewPic.do?manageKey=474e356d1db368a7540efa8f8fd89a4a\" style=\"height:390px; width:690px\" /></p>\r\n\r\n<p>随着石膏板应用的越来越广泛，我国纸面石膏板行业在产能和产量方面都有了很大的提高，但也同样有一些劣质的产品在危害人民的安全。究竟如何选择高质量的石膏板是老百姓最担心的问题。</p>\r\n\r\n<p><img alt=\"\" src=\"http://47.93.46.185:80/filee/viewPic.do?manageKey=6197151fe5a9fc47836c5e706b6be9b6\" style=\"height:355px; width:690px\" /></p>\r\n\r\n<p>河北安泰纸面石膏板有限公司位于大唐名相魏征的故里&mdash;河北省晋州市，307国道和石黄高速贯穿而过，西距省会石家庄50公里，北距首都北京300公里，地理位置优越，交通条件便利。</p>\r\n\r\n<p>公司下设3个分厂总占地40亩，建筑面积12000平方米，拥有职工128人，各类技术人员46名，其中，高级技术人员26名，年生产能力3500万平方米。强大的经济实力，丰富的人力资源为公司的长期发展奠定了鉴定基础。</p>\r\n\r\n<p>河北安泰纸面石膏板有限公司是专业生产纸面石膏板及轻钢龙骨、烤漆龙骨和硅酸钙板的企业，实力雄厚，设备先进。拥有精湛的板材制造及应用技术团队，具有极强的生产研发能力。严格按照ISO9001：2000国际质量体系和ISO14001国际环保体系进行管理。</p>\r\n\r\n<p><img alt=\"\" src=\"http://47.93.46.185:80/filee/viewPic.do?manageKey=2d57fae0a6b877d13c0683686fd91dc8\" style=\"height:528px; width:690px\" /></p>\r\n\r\n<p>公司产品属于新型、轻质、高强、环保节能的装饰材料。由公司产品及相关配件组成的系统，完全按照用户的要求进行设计，具有保温、隔音、防火、防潮等性能，并且具有多种装饰效果，可制作成各种异型的隔墙和吊顶系统。<img alt=\"\" src=\"http://47.93.46.185:80/filee/viewPic.do?manageKey=2a9fcc848ce67b7857c54b437ca4f0fe\" style=\"height:349px; width:690px\" /></p>\r\n\r\n<p>河北安泰纸面石膏板有限公司的理想是为众多使用我们产品的中国用户提供更安全，更舒适，更优美的生活环境。严把质量关：公司原材料都是经过质量检验并且也通过了中国质量万里行促进会审核，并获得了会员单位的荣誉称号，高品质的生产原料来保障品质，并且纸面是和中国高端品牌华润纸业共同研发专门订制，是行业内独一无二的。</p>\r\n\r\n<p><img alt=\"\" src=\"http://47.93.46.185:80/filee/viewPic.do?manageKey=8549732d57c6dff2b672922089ea8b95\" style=\"height:597px; width:690px\" /></p>\r\n\r\n<p>河北安泰纸面石膏板有限公司秉承&ldquo;拥有先进的生产设备，更完善更及时的售后服务，专业的研发团队，拥有核心的专利产品生产更环保、更专业、更健康、更绿色的石膏板&rdquo;的经营理念，做最好的石膏板。</p>\r\n</body>\r\n</html>\r\n', '2017-04-27 17:56:57', '1eb15e275a412a299b4a8eceaac9070b', '14', '57', 'InUse', '安泰，绿色环保的开始', '402', 'admin', '3', '2017-05-25 11:36:32');
INSERT INTO `cms_chapter` VALUES ('907', '<html>\r\n<head>\r\n	<title></title>\r\n</head>\r\n<body>\r\n<p>中国式的高考似乎一直摆脱不了改变命运这一说法，似乎高考已经变成了中国学生的人生转折点。在这种现状下，学习一门艺术课程逐渐成为一个趋势，而实际的数据也说明选择学习艺术确实能够带来更好的回报.</p>\r\n\r\n<p><img alt=\"\" src=\"http://47.93.46.185:80/filee/viewPic.do?manageKey=fec86b2f62959685ae11ef8d1dace61b\" style=\"height:335px; width:690px\" /></p>\r\n\r\n<p>&nbsp; 家长们为了能让孩子们考上满意的大学，不惜付出全部家当来为孩子选择学校以及艺术学校，按照目前的大趋势来说，学习美术已经越来越受到家长和孩子们的追捧。究竟什么样的学校更适合孩子们并且让家长们放心呢？小编给大家推荐一家以成绩见证实力的美术学习殿堂-----石家庄桥西区二十一世纪美术培训学校。</p>\r\n\r\n<p><img alt=\"\" src=\"http://47.93.46.185:80/filee/viewPic.do?manageKey=830a27f32d941406a400548370182f2f\" style=\"height:414px; width:690px\" /></p>\r\n\r\n<p>&nbsp; 石家庄市桥西区二十一世纪美术培训学校始于1998年，由河北师大美术学院黄卓君教授创办，是教委批准的正规办学机构，学校设有河北省美术联考专项训练中心、全国美术高校专业考试培训中心和清华美院、中央美院专业考试特训中心。</p>\r\n\r\n<p><img alt=\"\" src=\"http://47.93.46.185:80/filee/viewPic.do?manageKey=f91e96867c4b5a1618196b0bbb4da431\" style=\"height:371px; width:690px\" /></p>\r\n\r\n<p>&nbsp;&nbsp;石家庄市桥西区二十一世纪美术培训学校是一所高水准、高品质的美术、书法艺考培训学校，师资均来自于中国八大美院、河北师大以及全国其它重点美术高校，河北师大美术学院硕士研究生导师黄卓君教授为其首席主讲。年在校生1500余人、教职工百余人，自办学以来已为全国八大美院、211、985等全国各类美术高等院校输送了万名大学生源。</p>\r\n\r\n<p><img alt=\"\" src=\"http://47.93.46.185:80/filee/viewPic.do?manageKey=733b056af84873debe85a7e42ba3023f\" style=\"height:473px; width:690px\" /></p>\r\n\r\n<p>&nbsp;&nbsp;石家庄市桥西区二十一世纪美术培训学校凭借正规的办学资质、完善的全封闭、人性化管理、有效的教学方法、独创的教学系统、雄厚的师资力量、贴心的督学服务、小班授课模式以及量身的报考指南来培训祖国有用人才。</p>\r\n\r\n<p><img alt=\"\" src=\"http://47.93.46.185:80/filee/viewPic.do?manageKey=5f3cf966faa593237db54b8b1365b135\" style=\"height:412px; width:690px\" /></p>\r\n\r\n<p>&nbsp;&nbsp;石家庄市桥西区二十一世纪美术培训学校拥有&ldquo;厚德、真诚、关爱，专业、专注、荣誉&rdquo;的核心价值观，即：厚德于中学，真诚于家长，关心爱护学生，以专业的水准，专注艺考培训，以学生考上大学为荣誉！</p>\r\n\r\n<p>&nbsp;</p>\r\n\r\n<p>&nbsp;</p>\r\n\r\n<p>&nbsp;</p>\r\n</body>\r\n</html>\r\n', '2017-05-03 15:30:00', '26df34d47cb0a65b6960a53929e2afdb', '13', '39', 'InUse', '二十一世纪，不一样的美术学习殿堂', '409', 'admin', '3', '2017-05-25 11:36:23');
INSERT INTO `cms_chapter` VALUES ('908', '<html>\r\n<head>\r\n	<title></title>\r\n</head>\r\n<body>\r\n<p>&nbsp; 护理床，分为电动护理床及手动护理床，是行动不方便的病人在住院或居家护理时使用的病床。其主要目的是便于护理人员进行照顾，便于病人康复。随着科技的发展市场上又出现了语音操作和眼睛操作的电动护理床，既方便了对病人的护理，又丰富了病人的精神娱乐生活。</p>\r\n\r\n<p><img alt=\"\" src=\"http://47.93.46.185:80/filee/viewPic.do?manageKey=f6541e460cec869716aa52d66e3e13b8\" style=\"height:469px; width:690px\" /></p>\r\n\r\n<p>&nbsp;&nbsp;如今护理床品牌层出不穷，怎样才能选择合适又有安全保证的呢？今天就让小编来给大家介绍一家专业从事医疗器械设备的公司----衡水君缘医疗器械有限公司。</p>\r\n\r\n<p><img alt=\"\" src=\"http://47.93.46.185:80/filee/viewPic.do?manageKey=854040066af4fdd61fde3e175b2c0b2c\" style=\"height:425px; width:690px\" /></p>\r\n\r\n<p>&nbsp; 衡水君缘医疗器械有限公司（原常福医疗器械厂）是经医药管理局批准、河北省工商行政管理局注册登记、国家药监局批准、定点生产医疗床、医用高中低档病床、家用多功能手动、电动护理床、医用、台、架、柜 、轮、颈椎牵引器械等100多个品种器器材研发与生产的专业厂家。&nbsp;</p>\r\n\r\n<p>公司始建于2003年，总投资5600万元，职工300多人，在党和政府的大力支持下，经过十几年的不懈努力，现已发展成在国内医疗器械行业中颇具影响力、具有一定规模和生产能力的骨干企业。公司产品远销美国、日本、韩国、新西兰、英国、俄罗斯等国内外达90多个国家，以其质量好、品种全、实用性强，深受广大客户青睐。</p>\r\n\r\n<p><img alt=\"\" src=\"http://47.93.46.185:80/filee/viewPic.do?manageKey=dd5821730499056f5d6364513e37c362\" style=\"height:656px; width:690px\" /></p>\r\n\r\n<p>&nbsp;&nbsp;君缘医疗器械有限公司产品通过了中国质量万里行促进会的审核，公司被授予会员单位称号。君缘医疗器械拥有多种系列的产品，为您提供最贴心的医疗产品。公司秉承&ldquo;以顾客至上&rdquo;&ldquo;关爱卧床患者每一天&rdquo;的理念，将拥有最完善的细节竭力为您提供最贴心的服务！</p>\r\n\r\n<p><img alt=\"\" src=\"http://47.93.46.185:80/filee/viewPic.do?manageKey=7c73ee817977365baedf3e0fa8a2002d\" style=\"height:656px; width:690px\" /></p>\r\n\r\n<p>&nbsp;&nbsp;君缘，中国医用护理床领军品牌。</p>\r\n\r\n<p>&nbsp;</p>\r\n\r\n<p>&nbsp;</p>\r\n</body>\r\n</html>\r\n', '2017-05-03 16:15:45', 'db115844d29e814095543222bb62c9dc', '12', null, 'UnUse', '君缘，最优质功能医疗护理床', null, 'admin', '3', '2017-05-25 11:36:13');
INSERT INTO `cms_chapter` VALUES ('909', '<html>\r\n<head>\r\n	<title></title>\r\n</head>\r\n<body>\r\n<p>&nbsp; 中国母婴产业是一个朝阳产业，从2000年开始，17年时间，原先分散在各大领域的产品汇集到一起，形成了今天除了社会大百货外，自成一个小百货系统。正是目前母婴品牌的层出不穷导致越来越多人担心如何给孩子们选择更安全更放心的产品。这就是为什么中国消费者如此青睐进口母婴产品。</p>\r\n\r\n<p><img alt=\"\" src=\"http://47.93.46.185:80/filee/viewPic.do?manageKey=4363b2d923d3e6657702fb258d5d8c5d\" style=\"height:518px; width:690px\" /></p>\r\n\r\n<p>&nbsp;&nbsp;但安恩贝凭借全面的专业知识、产品种类繁多以及敬业的从业人员等优势已成长为中国母婴市场上最具专业度及影响力的品牌之一，拥有300余家加盟店，跻身行业支柱之列。并且安恩贝已经通过了中国质量万里行促进会的审核，并荣获会员单位称号。</p>\r\n\r\n<p><img alt=\"\" src=\"http://47.93.46.185:80/filee/viewPic.do?manageKey=ccb401946da3de6c560a4ec61b6afbc9\" style=\"height:148px; width:690px\" /></p>\r\n\r\n<p>&ldquo;Andbaby安恩贝&rdquo;是北京予馨海韵教育咨询有限公司推出的主打母婴护理服务品牌，北京予馨海韵教育咨询有限公司成立于2002年，公司前身致力于母婴服务、月嫂外派、育儿嫂外派、产前陪护、日常家政的服务型企业，是中国母婴护理行业的先驱。公司拥有独立的科研、生产及人才培训基地，汇集了各领域的顶尖人才，从而形成了完善的母婴护理市场体系。经过多年的长足发展，拥有多项自主专利及全部知识产权。</p>\r\n\r\n<p>&nbsp;&nbsp;<img alt=\"\" src=\"http://47.93.46.185:80/filee/viewPic.do?manageKey=2131b3096fe660b8b52e7f390b11d572\" style=\"height:397px; width:690px\" /></p>\r\n\r\n<p>&nbsp;&nbsp;根据公司的事业规划，加盟项目共分四大类型，分别是：安恩贝月子会所、安恩贝母婴护理中心、安恩贝婴儿游泳、安恩贝产后塑身加盟店。四大类别的项目，各有明确市场定位，充分把握市场需求，形成自身竞争优势及终端经营特色。</p>\r\n\r\n<p><img alt=\"\" src=\"http://47.93.46.185:80/filee/viewPic.do?manageKey=9b4f6b7325ba5c470a4d797fb8369aed\" style=\"height:664px; width:690px\" /></p>\r\n\r\n<p>&nbsp;&nbsp;安恩贝秉承&ldquo;和谐、共赢、爱心、创新&rdquo;的理念，用心呵护每个宝贝天使。</p>\r\n\r\n<p>&nbsp;</p>\r\n\r\n<p>&nbsp;</p>\r\n\r\n<p>&nbsp;</p>\r\n</body>\r\n</html>\r\n', '2017-05-03 16:57:06', '09d48f4d09b059a5e7a36531296ed0ad', '11', null, 'UnUse', '安恩贝，母婴的贴心管家', null, 'admin', '3', '2017-05-25 11:35:58');
INSERT INTO `cms_chapter` VALUES ('910', '<html>\r\n<head>\r\n	<title></title>\r\n</head>\r\n<body>\r\n<p><img alt=\"\" src=\"http://47.93.46.185:80/filee/viewPic.do?manageKey=b31ec0b4e74644042bb98cb1c122f0f1\" style=\"height:460px; width:690px\" /></p>\r\n\r\n<p>4月22日,在质检总局的指导下,中国质量万里行促进会联合北京民营经济发展促进会、中国钟表协会、北京恒时明宇贸易有限公司等多家单位在京举办&ldquo;中瑞工匠精神高峰论坛&rdquo;。中国质量万里行促进会会长刘兆彬在大会发言时指出,推动中国经济社会发展进入质量时代,需要依靠和发扬工匠精神。</p>\r\n\r\n<p><img alt=\"\" src=\"http://47.93.46.185:80/filee/viewPic.do?manageKey=3ed6dcc480a4562627ecb811061651c0\" style=\"height:460px; width:690px\" /></p>\r\n\r\n<p>刘兆彬表示,今年的政府工作报告再次提及工匠精神,指出&ldquo;质量之魂,存于匠心&rdquo;。而&ldquo;瑞士制造&rdquo;产品之精良、技艺之高超正是工匠精神的最佳诠释。习近平主席在新年首访瑞士时指出&ldquo;两国将推动建立中瑞高水平创新平台&rdquo;,加强&ldquo;中国制造2025&rdquo;与&ldquo;瑞士工业4.0&rdquo;的对接。此次中瑞工匠精神高峰论坛的召开,将有助于挖掘工匠精神的内涵和本质,推动中国经济社会发展。</p>\r\n\r\n<p>刘兆彬将工匠精神总结为专心致志的敬业精神、一丝不苟的严谨精神、精益求精的进取精神、持之以恒的坚韧精神、造福人类的奉献精神。他指出,工匠精神具有传承价值、能效价值、期望价值和文化价值,在当下经济转型、质量提升的时代,更需要全社会扎扎实实学习和发扬工匠精神。</p>\r\n\r\n<p>来自中国和瑞士的专家分别从各自理论和实践角度阐述了工匠精神。</p>\r\n\r\n<p>质量之魂,存于匠心。工匠精神在钟表行业中展现得最为淋漓尽致,一块方寸之间的机械手表汇集了几百个零件,机巧灵动、细丝如发。4月23日,在由中国质量万里行促进会等单位联合主办的中瑞工匠精神高峰论坛上,来自瑞士的独立制表师David Candaux讲述了一枚钟表的制作工艺,展现了工匠精神带给一个行业生生不息的发展动力。</p>\r\n\r\n<p>&ldquo;工匠精神包含传承与创新。&rdquo;David Candaux的父亲是瑞士顶尖制表人Daniel Candaux,他在很小的时候就被父亲放在膝盖上,耳濡目染父亲的制表工程,&ldquo;这种匠人精神代代相传,已经渗透到了我的血液里。&rdquo;</p>\r\n\r\n<p>人口仅有800万的瑞士,之所以能够列入全球百年老店最多的国度之一,其钟表业功不可没。David Candaux说,瑞士钟表之所以具有巧夺天工完美机制,正是工匠精神经年努力,代代传承,持续改进,不断追求完美的结果。</p>\r\n\r\n<p>在钟表行业,手工的加工精度要比机械化生产更高,所以制作一枚顶级腕表需耗费较长的工时与大量的精力,David Candaux经过17年的技艺积累以及整整一年时间的手工打造,才生产出了8枚腕表。其中,表盘的玻璃花了200多个小时,防震设计经过了试验机12000次测试&hellip;&hellip;</p>\r\n\r\n<p>&ldquo;我只是制表行业2000多年历史长河中的一粒小水滴。&rdquo;David Candaux的8块腕表,既有传统的传承,又在功能和外观上有所创新,它所独有的斜式机芯设计、技术数据刻制在机芯上、隐秘式把头等等细节设计处体现了工匠精神。David Candaux说,正是无数匠人对机芯、表冠、表盘、表壳、指针等零部件的精雕细琢,造就了高水准的&ldquo;瑞士钟表&rdquo;。</p>\r\n</body>\r\n</html>\r\n', '2017-05-25 11:13:09', '13f54246ccd1a685aa0d4e1e5d19f46e', '21', '70', 'InUse', '中瑞工匠精神高峰论坛在京举办', null, 'admin', '1', '2017-07-19 14:35:37');
INSERT INTO `cms_chapter` VALUES ('911', '<html>\r\n<head>\r\n	<title></title>\r\n</head>\r\n<body>\r\n<p>毛毡采用羊毛制成，利用加工粘合而成（非经纬交织）。是富有弹性，可作为防震、密封、衬垫和弹性钢丝针布底毡的材料，并且粘合性能好，不易松散，可冲切制成各种形状的零件。</p>\r\n\r\n<p><img alt=\"\" src=\"http://47.93.46.185:80/filee/viewPic.do?manageKey=64db5d7478125ffbc5b7beb3f7730b7c\" style=\"height:356px; width:690px\" /></p>\r\n\r\n<p>随着毛毡的广泛应用，如何选择高质量的毛毡就成为了老百姓们担心的问题。如果你正在为此而苦恼，热心的小天使来了。推荐一家以高质量毛毡，贴心服务而广受欢迎的公司----南宫市罗康毛毡有限公司。</p>\r\n\r\n<p>罗康（Rolking)&mdash;&mdash;30多年的专业传载，不断引进和吸收国际先进生产设备及经验，拥有生产羊毛毡，毛毡烘干球以及各种类羊毛毡制品的高效和谐团队！</p>\r\n\r\n<p><img alt=\"\" src=\"http://47.93.46.185:80/filee/viewPic.do?manageKey=49f2d5163d38c8dae439502451646a36\" style=\"height:417px; width:690px\" /></p>\r\n\r\n<p>公司产品通过了中国质量万里行促进会的审核，并且公司荣获会员单位称号。其秉承&ldquo;以心相交，方能长远&rdquo;的理念，保证充足的物料资源，从而大大缩短发货时间，不仅做高质高量的毛毡，而且还拥有以人为本的服务态度使罗康广受老百姓的好评。</p>\r\n\r\n<p><img alt=\"\" src=\"http://47.93.46.185:80/filee/viewPic.do?manageKey=f5199fb1812595ba2d8ed1a89b91ffa1\" style=\"height:363px; width:690px\" /></p>\r\n\r\n<p>即使获得赞美，罗康并没有骄傲，而是继续弘扬与发展深厚的文化传统，厚积薄发30年，坚持并进步着。</p>\r\n\r\n<p><img alt=\"\" src=\"http://47.93.46.185:80/filee/viewPic.do?manageKey=95f4c47cefbe58aafadd61e6c4b130fc\" style=\"height:412px; width:690px\" /></p>\r\n\r\n<p>目前罗康公司包括位于南宫的工厂与北京、浙江湖州、广东中山的三个运营中心，雄厚的实力允许罗康服务全国、全亚洲乃至全世界！</p>\r\n\r\n<p>&ldquo;保证质量与信誉，服务客户第一位！&rdquo;是他们不变的口号。</p>\r\n\r\n<p>&nbsp;</p>\r\n</body>\r\n</html>\r\n', '2017-05-25 11:28:41', '93b8d4793ca2dec8c923719bf2437bb5', '27', '65', 'InUse', '罗康毛毡，给您最贴心的服务', '480', 'admin', '3', '2017-07-19 16:04:57');
INSERT INTO `cms_chapter` VALUES ('912', '<html>\r\n<head>\r\n	<title></title>\r\n</head>\r\n<body>\r\n<p>5月18日上午，国家质检总局召开新闻发布会，通报2016年进口产品白皮书相关情况。总局新闻发言人、办公厅新闻办公室主任李静主持发布会，检验监管司司长孙文康进行了发布，以下为发布的主要内容：</p>\r\n\r\n<p>一、进口工业品不合格总体情况</p>\r\n\r\n<p>2016年，质检总局通过进出口工业产品质量安全风险预警平台，共采集进口质量安全风险信息9.83万起，同比下降1.5%。其中，与消费品相关的风险信息3.23万起，同比增长3.4%；与资源和原料类产品相关的信息1.78万起，同比减少21.7%。</p>\r\n\r\n<p>从产品分布看，主要涉及机电类产品3.6万起、轻工与纺织类产品2.72万起、资源与化工类产品3.51万起，同比分别增长7.1%、-3.2%和-7.8%。</p>\r\n\r\n<p>从产地分布看，涉及126个国家和地区。以信息采集数量计（中国大陆除外），位居前十的国家和地区依次为：日本、德国、美国、蒙古、韩国、中国台湾、意大利、澳大利亚、英国和朝鲜，合计6.79万起，占比69.1%。其中，来自欧盟国家和地区的不合格信息2.6万起，占比26.4%，同比增长14.6%；来自&ldquo;一带一路&rdquo;沿线国家的不合格信息2.05万起，占比20.9%，同比减少19.3%。</p>\r\n\r\n<p>从不合格原因看，位居前五位的是：货证不符、安全标识不合格、品质不合格、电气安全不合格和有毒有害物质超标。对于不合格货物全部依法予以处置。</p>\r\n\r\n<p>二、进口法检商品贸易欺诈风险分析</p>\r\n\r\n<p>2016年，质检总局继续开展&ldquo;口岸天平行动&rdquo;，通过事前预警、事中监管、事后跟踪，对国际贸易短重欺诈行为形成威慑，并进行有力打击。全年共实施法检商品重量鉴定19.33万批、19.94亿吨。共发现短重3.97万批、389.9万吨、4.98亿美元，同比分别增长33%、17.1%、4.8%，其中短重率超过5&permil;的进口商品1.3万批次、220.3万吨、2.63亿美元，同比分别降低19.3%、9%、26.1%。</p>\r\n\r\n<p>全年各地检验检疫机构共上报对外索赔、行政处罚和警示通报重大案例326宗，涉及原油、铁矿石、煤炭、大豆等26大类产品、459批次。</p>\r\n\r\n<p>从短重重量来看，铁矿、原油、煤炭、天然气/液化气、大豆等五类商品的短重重量分别占短重总重量的82.5%、6.1%、4.3%、2.3%、1.8%。其余依次为原料性废物、动植物油、成品油、粮谷、液体化工品等。短重风险较高的国家有巴西、朝鲜、越南、伊拉克、澳大利亚等。</p>\r\n\r\n<p>进口短重的原因是多方面的，既有产品自身特点造成的；也有国外供应商不讲信誉，故意缺斤短两造成的；还有因合同规定不合理、计量方法不一致造成的等等。</p>\r\n\r\n<p>三、进口煤炭</p>\r\n\r\n<p>2016年，全系统共检验进口煤炭2.23万批、1.96亿吨、96.62亿美元。进口煤炭主要来自澳大利亚、印度尼西亚、朝鲜、蒙古、俄罗斯、菲律宾和加拿大等19个国家和地区。全年共检出不合格5113批、5783.97万吨、30.56亿美元。不合格进口煤炭主要来自朝鲜、俄罗斯、澳大利亚、印度尼西亚、加拿大等国家。其中环保项目不合格301批，97.33万吨，对环保项目不合格的煤炭，我们一律禁止其进口，坚决将劣质煤炭挡在国门之外。</p>\r\n\r\n<p>今年第一季度，全系统共检验进口煤炭2630批、4478.03万吨、39.34亿美元。其中环保项目不合格煤炭21批、17.54万吨、972.53万美元。质检部门将一如既往地以技术手段服务国家供给侧改革，促进煤炭贸易健康发展，全力保障国门环境安全。</p>\r\n\r\n<p>四、进口汽车</p>\r\n\r\n<p>2016年，全系统共检验进口汽车7.9万批、102.4万辆、421.8亿美元。同比数量减少7.55%、货值减少9.99%。全年共检出不合格进口汽车4659批、2.35万辆、23.93亿美元，同比分别增长84.30%、153.99%和521.19%。</p>\r\n\r\n<p>其中进口改装车不合格情况较为突出。不合格情况主要包括：进口车辆无后雾灯、车速表为英制、指示器图标与中国标准不符，燃料消耗量标识参数与实际不符等。</p>\r\n\r\n<p>2016年缺陷进口汽车召回有序推进，缺陷召回次数和规模创历史新高。全年质检总局共发布缺陷进口汽车召回信息118批，涉及175.2万辆。其中，进口改装车召回12批，涉及4923辆。对于重大质量安全缺陷，质检总局向社会公开发布警示通告，包括宝马、劳斯莱斯汽车安全气囊无法启动，起亚越野车行驶中熄火等。</p>\r\n\r\n<p>五、进口服装</p>\r\n\r\n<p>2016年，全系统共检验进口服装7.88万批、14.4亿美元，同比分别增长5.27%、11.71%，其中婴童服装3306吨，其他服装2.3亿件。实验室检测进口服装3.35万批，批次抽检率为42.51%。不合格情况包括中文标识标签不合格和质量安全项目不合格，其中纤维成分含量、色牢度、pH值等质量安全项目不合格共计1936批、107.23万件、1007万美元。质量安全项目批次不合格率为5.78%，同比下降0.09%。</p>\r\n\r\n<p>在质量安全项目不合格中，纤维成分项目不合格共计1004批，占不合格总批次的51.86%。其次为色牢度和pH值，分别占比为23.56%和16.77%，甲醛项目不合格占比6.06%，可分解芳香胺染料项目不合格占比1.04%，异味不合格项目占比最小，为0.1%。检验检疫机构对发现的质量安全项目不合格产品，均作退运或销毁处置。</p>\r\n\r\n<p>此外，2016年共监督抽查法定检验目录外功能性服装782批，主要包括吸湿速干、防紫外线、防水和抗菌等四类功能性服装。检出不合格294批，不合格率为37.6%。法定检验目录外功能性服装监督抽查的不合格率远高于进口法定检验服装5.78%的不合格率数值，不合格情况主要是检测结果与标称功能不符。</p>\r\n\r\n<p>六、进口儿童用汽车安全座椅</p>\r\n\r\n<p>2016年，全系统共检验进口儿童用汽车安全座椅811批、23.6万个、2712.7万美元，产品主要来自德国、法国、美国、英国、意大利、韩国等19个国家和地区。与2015年相比，批次、数量和金额均出现明显下降。</p>\r\n\r\n<p>经现场查验共发现不合格115批，批次不合格率14.18%，不合格原因包括商品制造或装配不良、货物包装无中文标识、无警示标签，安装说明和使用说明不符合标准规定，无3C认证或证书内容与产品实际型号不符等。</p>\r\n\r\n<p>共抽样送实验室检测83批，检出不合格27批，其中质量安全项目不合格7批，共计2698台。不合格项目包括燃烧性能、抗腐蚀性能、动态试验不合格等。对于涉及安全卫生环保项目不合格的产品，检验检疫机构均按规定予以退运或销毁。</p>\r\n\r\n<p>下一步，我们将继续做好把关和服务工作，提高供给质量，严守安全底线，既要维护好国门安全，更要保障好国内消费者的切身利益，让消费者能够放心消费、安全消费。</p>\r\n</body>\r\n</html>\r\n', '2017-05-25 11:29:09', '1bf601e6d3e3f6e25d5ba84617c96d66', '22', '54', 'InUse', '质检总局召开新闻发布会发布2016年进口工业品不合格总体情况、进口法检商品贸易欺诈风险分析以及部分进口产品质量状况', null, 'admin', '1', '2017-07-19 14:35:51');
INSERT INTO `cms_chapter` VALUES ('913', '<html>\r\n<head>\r\n	<title></title>\r\n</head>\r\n<body>\r\n<p>4月21日，国家质检总局以&ldquo;维护国门生物安全 服务生态文明建设&rdquo;为主题召开专题新闻发布会，动植物检疫监管司副司长赵增连介绍了国家质检总局在维护国门生物安全，落实全民国家安全教育方面开展的工作情况，以下为具体发布内容：</p>\r\n\r\n<p>一、质检系统维护国门生物安全工作情况</p>\r\n\r\n<p>国家安全涵盖领域十分广泛，威胁和挑战日益复杂多元，既有硝烟弥漫的传统战场，也有容易忽视的非传统战线，国门生物安全就是其中之一。随着对外经济贸易的不断发展，新兴业态不断涌现，国门生物安全形势日益严峻。质检部门作为维护国门生物安全的第一道防线，我们始终坚持以习近平总书记确定的总体国家安全观为统领，坚守岗位、恪尽职守，采取科学、高效的管理措施，严格依法把关，切实维护国门生物安全。以2016年为例，全国进境口岸共计截获外来有害生物6305种、122万次，种类数同比增加1.8%，截获次数同比增加15.97%。其中，检疫性有害生物360种、11.8万次，首次截获检疫性有害生物29种，如：绵毛豚草、侏儒材小蠹、七角星蜡蚧等。 旅邮检截获禁止进境物58.3万批次，同比增长16.87%，从中检出有害生物8万余批次，同比增长27.87%。组织开展&ldquo;绿蕾II&rdquo;专项行动，持续对非法携带邮寄高风险种子种苗保持着高压态势，截获非法携带、邮寄进境的植物种子种苗2.05万批次、7.68万公斤，从中检出有害生物2.12万种次，同比增长49.6%。</p>\r\n\r\n<p>我们主要采取了以下措施：</p>\r\n\r\n<p>一是推动关口前移。深度参与全球动植物有害生物跨境传播防控进程，严防外来有害生物入侵。加强检疫准入体系评估，突出体系考核，严格企业注册，强化境外官方监管及生产企业安全责任。高度关注国内外动植物疫情疫病动态，强化风险分级、分类管理。开展和完善跨境动物疫病区域化管理。</p>\r\n\r\n<p>二是健全工作机制。进一步完善检疫审批、指定口岸、隔离检疫、检疫处理等传统查验制度，探索&ldquo;双随机&rdquo;查验与常规查验、加严查验、强制查验和扣留查验等相结合的查验模式，推进安全风险监控与口岸查验工作有机结合。加强事中事后监管，探索进境粮食储存、加工企业和进境非食用动物产品指定企业的分类管理，加强进境粮食定点加工监管和储备粮后续监管。加强船舶、集装箱等运输工具的动植物检疫。</p>\r\n\r\n<p>三是创新技术手段。加大采样方法、检疫方法以及快速检测试剂盒、试纸和除害处理装备的研究和应用力度。制定检疫处理单位和人员资质管理要求，建立检疫处理效果评价体系。积极争取地方政府支持检疫处理基础设施建设。全面推广&ldquo;检疫官-CT机-检疫犬&rdquo;综合查验模式。动态发布动物疫区国家/地区名单，规范运输工具防疫消毒。完善木质包装防伪追溯体系，与欧盟等国家/地区加强木质包装检疫合作。</p>\r\n\r\n<p>四是优化工作流程。加强口岸与内地局的互联互通，简化口岸查验流程，完善全国检验检疫通关一体化负面清单，以通报、通检、通放为基础，对负面清单外的农产品实施出口直放、进口直通，对示范区的农产品、低风险产品等研究探索更加便利的通关措施。探索再造工作流程，通过属地管理、前置服务、后续核查等方式减少口岸现场查验工作量，提高通关效率。</p>\r\n\r\n<p>五是强化协同把关。深化与有关部委的合作，强化野生动植物进出口管理，构建共同参与、多方联动的国门生物安全联防联控机制，严防外来有害生物入侵，防止物种资源流失。利用关检合作机制，共同做好跨境电商物品自用与贸易判定及应对工作。深入开展以打击非法携带和邮寄种子种苗为重点的&ldquo;绿蕾&rdquo;专项行动。加强与邮政部门的沟通协作，解决监管中存在的问题。加强与农林部门的合作，规范进境植物种苗检疫监管，按不同种苗类型实施差异化管理，明确职责分工，理顺工作程序。与高等院校和科研院所建立战略合作关系，增强国门生物安全保障技术能力。加强与国外官方的协作，严厉打击证书造假等违法行为。</p>\r\n\r\n<p>当前国门生物安全形势严峻，国门安全把关使命光荣，任务艰巨。我们将继续加强以完善查验机制，提高口岸规范化建设为核心的国门生物安全体系建设，更好地保护国门生物安全。</p>\r\n\r\n<p>一是加强国门生物安全体系建设。做好国门生物安全理论、体系、制度与技术研究，联合多部门共同推进国门生物安全查验机制建设，积极参与生物多样性保护，联合环保、林业、农业等部门制定并实施进出境物种资源查验和处置措施，有效防范生物物种资源丧失和外来物种入侵。全面开展口岸动植检规范化建设，启动全国动植物保护能力提升工程，加强口岸查验和检疫处理的基础设施建设，增强一线执法人员的力量配备和能力水平。</p>\r\n\r\n<p>二是进一步做好旅邮检重点领域执法把关。近年来，随着进出境携带物和寄递物的数量大幅增长，旅邮检执法把关压力不断加大。质检总局高度重视旅邮检工作，今年，将继续开展&ldquo;绿蕾&rdquo;专项行动，形成打击非法携带、邮寄植物种子种苗入境的高压态势。健全完善&ldquo;人-机-犬&rdquo;综合查验模式，推动基础设施标准化，通关查验规范化，执法服务标准化，加强旅邮检执法与刑事司法联动，加大对违法人员查处力度。</p>\r\n\r\n<p>三是加强重点农产品检验检疫监管。加强进口种苗、水果、木材、饲料和供港澳活动物等检验检疫安全把关，确保检得出、检得准、检得快，针对发现的问题，加强检疫处理监管力度，严防疫情传入。加强进出境食用农产品和饲料安全风险监控，加强粮食、饲料、种子、水果等敏感产品风险监控，强化风险预警、对外通报、不定期公开等工作。</p>\r\n\r\n<p>四是持续开展重大动植物疫情疫病监测。调整修订外来有害生物监测指南，继续开展外来有害生物及重大动植物疫情疫病监测，重点加强边境地区马铃薯甲虫、非洲猪瘟等专项监测，在水果进境口岸、出口水果基地开展检疫性实蝇疫情监测，在进境粮食、矿砂、煤炭口岸及加工厂开展外来杂草监测、铲除，在进境屠宰牛隔离场周边开展库蠓监测。针对监测发现的重大动植物疫情疫病及外来入侵生物，要及时启动风险预警及应急处置措施，加强与地方政府及相关部门合作，实施联防联控，妥善处置风险。</p>\r\n\r\n<p>五是持续加强国门生物安全宣传教育。利用&ldquo;4?15&rdquo;全民国家安全教育日、&ldquo;12.4&rdquo;宪法日、《进出境动植物检疫法》实施25周年及《进出境动植物检疫法实施条例》实施20周年契机，继续开展形式多样的国门生物安全系列宣传教育活动，推动国门生物安全教育常态化、制度化。建设一批宣传教育示范学校、示范基地，让国门生物安全理念深入人心，营造全民遵法、守法、护法的良好氛围。</p>\r\n\r\n<p>二、全民国家安全教育日国门生物安全宣传活动情况</p>\r\n\r\n<p>大家知道，2015年7月1日施行的新国家安全法将每年4月15日定为全民国家安全教育日。今年4月15日是第二个全民国家安全教育日，为深入贯彻落实《中共中央 国务院关于加快推进生态文明建设的意见》和习近平总书记关于国家安全以及全民国家安全教育日系列重要讲话精神，积极践行总体国家安全观，进一步展示国门生物安全为保护国家安全发挥的重要作用，普及国门生物安全相关知识，质检系统在全国各地开展了形式多样、丰富多彩的宣传教育活动，这些活动呈现出以下明显特点：</p>\r\n\r\n<p>一是领导高度重视。质检总局局长、党组书记支树平同志于4月17日发表了题为《贯彻总体国家安全观 筑牢国门生物安全防护网》的署名文章，为保护国门生物安全凝聚共识、汇聚力量。支树平局长指出，国门生物安全属于非传统安全，是国家安全体系的重要组成部分，必须坚持以总体国家安全观为统领，筑牢国门生物安全防护网，为改革发展提供坚实的安全保障。支树平局长强调，新形势下，国门生物安全的内涵和外延已经突破传统意义上的疫病疫情防控，需要以总体国家安全观为指引，重新审视其历史使命和职责定位，着力防范本领域的生态安全风险、资源安全风险、经济安全风险和社会安全风险。支树平局长要求，质检系统应切实加强自身建设，不断提升国门生物安全保障水平，坚决打赢这场没有硝烟的战争。各直属检验检疫局主要负责同志，或发表署名文章，或出席教育基地启动仪式，或亲临一线现身说法，充分调动力量，不断掀起国门生物安全宣传教育的高潮。</p>\r\n\r\n<p>二是社会广泛参与。4月15日以来，各地检验检疫机构按照质检总局的统一部署共开展国门生物安全主题宣传活动695场次，直接参与人数超过20万人次，通过报纸、广播、电视、短信、微信、微博等媒体和社交网络辐射受众6500余万人次，建成了一批国门生物安全教育示范学校和示范基地。活动期间，质检总局向社会公众正式发布了《保护国门生物安全倡议书》，倡议大家认真了解、自觉遵守《中华人民共和国进出境动植物检疫法》及《中华人民共和国禁止携带、邮寄进境的动植物及其产品名录》等相关规定，像保护眼睛一样保护身边的生态环境。上述活动的开展，营造了良好的宣传氛围，极大地增强公众保护国门生物安全的思想认识和行为自觉，有力夯实了国家安全的社会基础。</p>\r\n\r\n<p>三是突出宣传重点。教育成就梦想，人才成就未来。今年全民国家安全教育日期间，质检总局及各地检验检疫机构积极推动国门生物安全教育常态化走进课堂，培育广大学生树立正确的国门生物安全观念。其中，质检总局动植司在与北京市海淀区民族小学签署《关于开展国门生物安全教育试点工作的合作方案》的基础上，正式在该校开设了每周一堂的国门生物安全选修课程，积极引导学生了解、认识并支持国门生物安全，从而达到&ldquo;教育一个学生，带动一个家庭，影响整个社会&rdquo;的效果。目前，该项课程已进行4周，课上师生互动频繁，掌声连连，效果初显。</p>\r\n\r\n<p>四是坚持问题导向。今年的国门生物安全教育活动更加注重解决实际问题、务求取得实效。针对近年来进境旅客非法携带动植物及其产品进境高发态势，质检总局动植司与中青旅在全民国家安全教育日期间签署了合作备忘录，双方将在未来共同引导游客了解并遵守国门生物安全法律法规，质检系统将对中青旅相关旅游从业人员全面开展相关法律法规的宣贯、培训工作，并通过中青旅向旅客发放各类宣传材料，倡导旅客自觉遵守，并积极配合检验检疫工作人员的现场执法查验和后续处置工作，进一步树立文明出入境旅游新常态。下一步，我们将在认真总结经验的基础上，逐步推广这一合作模式，提升对旅游业从业单位的覆盖度。</p>\r\n\r\n<p>三、纪念《中华人民共和国进出境动植物检疫法》实施25年相关情况</p>\r\n\r\n<p>《中华人民共和国进出境动植物检疫法》作为维护国门生物安全的重要法律依据， 于2017年4月1日迎来了实施25周年的纪念日。近期，质检系统也开展了一系列主题活动，回顾这部法律的施行历程，总结经验，研究问题，在总体国家安全观的指引下，力争进一步把这部法贯彻好、实施好。特别是4月1日当天，质检总局牵头举办了纪念《中华人民共和国进出境动植物检疫法》实施25周年座谈会，来自全国人大法工委、国务院法制办、环保部、海关总署、国家林业局等部门和科研单位、高等院校的有关代表，国家认监委、标准委和质检总局相关司局负责同志，以及有关动植物检疫专家参加了座谈会。质检总局李元平副局长出席活动并讲话。李元平强调，党和国家越来越重视进出境动植检工作，无论是加快推进生态文明建设，还是深入推进农业供给侧结构性改革，进出境动植检工作都应担当负责、积极作为、发挥作用，在新形势下准确把握自身新的历史定位和价值取向。</p>\r\n\r\n<p>经过与会代表的深入座谈，大家一致认为，《中华人民共和国进出境动植物检疫法》实施25年来主要发挥了4个方面的重要作用：</p>\r\n\r\n<p>一是有力维护了国门生物安全。通过构建完善动植物疫情疫病和外来有害生物防控体系，先后有力防范了疯牛病、施马伦贝格病、非洲猪瘟、地中海实蝇、小麦矮腥黑穗病等重大疫情疫病传入，有力保障了我国农林业生产安全。</p>\r\n\r\n<p>二是力促农产品优进优出。通过建立完善出口农产品质量安全保障体系，大力推进出口农产品质量安全示范区建设，极大提升了我国农产品的国际竞争力，推动中国苹果、鸭梨、哈密瓜、荔枝、龙眼、柑橘、小龙虾、稻草等产品先后打进国际高端市场。特别是在去年出口普遍走低的大环境下，实现了农产品出口逆势增长3.7%。</p>\r\n\r\n<p>三是深度服务了国家外交外贸大局。我国先后与世界上78个国家和地区建立了进出境动植物检疫合作机制，签署了一系列进出口农产品检验检疫协议和议定书，在服务农产品优进优出的同时，妥善解决了菲律宾、波兰、美国、加拿大、俄罗斯、南非、欧盟等贸易伙伴国家和地区关注的农产品准入问题。</p>\r\n\r\n<p>四是推动国门生物安全理念深入人心。打造了以&ldquo;国门生物安全进校园、进机关、进社区、进手机、进机舱、进车厢&rdquo;为主要形式，全方位、多渠道、宽领域的宣传教育体系，每年开展各类宣传活动超过800场次，直接参与人数超过50万人次。经过不懈努力，国门生物安全理念更加深入人心，其重要意义得到社会各界的广泛认知，国门生物安全也因此被纳入国家安全总体框架，并被写入若干十三五国家重要专项规划，赢得了更加广阔的发展空间。</p>\r\n\r\n<p>下一步，质检系统将继续坚持不懈地抓好《中华人民共和国进出境动植物检疫法》实施工作，更加有力地推动动植检工作改革，更加有效地保障国门生物安全，更加高质量地服务农业供给侧结构性改革和农业现代化建设，把全面贯彻实施《中华人民共和国进出境动植物检疫法》提高到一个新水平。</p>\r\n</body>\r\n</html>\r\n', '2017-05-25 11:30:44', '364138c138110b0f708a45b090a69f07', '3', '54', 'InUse', '质检总局召开专题新闻发布会发布维护国门生物安全落实全民国家安全教育工作开展情况', null, 'admin', '1', '2017-05-25 11:44:20');
INSERT INTO `cms_chapter` VALUES ('914', '<html>\r\n<head>\r\n	<title></title>\r\n</head>\r\n<body>\r\n<p>5月23日，中国消费品质量安全促进会第一届第三次理事会在京召开。质检总局局长支树平在会前看望了促进会顾问及理事会成员。质检总局副局长孙大伟出席会议并讲话。促进会首任理事长李长江，促进会顾问高强、陈云林、周和平、付双建、田力普等出席会议，质检总局原副局长张沁荣当选新任理事长。</p>\r\n\r\n<p>孙大伟肯定了促进会在发挥社会监督、参谋助手、咨询服务、桥梁纽带和宣传教育作用方面取得的成绩。他要求，促进会要围绕中心，服务大局，抓住主业重点，明确主责任务，发挥主体作用，围绕消费品质量提升这个中心，做好政府部门的参谋助手，推动中国消费品质量安全水平全面提升；要加强研究，当好参谋，加强调研，加强协作，当好政府部门、企业、消费者以及有关各界有效沟通的桥梁纽带，发挥咨询服务、宣传教育等功能作用；要面向市场，创新开拓，围绕经济社会发展大局，找准定位，着力增强工作的针对性和有效性；要练好内功，优化服务，加强党风廉政建设和队伍建设、制度建设、作风建设，大幅度地提高服务能力。</p>\r\n\r\n<p>张沁荣指出，当前，我国消费需求整体趋旺与相当部分消费品供应不足的矛盾依然存在，这与我国全球消费品生产、消费与贸易大国的地位很不相称。促进会应紧紧围绕消费品质量提升等中心工作，充分发挥桥梁和纽带作用，着力在深化消费品质量安全监管模式的转变，持续提高消费者质量安全意识与素质，促进生产企业强化主体责任及行业自律，推进建立消费品质量信息公共服务平台，逐步形成和完善国际专业服务协作机制，以及进一步加强促进会制度建设、党建工作和业务建设等新的工作领域，积极谋划、主动作为、全力推进。</p>\r\n\r\n<p>会上，由促进会创建的&ldquo;出口农产品食品质量安全品牌联盟&rdquo;宣布成立，与会领导为首批10家联盟成员单位授牌。大会审议通过了曾召朋秘书长的工作报告和下一步工作计划，选举产生新任理事长，增补及改选副理事长、常务理事、理事及会员。来自消费品产销企业、科研院所、技术机构和政府有关部门近200位代表参加了会议。</p>\r\n</body>\r\n</html>\r\n', '2017-05-25 11:31:52', '8ced52b844fa9cb631ce6a2c11a8e711', '4', '61', 'InUse', '中国消费品质量安全促进会一届三次理事会在京召开 支树平看望顾问及理事会成员 孙大伟讲话 张沁荣当选新任理事长', null, 'admin', '1', '2017-05-25 11:44:31');
INSERT INTO `cms_chapter` VALUES ('915', '<html>\r\n<head>\r\n	<title></title>\r\n</head>\r\n<body>\r\n<p>5月22日，国家标准委召开新闻发布会，发布了今年二季度以来质检总局、国家标准委批准发布的《农历的编算和颁行》等334项国家标准，这些标准主要涉及百姓生活、公共安全、生态文明、信息技术等各个方面。</p>\r\n\r\n<p>在百姓生活方面，《农历的编算和颁行》首次将具有中华文化特点的农历编算和颁行纳入标准范畴，填补了农历历法规范的空白，将为相关的法律法规提供规范支撑。修订后的《室内装饰装修材料 人造板及其制品中甲醛释放限量》将甲醛释放限值提高到0.124毫克每立方米，试验方法与国际标准完全接轨。新版《轻型汽车能源消耗量标识》将标识范围从传统燃油汽车扩展到新能源汽车，并针对消费者普遍反映综合工况燃料消耗量与实际消耗差别较大的问题，突出了市区工况燃料消耗量值标识，强化了消费引导。《机织婴幼儿床上用品》规定优等品的耐汗渍色牢度、耐水色牢度指标比强制性国家标准提高了0.5级，要求耐久性标签应缝制于不与皮肤直接接触的位置，以防擦伤婴幼儿皮肤。</p>\r\n\r\n<p>在公共安全方面，地震应急和避险包括《地震震级的规定》《地震应急避难场所 运行管理指南》两项基础标准以及《中小学校地震避险指南》《医院地震紧急处置》两项具体场所应急标准。《中小学校地震避险指南》对中小学校制定地震避险预案、开展地震避险知识教育和地震避险演练，以及震时避险和震后疏散方法都进行了详尽规定，可以有效促进中小学校防震减灾工作的开展。《地铁安全疏散规范》规定了地铁车站及区间安全疏散的总体要求、土建设施及设备系统的疏散技术要求，及安全疏散的运用管理，将整体提升我国地铁安全管理水平。</p>\r\n\r\n<p>在生态文明方面，《绿色产品评价通则》为下一步整合目前分头设立的环保、节能、节水、循环、低碳、再生、有机等单项体系奠定了良好基础。《电饭锅能效限定值及能效等级》各功率段能效限定值分别提高了1&mdash;&mdash;3个百分点，年节电量约0.3亿度。</p>\r\n\r\n<p>在信息技术方面，发布了7项手机支付领域国家标准，基于2.45GHz限域通信手机支付技术，属于我国自主创新成果。系列标准规定了非接触射频接口、智能卡、非接触式读写器终端等技术要求，主要用于指导手机支付相关设备和产品的研发、生产、测试，并确保设备的互通性和通用性。《物联网术语》《物联网标准化工作指南》规定了物联网基础通用的术语定义、物联网标准化工作原则、工作程序。</p>\r\n\r\n<p>在公共服务方面，《高校毕业生就业指导服务规范》有助于提升该领域专业化、规范化、精准化服务水平。《厄尔尼诺/拉尼娜事件判别方法》，为更加准确客观地开展厄尔尼诺/拉尼娜事件的监测预测，以及与之相关的灾害影响分析和风险管理等工作提供了必要的技术依据和科技支撑。</p>\r\n</body>\r\n</html>\r\n', '2017-05-25 11:32:43', '65ab7feb69f92093d8ba8f925c4a18dc', '5', '64', 'InUse', '质检总局、国家标准委发布334项国家标准 百姓生活公共安全生态文明信息技术全覆盖', '653', 'admin', '1', '2017-10-24 15:03:46');
INSERT INTO `cms_chapter` VALUES ('916', '<html>\r\n<head>\r\n	<title></title>\r\n</head>\r\n<body>\r\n<p>5月20日，在第18个世界计量日到来之际，质检总局与33家国务院有关部门和单位，就贯彻落实《计量发展规划（2013-2020年）》相关情况共同召开座谈会。质检总局党组成员、副局长吴清海出席并讲话。</p>\r\n\r\n<p>质检总局计量司负责人首先通报了2016年贯彻实施《计量发展规划（2013-2020年）》的情况。据他介绍，国务院有关部门按照行动计划中的各项分工，较好地完成了目标任务，在支撑创新驱动战略、服务质量提升需求、深化体制改革等方面都取得显著成绩。</p>\r\n\r\n<p>来自有关部门和单位的代表纷纷介绍了所在单位2016年落实《计量发展规划（2013-2020年）》的具体情况，并对《贯彻落实〈计量发展规划（2013-2020年）〉2017年行动计划（征求意见稿）》提出意见和建议。</p>\r\n\r\n<p>吴清海在总结中指出，国际上每年都确立一个世界计量日主题，它与各个行业紧密联系。因此，有关部门和单位应进一步深化对计量地位和作用的认识。目前，计量领域的改革正在不断深化，《计量发展规划（2013-2020年）》的落实需要各部门和单位齐心协力，做好沟通配合。他希望大家积极参与到国家基标准建设和NQI项目中来，推动计量进一步融入产业发展。同时，吴清海强调，近期要形成2017年度行动计划，并发挥好部门的作用，尽快贯彻落实好《计量发展规划（2013-2020年）》。</p>\r\n</body>\r\n</html>\r\n', '2017-05-25 11:33:25', 'd4e4a2b178ca29592b7078ad12819cf5', '6', '55', 'InUse', '贯彻落实《计量发展规划（2013-2020年）》座谈会在京召开', null, 'admin', '1', '2017-05-25 11:44:50');
INSERT INTO `cms_chapter` VALUES ('917', '<html>\r\n<head>\r\n	<title></title>\r\n</head>\r\n<body>\r\n<p>5月17日，重庆市召开出口摩托车质量提升推进会，质检总局副局长孙大伟、重庆市副市长刘桂平出席并讲话。会议发布《中国出口摩托车质量品牌调查报告（2016年）》和《中国出口摩托车技术贸易措施研究报告（2016）》，授予三家摩托车企业2016年度&ldquo;中国出口质量安全示范企业&rdquo;，并为&ldquo;中国出口摩托车质量技术促进委员会&rdquo;授牌。&ldquo;中国出口摩托车质量技术服务平台&rdquo;同时上线运行。</p>\r\n\r\n<p>孙大伟对进一步做好质量提升工作提出四点希望。一是希望企业勇作质量提升的践行者。落实主体责任，切实强化质量管理，围绕重点领域和关键问题，开展质量攻关。二是希望地方政府争当质量提升的引领者。有效统筹质量提升各个要素，综合运用经济、法律、行政等手段维护质量安全，切实加强计量、标准等质量基础建设。三是希望监管部门甘当质量提升的护航者。要严格依法行政，推进质量诚信体系建设，依法严厉打击质量违法行为。四是希望社会公众成为质量提升的推动者。要褒扬质量先进，宣传质量品牌，让追求质量、崇尚卓越成为全社会、全民族的价值导向和时代精神。要加大对质量违法行为的惩处力度，让质量失信者寸步难行，形成政府重视质量、企业追求质量、社会崇尚质量、人人关心质量的良好氛围。</p>\r\n\r\n<p>刘桂平对出口摩托车质量提升工作提出要求。要深刻领会提升出口摩托车质量的重要意义，突出重点，实施技术创新、提升产品质量、推进品牌建设，切实提高出口摩托车质量。各相关部门要主动作为、齐心协力，找准工作重点，合理做好质量提升推进工作。</p>\r\n\r\n<p>期间，孙大伟一行考察了铁路口岸（&ldquo;渝新欧&rdquo;起点），并到重庆检验检疫局铁路办事处和重庆局技术业务用房项目建设现场调研。</p>\r\n</body>\r\n</html>\r\n', '2017-05-25 11:34:11', 'c779902b2ff3924d751d8ea98a88a5ad', '20', '44', 'InUse', '重庆市召开出口摩托车质量提升推进会 聚焦质量提升 推进品牌建设', null, 'admin', '1', '2017-05-25 14:14:09');
INSERT INTO `cms_chapter` VALUES ('918', '<html>\r\n<head>\r\n	<title></title>\r\n</head>\r\n<body>\r\n<p>5月16日至17日，质检总局副局长吴清海在安徽调研质检工作，要求质检两局努力提升质量工作水平，更好地服务地方经济发展。</p>\r\n\r\n<p>吴清海参观了中科院合肥等离子研究所质子治疗和托克马克大科学装置项目，听取该所负责人对项目研究和发展情况的介绍，对中科院合肥等离子研究所在科研方面取得的成就表示肯定。吴清海指出，科研单位要以科研项目为基础，注重构建先进的质量管理模式，总结质量管理特点，建立高于国家标准、地方标准的组织标准，以便在高科技研究领域等方面进行推广。</p>\r\n\r\n<p>吴清海还深入霍山县国家级出口食品农产品质量安全示范区调研，在听取示范区发展情况汇报后，吴清海对霍山出口食品质量安全示范区以基地为依托、标准为核心、品牌为引领、市场为导向的发展模式给予充分肯定。吴清海强调，要充分利用自身青山绿水的资源优势，继续加强示范区质量安全监管，深入分析出口市场需求，保障出口食品农产品质量安全，切实以过硬的产品质量打造更多的出口品牌，从而进一步推动相关产业发展，促进革命老区群众脱贫增收。</p>\r\n\r\n<p>&nbsp;&nbsp;&nbsp; 在皖期间，吴清海与安徽省副省长谢广祥共同出席了全国计量科普知识现场总竞答活动，并为国家新能源汽车储供能产品产业计量测试中心（筹建）揭牌。</p>\r\n</body>\r\n</html>\r\n', '2017-05-25 11:34:55', '0e6c3fbac9f654278c77ba5f4ff19b29', '8', '45', 'InUse', '吴清海在安徽调研质检工作时强调 提升质量管理水平 服务地方经济发展', null, 'admin', '1', '2017-05-25 11:45:23');
INSERT INTO `cms_chapter` VALUES ('919', '<html>\r\n<head>\r\n	<title></title>\r\n</head>\r\n<body>\r\n<p>5月17日，质检总局党组成员、国家标准委主任田世宏一行赴中国质量认证中心调研企业标准&ldquo;领跑者&rdquo;工作并出席企业标准&ldquo;领跑者&rdquo;工作座谈会。</p>\r\n\r\n<p>田世宏指出，企业标准&ldquo;领跑者&rdquo;制度是助力实现&ldquo;三个转变&rdquo;，支撑产业转型升级和新旧动能转换，推动中国经济迈向中高端水平的一项创新性工作，也是促进政策、规则、标准三位一体联通，为&ldquo;一带一路&rdquo;互联互通提供机制保障的重要举措。</p>\r\n\r\n<p>&nbsp;&nbsp;&nbsp; 田世宏强调，国家标准委将选取有一定工作基础的代表性领域逐步开展试点工作；要进一步拓宽评价机构的主体，注重发挥平台型企业作用，研究建立电商企业标准和生产企业标准的有效衔接方案；要针对消费品、装备制造业和服务业采取不同方法分类确定核心指标；要统一工作机构，确保榜单的权威性、公正性，研究使用标识的科学性、规范性和可行性；要加强与相关主管部门协调配合，推动各项表彰、激励措施采信领跑者结果，让领跑者企业有获得感，得到实惠；鼓励企业不断提升企业标准水平，发挥先进标准的引领作用，增加中高端产品和服务的有效供给，增强企业综合竞争力，为实现&ldquo;中国创造、中国质量、中国品牌&rdquo;作出新的贡献。</p>\r\n</body>\r\n</html>\r\n', '2017-05-25 11:35:42', '6dcd49984dd42016a9780decd38c2b27', '9', '39', 'InUse', '田世宏赴中国质量认证中心调研企业标准“领跑者”工作 拓宽评价机构主体 发挥平台型企业作用', null, 'admin', '1', '2017-05-25 11:46:10');
INSERT INTO `cms_chapter` VALUES ('920', '<html>\r\n<head>\r\n	<title></title>\r\n</head>\r\n<body>\r\n<p>5月8日至12日，质检科技创新能力建设司局级培训班在上海举办。质检总局局长、党组书记支树平作出批示，质检总局副局长、党组成员、国家认监委主任孙大伟出席，传达支树平批示并作开班动员讲话。</p>\r\n\r\n<p>支树平在批示中充分肯定2016年质检科技工作取得的成绩，对下一步质检科技工作提出殷切期望。他指出，2016年组织召开了第四次全国质检科技大会、成立了质检总局第二届科技委、发布了《质检科技创新&ldquo;十三五&rdquo;规划》、启动实施了NQI科研专项，成果丰硕，成绩突出，成效明显。</p>\r\n\r\n<p>支树平强调，全系统要认真学习、深入贯彻习近平总书记科技创新思想和习近平总书记关于质量的重要论述，下最大气力优化质检技术服务，全面加强质检科技工作，以优异成绩迎接党的十九大胜利召开。</p>\r\n\r\n<p>孙大伟总结了过去一年质检科技工作取得的新突破。针对质检科技工作的新形势新发展，孙大伟要求全系统以习近平总书记科技创新思想为指导，准确把握质检科技工作总基调，依靠科技创新、夯实发展基础、打造先发优势、释放内生动力、增强技术供给。关于今年的质检科技工作，孙大伟重点强调五个方面工作，一是深入推进质检技术体系建设，二是夯实引领发展的技术基础，三是推进检验检测认证机构整合，四是有效提升质检科技服务供给，五是营造有利于创新的环境条件。</p>\r\n\r\n<p>培训班集中学习了习近平总书记科技创新思想，党中央、国务院最新科技政策和质检科技工作部署，邀请院士专家讲解了国家科技创新改革政策部署和国际前沿科技发展趋势，组织了现场教学和质检科技工作研讨交流，解读了质检科技最新政策文件。</p>\r\n\r\n<p>国家认监委、国家标准委科技管理部门负责人，各地质检两局分管科技工作的负责人，以及质检总局在京直属科研院所分管科技工作负责人参加了培训。</p>\r\n</body>\r\n</html>\r\n', '2017-05-25 11:36:47', '1b82ca3fcc8c70d876ab9842491e5ec3', '10', '34', 'InUse', '质检科技创新能力建设司局级培训班在沪举办 推进科技质检建设向纵深发展', null, 'admin', '1', '2017-05-25 11:46:24');
INSERT INTO `cms_chapter` VALUES ('922', '<html>\r\n<head>\r\n	<title></title>\r\n</head>\r\n<body>\r\n<p>5月14-15日，&ldquo;一带一路&rdquo;国际合作高峰论坛在北京成功举行，圆满实现预期目标，受到国内国际社会高度关注和肯定。这次高峰论坛是&ldquo;一带一路&rdquo;框架下最高规格的国际活动，是新中国建国以来由中国首倡、中国主办的层级最高、规模最大的多边外交活动，是我国2017年最重要的主场外交。这次论坛成功举行并取得丰硕成果，表明&ldquo;一带一路&rdquo;的内涵和精神正逐步得到全世界的认同和响应，是党中央、国务院英明领导，各部门通力合作的结果，质检部门作为高峰论坛筹备委员会成员单位，积极参与论坛相关工作，提供了有力保障，贡献了质检成果。习近平主席在论坛的主要活动中多次谈到质检工作，提出了要求，寄予了期望，整个质检系统十分振奋，备受鼓舞。</p>\r\n\r\n<p>作为&ldquo;一带一路&rdquo;建设的倡导者、推动者，习近平总书记对于质检部门服务好&ldquo;一带一路&rdquo;建设寄予厚望。在论坛开幕式上，习近平主席提出要促进&ldquo;政策、规则、标准&rdquo;三位一体的联通，为互联互通提供机制保障，表示要推动海关、检验检疫等软联通项目早日启动、早见成效。在圆桌峰会开幕词中，习近平主席明确要求要加强规则和标准体系相互兼容。在圆桌峰会讲话中，习近平主席强调要努力加强政策、规制、标准等方面的&ldquo;软联通&rdquo;。在高峰论坛记者会上，习近平主席指出要开展信息互换、监管互认、执法互助，促进海关、质检等领域的合作。在论坛期间的有关双边会谈中，习近平主席也谈到了检验检疫工作。习近平主席的所有这些重要指示，与2016年杭州G20峰会上他对质检工作的要求一脉相承，无不显示了国家最高领导人对质检工作的了解、重视和期望。</p>\r\n\r\n<p>&ldquo;谁言寸草心，报得三春晖&rdquo;。党和国家对质检工作看重，质检部门就要认真总结好本次论坛做好服务保障的经验，以更大的责任心、使命感、自豪感，服务好&ldquo;一带一路&rdquo;建设，服务好党和国家工作大局。这次论坛上，中国质检全力以赴，作出了贡献，展示了风采。质检总局领导与斯洛文尼亚副总理、日本自民党总干事、联合国工发组织总干事等24个国家或国际组织的高官举行会见会谈，与11个国家签署17项检验检疫协议，与3个国家和1个国际组织签署4项国家质量技术基础合作协议，与12个国家签署《关于加强标准合作，助推&ldquo;一带一路&rdquo;建设的联合倡议》，其中6项协议由中外领导人见证签署。圆桌峰会联合公报、高峰论坛成果清单以及《共建&ldquo;一带一路&rdquo;：理念、实践与中国的贡献》白皮书都列入质检成果。在论坛的背后，质检部门为与会嘉宾检验检疫通关礼遇和出入境航空器实施检验检疫、酒店就餐安全、出境专包机航食安全、论坛场所特种设备安全等做了大量极为繁重的工作，为论坛成功举行提供了有力支持。经验值得总结、必须总结，但这些成绩已经属于过去，&ldquo;一带一路&rdquo;建设着眼于未来，质检工作需要百尺竿头更进一步。</p>\r\n\r\n<p>深入学习贯彻习近平总书记的重要指示，质检部门要进一步明确自己在&ldquo;一带一路&rdquo;建设中的责任、地位和作用，把服务&ldquo;一带一路&rdquo;建设摆进中心工作中。没有国家质量技术基础的合作与互认，就没有国际贸易的畅通和繁荣，质检总局作为国家质量技术基础和检验检疫工作的主管部门，在推进标准互认、畅通规范贸易，加强计量合作、畅通公平贸易，推动认证认可合作、畅通互惠贸易，深化检验检疫合作、畅通安全贸易方面，发挥着不可替代的重要作用，是&ldquo;一带一路&rdquo;建设的重要力量。习总书记反复对质检工作提出要求，既是对质检部门作用的认可，更是对质检部门发挥作用的期许，质检部门必须要把服务&ldquo;一带一路&rdquo;建设作为最重要工作之一，紧紧抓在手上，丝毫松懈不得。</p>\r\n\r\n<p>深入学习贯彻习总书记的重要指示，质检部门要认真研究如何完成好国家在&ldquo;一带一路&rdquo;建设中安排部署的重要任务，以改革创新精神交出&ldquo;质检答卷&rdquo;。怎样促进政策、规则、标准三位一体的联通，加强规则和标准体系相互兼容？检验检疫软联通项目怎样尽快启动、早见成效？怎样进一步加强&ldquo;一带一路&rdquo;沿线国家的质检合作？习总书记提出的这些要求，对于推进&ldquo;一带一路&rdquo;建设意义重大，质检部门要好好研究如何完成好，在总结经验的基础上大胆改革创新，交出一份优异答卷。</p>\r\n\r\n<p>深入学习贯彻习总书记的重要指示，质检部门要发挥钉钉子的精神，把狠抓本次论坛质检成果的落实，以言必行、行必果的中国质检形象树立中国负责任大国的国家形象。论坛结束，恰恰是狠抓会谈成果落实的开始，质检部门成果多，落实任务重，尤其要以严谨细致、求实高效的作风，学习总书记&ldquo;钉钉子&rdquo;的工作方法，一项一项逐一落实好，让相关国家和国际组织看到中国质检言必信行必果的务实精神，更加认可中国负责任大国的国家形象。</p>\r\n\r\n<p>质检总局党组中心组第一时间集中学习习近平总书记在论坛上的重要讲话精神特别是对质检工作的系列重要指示，研究贯彻落实意见，并作出了部署安排。质检系统要把思想统一到总局党组的要求和部署上来，进一步增强&ldquo;四个意识&rdquo;，真抓实干，共同努力，把质检工作服务&ldquo;一带一路&rdquo;建设推向新水平，在&ldquo;一带一路&rdquo;建设新征程中更加彰显质检作用。(本报评论员)</p>\r\n</body>\r\n</html>\r\n', '2017-05-25 11:50:44', '911698a6c74a63d39fb752c8c9e5ec1c', '24', '80', 'InUse', '把质检工作服务“一带一路”建设推向新水平', null, 'admin', '2', '2017-07-19 14:15:31');
INSERT INTO `cms_chapter` VALUES ('924', '<html>\r\n<head>\r\n	<title></title>\r\n</head>\r\n<body>\r\n<p>一分价钱一分货，任何一种东西存活下来，绝对不是因为价格，更不是因为折扣，而是品质和价值！生活的格调在于你的品味，产品的质量在于你的选择！更重要的是选择健康环保无危害的产品。</p>\r\n\r\n<p><img alt=\"\" src=\"http://47.93.46.185:80/filee/viewPic.do?manageKey=e8848897197382516dcea06945d2b9b0\" style=\"height:964px; width:690px\" /></p>\r\n\r\n<p>现在许多房子在进行装修的时候，都会选择吊顶。但究竟怎么选择安全实用又美观的产品呢？小编今天就给大家推荐一家公司，这家公司的产品已经通过了质量万里行促进会的审核并被授予了会员单位的称号。</p>\r\n\r\n<p>北京巨腾科技有限公司成立于2005年，是一家集设计、研发、生产、销售于一体的专业集成吊顶建材单位。巨腾科技以创新的精神、高品质的追求、诚信的经营为理念，以满足客户所需、所想、所用为核心思想，经过多年的经营与发展，得到了社会各界的广泛认可与好评。</p>\r\n\r\n<p><img alt=\"\" src=\"http://47.93.46.185:80/filee/viewPic.do?manageKey=fdef605279c8d780c1ba513f7c60ff1f\" style=\"height:470px; width:690px\" /></p>\r\n\r\n<p>巨腾科技有限公司于2015年3月13日新品发布会上发布了一系列的新品。其中，净醛系列产品凭借超高人气吸引了大众的目光，它是一款可以吸收甲醛的板材，集功能性与美观性于一体。巨腾净醛系列产品不但美观大方，款式多样，适合不同风格的家居装饰，而且节能环保，不消耗电能。巨腾健康吊顶，去除甲醛、抗菌类污染，构造健康家居生活。</p>\r\n\r\n<p><img alt=\"\" src=\"http://47.93.46.185:80/filee/viewPic.do?manageKey=aa32460dd9b0ce4fb50fdd112fcc2a5f\" style=\"height:308px; width:690px\" /></p>\r\n\r\n<p>巨腾科技有限公司自2005年成立至今先后中标安哥拉电视制作中心、中央电视台和鸟巢、体育场等重大项目。公司先后荣获《质量 服务 信誉AAA品牌》《全国吊顶建材十大品牌》《全国集成吊顶最具竞争力十大品牌》《中国著名品牌》《绿色建材重点推荐产品》等诸多荣誉称号。</p>\r\n\r\n<p><img alt=\"\" src=\"http://47.93.46.185:80/filee/viewPic.do?manageKey=ef46f408fc027dd30534a1a6bda6bfcf\" style=\"height:367px; width:690px\" /></p>\r\n\r\n<p>巨腾，中国健康吊顶开拓者。</p>\r\n</body>\r\n</html>\r\n', '2017-05-25 11:54:14', '2848b411abd08d8cb55fa1bc76c196d9', '28', '67', 'InUse', '巨腾，节能环保的选择', '481', 'admin', '3', '2017-07-19 16:05:07');
INSERT INTO `cms_chapter` VALUES ('925', '<html>\r\n<head>\r\n	<title></title>\r\n</head>\r\n<body>\r\n<p>5月22日，质检总局召开质量提升行动领导小组成立暨第一次会议。质检总局局长、质量提升行动领导小组组长支树平出席并讲话，要求全系统进一步贯彻落实党中央、国务院关于开展质量提升行动的一系列决策部署，扎实推动质量提升各项工作深入开展。总局领导、质量提升行动领导小组副组长陈钢、吴清海、田世宏，总工程师韩毅出席会议并发言。</p>\r\n\r\n<p>会议听取了质检系统、相关部委、各地区推进质量提升工作情况的汇报，认监委、标准委作交流发言。审议了质量提升领导小组办公室组成方案。</p>\r\n\r\n<p>支树平指出，质量提升是党中央、国务院明确提出的部署和要求。去年中央经济工作会议上，习近平总书记突出强调供给侧结构性改革的主攻方向是提高供给质量，提升供给体系的中心任务是全面提高产品和服务质量，要求要树立质量第一的强烈意识，下最大气力抓全面提高质量，开展质量提升行动。今年政府工作报告中，李克强总理指出要全面提升质量水平，广泛开展质量提升行动，推动中国经济发展进入质量时代。质检总局作为国务院质量工作主管部门，要深刻认识开展质量提升行动的重要意义和自身重大职责，凝聚全系统力量，协调各部门各地区和社会各方，把思想行动统一到中央决策部署上来，把握质量发展前所未有的机遇。要把质量提升作为推动供给侧结构性改革和经济转型升级的重要抓手，作为振兴中国制造和实体经济、推进全面建成小康社会、实现中华民族伟大复兴中国梦的重大举措，抓在手上、全力以赴，重点突破、务求实效。</p>\r\n\r\n<p>支树平要求，要更加扎实有力地展开质量提升行动。今年以来，质检系统、相关部委、各地区已相继开展一系列质量提升行动，取得了一定成效。下一步，全系统要继续按照党中央、国务院部署要求，认真贯彻落实全国质检工作会议精神，下最大气力推进质量提升行动。宏观上，要抓质量强国战略宣传实施，抓全社会质量共治，抓国家质量技术基础建设，抓产品质量、服务质量、工程质量、环境质量等质量升级。具体行动上，要联合各地各部门，找准&ldquo;发力点&rdquo;，抓住各地主打产业、主打产品组织质量提升行动；牵住&ldquo;牛鼻子&rdquo;，坚持标准引领，实施标准化战略，不断提高质量标准，推进内外销产品&ldquo;同线同标同质&rdquo;；打好&ldquo;组合拳&rdquo;，抓好质量宣传动员，组织质量攻关整治，加强全面质量管理，打造中国质量品牌。</p>\r\n\r\n<p>支树平强调，要充分发挥质量提升行动领导小组的作用。质量提升行动是党中央、国务院部署开展的全国性工作，是质检系统的重中之重。总局质量提升行动领导小组要充分履行好牵头抓总、综合协调的职责，坚持抓重点、抓协调、抓落实。领导小组办公室要配备专门力量和工作场所，相关司局和单位要加强保障，围绕宣传动员、攻关整治、质量管理等重点工作，尽快制定方案，尽快展开行动。特别是各部门、各单位要强化大局意识和责任意识，切实将质量提升作为分内之事、应尽职责，加强协调，形成合力，敢于打破惯例，改革创新，推进各项工作扎实、有效开展。</p>\r\n</body>\r\n</html>\r\n', '2017-05-25 11:54:18', '947d296fda938f38adbe29f2864081d6', '27', '66', 'InUse', '质检总局召开质量提升行动领导小组成立暨第一次会议 贯彻落实中央决策部署 扎实展开质量提升行动', null, 'admin', '2', '2017-07-19 14:16:31');
INSERT INTO `cms_chapter` VALUES ('926', '<html>\r\n<head>\r\n	<title></title>\r\n</head>\r\n<body>\r\n<p>今年5.20是第18个世界计量日，主题是&ldquo;计量与交通&rdquo;。当天，600多位来自全国的计量工作者共聚北京会议中心，参加2017年世界计量日主题活动。质检总局局长支树平出席并讲话。以下是讲话全文：</p>\r\n\r\n<p>量以载道&nbsp;行稳致远</p>\r\n\r\n<p>&mdash;&mdash;在纪念5.20世界计量日主题活动上的讲话</p>\r\n\r\n<p>（二○一七年五月二十日）</p>\r\n\r\n<p>□&nbsp;支树平</p>\r\n\r\n<p>在美丽的盛夏时节，我们相聚北京，共同庆祝第18个世界计量日。首先，我谨代表国家质检总局，向全国计量工作者致以节日的祝贺！向长期以来关心支持计量工作、质检工作的各界人士，表示衷心的感谢！</p>\r\n\r\n<p>今年世界计量日的主题是&ldquo;计量与交通&rdquo;。计量与交通渊源深厚。大约五千年前，黄帝发明了指南车和记里鼓车；两千多年前，秦始皇推行了&ldquo;车同轨、书同文&rdquo;，张骞出使西域用司南辨识方向；五百多年前，哥伦布借助指南针发现了新大陆。计量一直是人们交通、交往的基础，伴随着人类文明的脚步不断前行。142年前的今天，也就是1875年5月20日，17个国家在法国巴黎签署了政府间协议&ldquo;米制公约&rdquo;，为国际单位制的建立铺平了道路。从此，计量确立了全新的时空观念，极大促进了交通运输的迅速发展。在速度征服距离的当下，计量如同神经血脉，将覆盖全球的&ldquo;海陆空&rdquo;交通网紧密连接起来。不仅如此，计量还时刻守护着交通运输的安全和清洁。机动车测速仪、酒精呼出气体探测器等计量器具的使用，为人们出行系上了&ldquo;平安扣&rdquo;；机动车尾气分析仪、PM2.5检测仪，为交通污染安装了&ldquo;提示器&rdquo;。</p>\r\n\r\n<p>当然，计量的世界博大无穷。它既为交通运输铺就了迅捷之路，也为人类文明进步搭建了融通之道。就在几天前，&ldquo;一带一路&rdquo;国际合作高峰论坛在北京成功举行，习近平主席充分肯定了4年来&ldquo;一带一路&rdquo;建设在政策沟通、设施联通、民心相通、贸易畅通、资金融通方面取得的丰硕成果，强调要将&ldquo;一带一路&rdquo;建设成和平之路、繁荣之路、开放之路、创新之路、文明之路。今年世界计量日的主题，与&ldquo;一带一路&rdquo;倡议的精神完全契合。无论是贸易畅通、还是设施联通，无论是资金融通、还是民心相通，都离不开准确一致的计量，都需要公平可靠的测量。计量，就如同一条贯穿世界经济、文化发展的轨道，它不仅输送着公平，也承载着期冀；它不仅疏通了财富之路，也消除了贸易隔阂；它不仅共享了资源和智慧，更传播了友谊和文明，不断为世界的互联互通构筑起坚实可靠的桥梁。</p>\r\n\r\n<p>作为中国计量工作的主管部门，国家质检总局高度重视计量发展。近年来，计量科技水平显著提高，基础性、前沿性和共性计量科研成果不断涌现，获得国际承认的国家校准测量能力跃升到全球第四位，国家产业计量测试服务体系、区域发展计量支撑体系、能源资源计量服务体系、计量监管体系更加健全，具有中国特色的计量发展与管理制度逐步形成并不断完善。同时，我们还不断加大与各部门、各行业的沟通合作，积极构建&ldquo;大计量&rdquo;工作格局。其中，在质检总局和交通运输部等有关部门的共同努力下，交通运输计量事业得到迅速发展。近几年先后成立了国家道路与桥梁工程检测设备计量站、国家水运工程检测设备计量站和国家船舶舱容积计量站，并组建了全国公路专用计量器具计量技术委员会。今天，我们又隆重举行了国家能源计量中心（城市交通）和全国水运专用计量器具计量技术委员会的揭牌仪式。交通运输行业计量服务体系不断完善，计量技术能力得到显著提升，有力地促进了交通运输行业的提质增效和转型升级。风驰电掣的高速列车上，从一个螺栓螺母的咬合到车轨车距的密合，计量为&ldquo;中国速度&rdquo;的不断刷新贡献精准力量；&ldquo;C919雄鹰&rdquo;展翅翱翔，计量融入了大飞机研制、试飞、航行的全过程，保证了&ldquo;现代工业之花&rdquo;的再次绽放；&ldquo;九霄揽月&rdquo;的太空圆梦，高精准的计量一直如影随形，为完美实现&ldquo;太空之吻&rdquo;保驾护航。</p>\r\n\r\n<p>当前，计量面临新的形势和任务。计量既要为交通运输服务，更要为&ldquo;一带一路&rdquo;建设服务，也要为世界的联通发展服务。我们将加强与各有关部门的合作，以服务&ldquo;五大发展&rdquo;为内容，以计量精准和科技创新为手段，积极构建&ldquo;大计量&rdquo;的工作格局，推动计量与包括交通在内的各行业、产业的融合共同发展。我们将完善计量事业发展体制机制，加快新一代高准确度、高稳定性量子计量基准研究，建立完善国家先进测量体系。我们还将大力实施计量国际化战略，以服务&ldquo;一带一路&rdquo;为契机，加强计量国际交流合作，提升计量国际互认能力和水平，推动中国产品、中国服务、中国品牌走出去。</p>\r\n\r\n<p>世界万物都是由&ldquo;量&rdquo;组成的，并通过&ldquo;量&rdquo;来体现。正是因为对量的认识不断深化、测量手段不断进步、测量精度不断提升，人类认识世界和改造世界的能力不断增强，万物之道之规律不断认知和把握。&ldquo;量&rdquo;统一了，&ldquo;道&rdquo;才能畅通；&ldquo;量&rdquo;精准了，&ldquo;行&rdquo;才能远。正可谓&ldquo;量以载道，行稳致远&rdquo;。</p>\r\n\r\n<p>量值定义世界，精准改变未来。从2016年&ldquo;动态世界中的计量&rdquo;，到2017年的&ldquo;计量与交通&rdquo;，世界计量日变的只是主题，不变的是永恒发展的内涵与希望。只要我们共同努力，重视计量，发展计量，不断提高认知世界的水平，&ldquo;量以载道，行稳致远&rdquo;，我国发展的道路必将越来越宽广，人类发展的前程必将越来越美好。</p>\r\n</body>\r\n</html>\r\n', '2017-05-25 11:55:21', 'e192cbef5ddcaace4992ddfed33cdd54', '21', '41', 'InUse', '量以载道 行稳致远 支树平局长在纪念5.20世界计量日主题活动上的讲话', null, 'admin', '2', '2017-07-19 14:14:46');
INSERT INTO `cms_chapter` VALUES ('927', '<html>\r\n<head>\r\n	<title></title>\r\n</head>\r\n<body>\r\n<p>5月20日，600多位来自全国的计量工作者共聚北京会议中心，参加2017年世界计量日主题活动。质检总局局长支树平出席并讲话，交通运输部副部长戴东昌、中国科协书记处书记束为、质检总局副局长吴清海致辞。中国计量测试学会理事长蒲长城、质检总局总工程师韩毅出席活动。</p>\r\n\r\n<p>今年5.20是第18个世界计量日，主题是&ldquo;计量与交通&rdquo;。会上，国家能源计量中心（城市交通）和全国水运专用计量器具计量技术委员会正式筹建揭牌。质检总局与中国科协签署《计量科普战略合作备忘录》，科普中国计量专题网站正式上线运行。</p>\r\n\r\n<p>支树平在题为&ldquo;量以载道 行稳致远&rdquo;主旨讲话中指出，计量一直是人们交通、交往的基础，它既为交通运输铺就了迅捷之路，也为人类文明进步搭建了融通之道。今年世界计量日的主题，与&ldquo;一带一路&rdquo;倡议的精神完全契合。政策沟通、设施联通、贸易畅通、资金融通、民心相通，都离不开准确一致的计量，都需要公平可靠的测量。作为中国计量工作的主管部门，国家质检总局高度重视计量发展。</p>\r\n\r\n<p>近年来，计量科技水平显著提高，基础性、前沿性和共性计量科研成果不断涌现，获得国际承认的国家校准测量能力跃升到全球第四位，国家产业计量测试服务体系、区域发展计量支撑体系、能源资源计量服务体系、计量监管体系更加健全，具有中国特色的计量发展与管理制度逐步形成并不断完善，&ldquo;大计量&rdquo;工作格局初步构建。</p>\r\n\r\n<p>支树平指出，当前，计量面临新的形势和任务。计量既要为交通运输服务，更要为&ldquo;一带一路&rdquo;建设服务，也要为世界的联通发展服务。质检总局将加强与各有关部门的合作，以服务&ldquo;五大发展&rdquo;为内容，以计量精准、量值传递和科技创新、科学普及为手段，积极构建&ldquo;大计量&rdquo;工作格局，推动计量与包括交通在内的各行业、产业的融合共同发展。将完善计量事业发展体制机制，加快新一代高准确度、高稳定性量子计量基准研究，建立完善国家先进测量体系。将大力实施计量国际化战略，以服务&ldquo;一带一路&rdquo;为契机，加强计量国际交流合作，提升计量国际互认能力和水平，推动中国产品、中国服务、中国品牌走出去。</p>\r\n\r\n<p>戴东昌在致辞中表示，交通运输业的发展离不开计量的有力支持。交通运输部将进一步加大投入，以国家级计量站和计量中心为载体，着力完善行业量传溯源体系，加快计量基础研究、技术研发和人才培养，加强安全防护、环境监测、行政执法等方面计量器具监管，全面提升交通运输计量服务能力和水平。</p>\r\n\r\n<p>束为在致辞中说，加强计量科普工作，对于推动一线生产人员正确掌握计量科技知识，促进公众计量意识的养成和提高，推动计量科学发展繁荣，有非常重要的促进作用。中国科协和质检总局将以合作备忘录的签署和计量专题网站的开通为良好的开端，优势互补、资源共享，通力协作、携手同行，共同推动计量科学发展和公民科学素质提升。</p>\r\n\r\n<p>主题活动上，吴清海为第二届&ldquo;我身边的计量人&rdquo;事迹介绍活动致辞，25位来自各行各业的计量工作者当选&ldquo;我身边的计量人&rdquo;。吴清海表示，这25位入选者很好体现了新时期计量服务经济社会发展的多个方面，很好地代表了千千万万的计量人。期待他们更好发挥榜样、示范、引领作用，再立新功。各部门、各单位要广泛宣传他们的优秀事迹，汇聚强大正能量，推动计量更好地服务中国创造、中国质量和中国品牌。</p>\r\n\r\n<p>活动还对获得中国计量测试学会科技进步奖一二三等奖的项目进行了表彰。交通运输部等国务院有关部委、中央企业代表，部分计量领域专家学者，认监委、标准委和质检总局各司局、在京直属挂靠单位负责同志，以及来自电力、航天、铁路、石油、北京市质监局和中国计量科学研究院的6个方阵代表参加活动。</p>\r\n</body>\r\n</html>\r\n', '2017-05-25 11:56:07', '79b004f46d1ab6a7a682fbb8b7812947', '22', '69', 'InUse', '2017年世界计量日主题活动在京举行', null, 'admin', '2', '2017-07-19 14:15:09');
INSERT INTO `cms_chapter` VALUES ('928', '<html>\r\n<head>\r\n	<title></title>\r\n</head>\r\n<body>\r\n<p>5月19日，质检总局党组中心组围绕&ldquo;一带一路&rdquo;国际合作高峰论坛精神组织学习。质检总局党组书记、局长支树平，党组副书记、副局长梅克保，党组成员吴清海、田世宏、李元平出席会议并发言。</p>\r\n\r\n<p>会议学习了习近平主席在出席&ldquo;一带一路&rdquo;国际合作高峰论坛期间发表的演讲、致辞、讲话等精神。听取了高峰论坛期间质检外事工作、检验检疫和特种设备服务保障工作、质检新闻宣传工作的汇报。与会同志踊跃发言，畅谈心得体会。</p>\r\n\r\n<p>支树平在发言中指出，习近平主席在&ldquo;一带一路&rdquo;国际合作高峰论坛开幕式上的主旨演讲，揭示了丝路精神的丰富内涵，阐述了&ldquo;一带一路&rdquo;建设的重大意义，阐明了中国主张，提出了中国方案，得到与会各界嘉宾的高度赞扬。现场聆听习近平主席的精彩演讲，深切感受到习近平主席在世界舞台上展示出的全球战略胸怀、大国领袖风范。&ldquo;一带一路&rdquo;建设是习近平主席关于构建人类命运共同体的宏大倡议、世纪工程。4年来，&ldquo;一带一路&rdquo;政策沟通不断深化，设施联通不断加强，贸易畅通不断提升，资金融通不断扩大，民心相通不断促进，成果丰硕，来之不易。此次&ldquo;一带一路&rdquo;国际合作高峰论坛上，习近平主席在主旨演讲中作出了5个&ldquo;不会&rdquo;、7大举措的郑重承诺，彰显中国的诚意与担当，预示着&ldquo;一带一路&rdquo;的美好前景。</p>\r\n\r\n<p>支树平指出，质检总局党组一直高度重视&ldquo;一带一路&rdquo;建设，中国质检在&ldquo;一带一路&rdquo;建设中作出了贡献、展示了风采。作为质量及质量基础设施的主管部门，质检总局认真落实习近平主席&ldquo;五个通&rdquo;的倡议，主动加强与&ldquo;一带一路&rdquo;沿线国家的务实合作，搭建合作机制和平台，推动质量基础互联先行，开展便利贸易的务实合作，加强疫病疫情联防联控，为促进设施联通、贸易畅通做了大量工作。作为&ldquo;一带一路&rdquo;国际合作高峰论坛筹备委员会成员单位，质检总局积极参与论坛相关工作，为论坛的成功举办提供了有力保障和优质服务。论坛举办期间，与11个国家签署了17项检验检疫协议，与有关国家和国际组织签署了4项关于国家质量技术基础的合作协议，与12个国家签署了《关于加强标准合作，助推&ldquo;一带一路&rdquo;建设的联合倡议》。许多质检合作成果列入圆桌峰会联合公报、高峰论坛成果清单以及《共建&ldquo;一带一路&rdquo;：理念、实践与中国的贡献》白皮书。</p>\r\n\r\n<p>支树平强调，习近平主席在&ldquo;一带一路&rdquo;国际合高峰论坛上多次讲到质检工作，讲到标准和检验检疫，强调要努力加强政策、规制、标准等方面的&ldquo;软联通&rdquo;，开展信息互换、监管互认、执法互助，促进质检领域合作，促进规则和标准体系的相互兼容。质检系统要从党和国家的发展大局着眼，积极响应&ldquo;一带一路&rdquo;倡议，发挥质检职能优势，服务国家开放发展战略。要认真学习领会习近平主席对质检工作的要求和希望，坚决落实，主动作为，多作贡献。要认真抓好高峰论坛各项质检合作成果的落实，进一步彰显质检在服务国家战略中的重要作用，进而更好地推进质检事业改革发展。</p>\r\n\r\n<p>认监委、标准委以及质检总局有关司局负责同志列席会议。</p>\r\n</body>\r\n</html>\r\n', '2017-05-25 11:57:02', '370fdeea0ed7c6326dec04fef19a2c85', '29', '73', 'InUse', '质检总局党组中心组学习贯彻“一带一路”国际合作高峰论坛精神 主动发挥质检职能优势 服务国家开放发展战略', null, 'admin', '2', '2017-07-19 14:17:15');
INSERT INTO `cms_chapter` VALUES ('929', '<html>\r\n<head>\r\n	<title></title>\r\n</head>\r\n<body>\r\n<p>5月19日，以&ldquo;科技强国 创新圆梦&rdquo;为主题的第四届&ldquo;质检科技周&rdquo;启动仪式在黑龙江哈尔滨举行，质检总局党组成员、副局长、国家认监委主任孙大伟，黑龙江省政府副秘书长马立新出席启动仪式并讲话。</p>\r\n\r\n<p>孙大伟表示，质检总局党组历来高度重视科技工作。党的十八大以来，质检部门在努力开展质检科技创新工作的同时，大力开展质检科普工作，积极普及质检科技知识，大力宣传质检文化，有效提升公众的质量意识，赢得了良好的社会反响。质检科技周已经成为具有影响力的质检科普品牌和展现质检科技创新成果的窗口。针对今年的科普工作，孙大伟强调，一要加强统筹谋划，健全质检科普工作体系；二要以需求为牵引，增加科普资源有效供给；三要创新方式方法，打造质检特色科普品牌；四要加强自身建设，提升质检科普能力水平。</p>\r\n\r\n<p>马立新表示，黑龙江省委、省政府高度重视质检科技工作，计量、标准、认证认可和检验检测检疫科技创新成果为黑龙江经济社会发展提供了有力的技术支撑。黑龙江省将以这次&ldquo;质检科技周&rdquo;活动为契机，凝聚智力，开拓创新，加强交流，推动合作，努力开创龙江振兴发展新局面。</p>\r\n\r\n<p>启动仪式上，孙大伟和马立新共同为全国科普先进表彰获奖单位和个人颁奖，并为新认定的质检科普基地授牌。来自质检总局相关司局，国家认监委、国家标准委科技主管部门，质检总局直属科研院所，质检科普基地，质检总局科技委，黑龙江省质检两局，黑龙江省政府相关人员以及质检系统全国科普工作先进单位和个人参加了启动仪式。</p>\r\n</body>\r\n</html>\r\n', '2017-05-25 11:57:45', 'ed73c56be13f03ba115ca8c96ff63beb', '28', '76', 'InUse', '把“质检科技周”办成有质检特色的科普品牌   第四届“质检科技周”启动仪式在哈尔滨举行', null, 'admin', '2', '2017-07-19 14:17:04');
INSERT INTO `cms_chapter` VALUES ('930', '<html>\r\n<head>\r\n	<title></title>\r\n</head>\r\n<body>\r\n<p>日前，质检总局根据世界卫生组织的通报，发布了《关于防止刚果民主共和国埃博拉出血热传入我国的公告》，有效期为3个月。</p>\r\n\r\n<p>据世界卫生组织5月13日通报，刚果民主共和国暴发1起埃博拉出血热聚集性疫情，自2017年4月22日以来截至5月13日，累计发现11例疑似病例和3例死亡病例，其中1例死亡病例确诊为埃博拉出血热。为防止埃博拉出血热传入我国，保护我国前往刚果民主共和国及其周边国家和地区人员的健康安全，根据《中华人民共和国国境卫生检疫法》及其实施细则的有关规定发布公告要求：来自刚果民主共和国的人员如有发热、极度虚弱、头痛、肌痛、咽痛、结膜充血等症状，入境时应立即、主动向出入境检验检疫机构口头申报。入境后3周内出现上述症状者，应当立即就医，并向医生说明近期的旅行史，以便及时得到诊断和治疗。在入境时应当配合检验检疫人员的体温监测、医学巡查、流行病学调查、医学排查等工作；对发现有上述症状的人员，检验检疫人员要做好防护，并按照规定程序采取医学措施；对染疫或染疫嫌疑人的体液、分泌物和排泄物以及其接触过的其他物品采取严格的消毒措施。</p>\r\n\r\n<p>&nbsp;&nbsp;&nbsp; 公告建议，来自刚果民主共和国的交通工具、集装箱、货物、行李、邮包的承运人应当配合检验检疫机构的卫生检疫查验工作，对可能被埃博拉出血热病毒污染的按规定采取卫生处理措施。即将前往刚果民主共和国的人员，可以向出入境检验检疫机构及其国际旅行卫生保健中心咨询或登录国家质检总局网站（http：//www.aqsiq.gov.cn）卫生检疫与旅行健康专栏，了解该地区的疫情和有关预防方法，特别要避免接触灵长类动物，避免与可疑病人接触。旅行中或旅行后发现有相关症状者，应当立即就医，并在入境时向检验检疫机构申报。</p>\r\n</body>\r\n</html>\r\n', '2017-05-25 11:58:33', '10a36a6f8dae35f3779b25d1b187b85d', '26', '82', 'InUse', '质检总局发布公告防止刚果民主共和国埃博拉出血热传入我国', null, 'admin', '2', '2017-07-19 14:16:16');
INSERT INTO `cms_chapter` VALUES ('931', '<html>\r\n<head>\r\n	<title></title>\r\n</head>\r\n<body>\r\n<p>日前，郑州国际陆港开发建设有限公司向国家质检总局提交了召回计划，召回部分进口QUEENSENSE品牌铝制锅。本次召回共涉及两种锅型，分别为CUBIC炒菜锅（规格为26 cm、28 cm和30 cm）和四角烧烤锅（规格为32&times;34 cm），原产国为韩国。据该公司统计，中国大陆地区受影响的产品数量共计50件。</p>\r\n\r\n<p>本次召回范围内的铝制锅主要存在以下问题：锅的内壁涂层中重金属含量等超标，不符合强制性国家标准中相关条款要求。在使用中可能对人体健康造成危害，产品具有安全隐患。</p>\r\n\r\n<p>对于召回范围内的产品，郑州国际陆港开发建设有限公司将为消费者提供退货退款服务，消费者可登陆该公司官网（www.zzguojilugang.com）或拨打该公司服务电话0371-55173216进行咨询，也可登陆国家质检总局网站进出口商品检验栏目(www.jyjgs.aqsiq.gov.cn）了解更多信息。另外，消费者可通过登陆国家质检总局进出口工业与消费品风险评估中心网站(www.racicp.org.cn）或拨打电话010-53897456，反映召回活动实施过程中的问题或提交进口消费品的缺陷线索。</p>\r\n</body>\r\n</html>\r\n', '2017-05-25 11:59:46', '0afb28b4a7af9f3dac50b541384b2d5e', '23', '73', 'InUse', '郑州国际陆港开发建设有限公司召回部分进口QUEENSENSE品牌铝制锅', null, 'admin', '2', '2017-07-19 14:15:18');
INSERT INTO `cms_chapter` VALUES ('932', '<html>\r\n<head>\r\n	<title></title>\r\n</head>\r\n<body>\r\n<p>2017年5月17日晚，在中国国家主席习近平和阿根廷总统马克里的共同见证下，中国国家质检总局局长支树平与阿根廷农业产业部部长布尔亚伊勒签署了关于阿根廷鲜食葡萄输华植物检疫要求议定书、质检总局和阿根廷农业产业部关于2017-2019年工作安排共2份合作文件。</p>\r\n\r\n<p>&nbsp;&nbsp;&nbsp; 中阿同为发展中国家，互为重要的贸易伙伴。自中阿建交以来，双边关系发展顺利，各领域互利合作日益加强。两国在农产品、食品贸易上具有互补性和广阔的合作前景，中阿质检领域合作也日益加深。此次签署的2份合作文件，对保障互供农产品食品质量安全，促进中阿两国经贸关系健康发展具有重要意义。</p>\r\n</body>\r\n</html>\r\n', '2017-05-25 12:01:04', 'a13eebc7ed34895e7d5bc22f03f6f17c', '20', '39', 'InUse', '支树平在中阿领导人见证下签署质检合作协议', null, 'admin', '2', '2017-07-19 14:14:30');
INSERT INTO `cms_chapter` VALUES ('933', '<html>\r\n<head>\r\n	<title></title>\r\n</head>\r\n<body>\r\n<p>5月16日，由植物医生举办的《探秘高山植物》纪录片全球首发新闻发布会在北京举办。本次发布会主题为&ldquo;高山植物，探索未见&rdquo;。植物医生品牌创始人解勇，探索频道亚太电视网资深副总裁兼大中华区总经理张方，中国植物学会民族植物学分会名誉理事长、全球重要农业文化遗产中国项目专家委员会委员、植物学家、中国民族植物学创始人、植物医生首席科学家裴盛基，民族植物学家杨立新等出席本次发布会。</p>\r\n\r\n<p>&ldquo;植物医生一直致力于中国高山植物资源的挖掘和科学应用，始终探索高山植物的护肤奥秘，品牌研发的高山植物护肤品品质代表中国的最高水平。探索频道致力于打造全球最高品质的纪实节目，其始终坚持探索未知、发现好奇的精神，给全球观众打开了许多未知领域的大门&rdquo;，解勇在演讲中表示，植物医生和探索频道在各自领域有着共同追求，希望合作推出的纪录片《探秘高山植物》，能让更多人了解高山植物，爱上高山植物，保护高山植物。</p>\r\n\r\n<p>张方表示，高山植物是一片未知的神秘领域，没有人对这个&ldquo;植物王国&rdquo;进行过深入探索，这激发了探索频道的探知欲望。纪录片《探秘高山植物》将把对探索云南高山植物过程中发现的精彩奇遇，以及高山植物的经济、生态、植物学等价值多维度深度呈现出来。</p>\r\n\r\n<p>为呼吁更多人关注高山植物，植物医生与探索频道联合宣布，将每年的5月16日这一周定为&ldquo;中国高山植物行动保护周&rdquo;。希望通过设立&ldquo;中国高山植物行动保护周&rdquo;，提醒人们保护高山植物珍贵资源，吸引更多人关注并切实参与到高山植物保护的队伍中来。</p>\r\n</body>\r\n</html>\r\n', '2017-05-25 12:04:02', '8bf3d2ab725292a57135773096c68513', '25', '75', 'InUse', ' 《探秘高山植物》纪录片全球首发', null, 'admin', '2', '2017-07-19 14:15:49');
INSERT INTO `cms_chapter` VALUES ('934', '<html>\r\n<head>\r\n	<title></title>\r\n</head>\r\n<body>\r\n<p>随着中国国民经济的快速发展、交通基础设施的不断改善和机动车保有量（机动车保有量是指内燃机车（包含摩托车，汽车，货车，不包含电动车）在某地区的总量。）的快速增加，加油站已成为民众生活中不可或缺的一部分。由此，许多民营加油站就孕育而生。</p>\r\n\r\n<p><img alt=\"\" src=\"http://47.93.46.185:80/filee/viewPic.do?manageKey=7338968d924deef7015efa9394a2cd1f\" style=\"height:419px; width:690px\" /></p>\r\n\r\n<p>四川东汇龙科技有限公司以新儒家思想作为企业文化，全面阐述贯彻仁、义、礼、智、信，全体员工以诚信、服从、勤奋为行为准则，为行业上下游带来真正的实惠和好处，实现对全国民营加油站和成品油批发企业整体品牌的提升。公司主要是负责APP的运营与推广。旗下主要有两款APP----趣批油和趣加油。&nbsp;</p>\r\n\r\n<p>&nbsp;</p>\r\n\r\n<p>趣批油APP以互联网+思维模式整合了行业内的资源优势，致力于创造一个公平公正的交易坏境，APP为成品油批发商与加油站之间搭建了一个快捷、安全的桥梁，买卖双方可以在上面实现自由选择实时交易。2016年6月，趣批油APP正式上线。在国内首次将B2B产业以B2C方式进行交易。是全国首家民营成品油大型互联网实时运营平台。目前已覆盖贵川、陕甘宁、珠三角等地区。预计于2017年将全面覆盖全国所有区域。</p>\r\n\r\n<p>趣加油，主要针对B2C的C端（C端的平台就是用户），它将与&ldquo;趣批油&rdquo;相连接，上一个平台上的买家（加油站）变为了这个平台上的卖家，普通车主成为了买家，当车主需要加油时，只需打开APP，寻找到附近的加油站，导航到达加油、支付即可，没有了支付方式、支付时间的限制，让加油变得更简单。</p>\r\n\r\n<p><img alt=\"\" src=\"http://47.93.46.185:80/filee/viewPic.do?manageKey=71fe5a4f1101206bca3d3e577d7dd2ba\" style=\"height:361px; width:690px\" /></p>\r\n\r\n<p>两款APP的建立，解决了成品油市场难题，四川东汇龙科技有限公司董事长董东万说，通过趣批油，将全国的民营加油站和民营批发商整合好，将平台建设好，把服务搞好，将平台的基础设施建好。让平台更稳定，更安全，更符合国家要求地进行运营，将趣加油普及到千家万户，让以后卡式的现金式的交易变成网上无纸化的APP交易，也让所有的车主得到他们真正的实惠。</p>\r\n\r\n<p>&nbsp;</p>\r\n\r\n<p>四川东汇龙科技有限公司，给您新式加油站。</p>\r\n</body>\r\n</html>\r\n', '2017-05-25 13:42:13', '0083560fb36db477f8fadc7fd2ebbf0a', '3', '53', 'InUse', '东汇龙，新式加油站', '600', 'admin', '3', '2017-07-20 17:21:08');
INSERT INTO `cms_chapter` VALUES ('936', '<html>\r\n<head>\r\n	<title></title>\r\n</head>\r\n<body>\r\n<p>广西的米粉，就像北京的饺子、上海的生煎、广东的云吞、兰州的拉面、陕西的泡馍、重庆的小面一样，扎于民间，接着地气，是人人吃得起的小吃，是天天离不开的美味。<img alt=\"\" src=\"http://47.93.46.185:80/filee/viewPic.do?manageKey=b6710ee8d61123c83c01c38ddb204653\" style=\"height:361px; width:690px\" /></p>\r\n\r\n<p>&ldquo;去到当地，才能吃到最正宗的味道&rdquo;这是大众普遍的说法。但，广西易启东方网络科技有限公司在将最正宗的米粉带给消费者的同时，还进行了创新，给消费者带来了不一样的吃货体验。</p>\r\n\r\n<p><img alt=\"\" src=\"http://47.93.46.185:80/filee/viewPic.do?manageKey=8caa5243caec427d7b1f8720802d06dc\" style=\"height:690px; width:690px\" /></p>\r\n\r\n<p>广西易启东方网络科技有限公司将创新理念融入到客户体验中，在北京五道口开了一家无人科技餐厅-----传厨螺蛳粉。让顾客体会到&ldquo;自助&rdquo;螺蛳粉的快感。</p>\r\n\r\n<p><img alt=\"\" src=\"http://47.93.46.185:80/filee/viewPic.do?manageKey=b3f5972eb59adb9a4187f0471f2570e1\" style=\"height:690px; width:690px\" /></p>\r\n\r\n<p>所谓的无人科技餐厅是指：所有的消费者进去店里，通过座位上的二维码进行点餐，点餐成功后，手机上就会收到一个点餐成功的消息。店里的大屏幕就会显示消费者点了什么餐，等餐做好后，店内广播就会提示顾客到相应的取餐口取餐，用餐结束后，自行将餐具放回餐具回收处。整个用餐的过程都是通过自助的形式来完成，同时也为消费者节省了时间。当然店里的所有服务都是通过微信进行的，如果没有带手机，也就吃不到饭了。</p>\r\n\r\n<p><img alt=\"\" src=\"http://47.93.46.185:80/filee/viewPic.do?manageKey=53ec539ec190c497a4b6fd477d599e7a\" style=\"height:365px; width:690px\" /></p>\r\n\r\n<p>而整个餐厅采用数字化管理，老板不用到店里来，就可以通过后台系统看到店里的营业状态，客人从下单到出餐，整个过程都可以通过系统看到。而顾客也可以通过手机看到制作进度，这样让消费者参与进来，透明化的服务也为消费者提供了便捷。</p>\r\n\r\n<p>广西易启东方网络科技有限公司董事长赵小东秉承&ldquo;思无迹，行有疆，敏于行，讷于言&rdquo;准则，关注将正宗地道米粉结合互联网带给顾客不一样的味道。</p>\r\n</body>\r\n</html>\r\n', '2017-05-25 14:09:10', '419d6ca8a9e21aeca3c4c21eae69a8eb', '4', '61', 'InUse', '广西米粉，创新的“味道”', '601', 'admin', '3', '2017-07-20 17:21:52');
INSERT INTO `cms_chapter` VALUES ('937', '<html>\r\n<head>\r\n	<title></title>\r\n</head>\r\n<body>\r\n<p><em><img alt=\"\" src=\"http://47.93.46.185:80/filee/viewPic.do?manageKey=6edade1de4054d2ba5bfa0cdae7dbd7f\" style=\"height:459px; width:690px\" />&ldquo;一带一路&rdquo;国际合作高峰论坛举行圆桌峰会</em></p>\r\n\r\n<p><em>习近平主持会议并致辞</em></p>\r\n\r\n<p><em>强调密切政策协调　对接发展战略　深化务实合作　实现互利共赢</em></p>\r\n\r\n<p><em>共同推动&ldquo;一带一路&rdquo;建设合作不断取得新进展</em></p>\r\n\r\n<p>&nbsp;</p>\r\n\r\n<p>&ldquo;一带一路&rdquo;国际合作高峰论坛15日在北京雁栖湖国际会议中心举行圆桌峰会。来自30个国家的领导人和联合国、世界银行、国际货币基金组织负责人出席圆桌峰会，围绕&ldquo;加强国际合作，共建&lsquo;一带一路&rsquo;，实现共赢发展&rdquo;的主题，就对接发展战略、推动互联互通、促进人文交流等议题交换意见，达成广泛共识，并通过了联合公报。</p>\r\n\r\n<p>中国国家主席习近平主持会议。张高丽出席。</p>\r\n\r\n<p>怀山柔水间，初夏的雁栖湖畔绿意盎然，鲜花盛开。以古代丝绸之路兴盛时期的中国汉唐建筑特色为设计灵感的雁栖湖国际会议中心，如同一只展开双翅的鸿雁。</p>\r\n\r\n<p>上午9时40分许，前来与会的领导人和国际组织负责人陆续抵达。习近平在大厅热情迎接，同他们一一握手。</p>\r\n\r\n<p>上午10时，习近平敲下木槌，宣布圆桌峰会开幕。</p>\r\n\r\n<p>习近平在开幕辞中指出，在各国彼此依存、全球性挑战此起彼伏的今天，各国要对接彼此政策，在全球更大范围内整合经济要素和发展资源，才能形成合力，促进世界和平安宁和共同发展。我2013年提出&ldquo;一带一路&rdquo;倡议，它的核心内容是促进基础设施建设和互联互通，对接各国政策和发展战略，深化务实合作，促进协调联动发展，实现共同繁荣。&ldquo;一带一路&rdquo;建设植根于历史，但面向未来；源自中国，但属于世界。在&ldquo;一带一路&rdquo;建设合作框架内，各方携手应对世界经济面临的挑战，开创发展机遇，谋求发展新动力，拓展发展新空间，实现优势互补、互利共赢，不断朝着人类命运共同体方向迈进。倡议提出后，得到国际社会积极响应和广泛支持。</p>\r\n\r\n<p>习近平指出，中方主办这次高峰论坛，目的就是共商合作大计，共建合作平台，共享合作成果，让&ldquo;一带一路&rdquo;建设更好造福各国人民。希望通过圆桌峰会，进一步凝聚共识，为&ldquo;一带一路&rdquo;建设国际合作指明方向，勾画蓝图。</p>\r\n\r\n<p>习近平强调，我们要推动互利共赢，明确合作方向，本着伙伴精神，牢牢坚持共商、共建、共享，让政策沟通、设施联通、贸易畅通、资金融通、民心相通成为共同努力的目标，坚持在开放中合作，在合作中共赢，对话化解分歧，协商解决争端，共同维护地区安全稳定。我们要密切政策协调，对接发展战略。要把&ldquo;一带一路&rdquo;建设合作同落实联合国2030年可持续发展议程、二十国集团领导人杭州峰会成果结合起来，同区域发展规划对接起来，同有关国家提出的发展规划协调起来，产生&ldquo;一加一大于二&rdquo;的效果。我们要依托项目驱动，在基础设施联通、实体经济合作、贸易和投资自由化便利化、金融合作、民心相通等方面深化务实合作。</p>\r\n\r\n<p>随后举行第一阶段会议、工作午宴、第二阶段会议。与会领导人分别围绕&ldquo;加强政策和发展战略对接，深化伙伴关系&rdquo;、&ldquo;促进人文交流合作&rdquo;、&ldquo;推进互联互通务实合作，实现联动发展&rdquo;议题广泛深入交换意见，达成重要共识。各方一致强调&ldquo;一带一路&rdquo;建设的重要意义，期待把合作推向更高水平、更大范围、更深层次；同意加强宏观经济政策协调，营造良好国际环境；希望把发展战略对接落到实处，努力形成各国规划衔接、发展融合、利益共享局面。各方一致决定，支持把互联互通作为&ldquo;一带一路&rdquo;建设合作的重点领域，完善基础设施互联互通网络，努力加强政策、规制、标准等方面的&ldquo;软联通&rdquo;，充分发挥互联互通对实体经济的辐射和带动作用，打造稳定多元的金融联通和合作格局。各方一致同意，&ldquo;一带一路&rdquo;建设要坚持经济合作同人文交流双轨并进，坚持民生导向，服务可持续发展。</p>\r\n\r\n<p>与会各国领导人及国际组织负责人高度评价中方提出&ldquo;一带一路&rdquo;倡议并举办这次高峰论坛，期待携手推进&ldquo;一带一路&rdquo;建设，实现共同繁荣。</p>\r\n\r\n<p>下午5时许，会议进入闭幕环节，各方通过了《&ldquo;一带一路&rdquo;国际合作高峰论坛圆桌峰会联合公报》，并发表&ldquo;一带一路&rdquo;国际合作高峰论坛成果清单。</p>\r\n\r\n<p>习近平致闭幕辞，总结会议达成的5点重要共识。</p>\r\n\r\n<p>第一，致力于推动&ldquo;一带一路&rdquo;建设合作，携手应对世界经济面临的挑战。各方积极评价&ldquo;一带一路&rdquo;建设合作取得的进展，表示将继续努力，让各国政策沟通更有力，设施联通更高效，贸易更畅通，资金更融通，民心更相通。</p>\r\n\r\n<p>第二，支持加强经济政策协调和发展战略对接，努力实现协同联动发展。各方同意加强经济、金融、贸易、投资等领域宏观政策协调；支持构建开放型世界经济，推动自由贸易区建设，促进贸易和投资自由化便利化；有效对接发展战略及合作规划，优势互补，协同并进；重视创新发展，培育新产业、新业态、新模式，挖掘增长新动力。</p>\r\n\r\n<p>第三，推动各领域务实合作不断取得新成果。各方决定继续把互联互通作为重点，打造基础设施联通网络；继续积极推进经济走廊建设，推动实体经济更好更快发展；重视投资和融资合作，支持扩大相互金融市场开放，努力构建稳定、可持续、风险可控的金融保障体系。</p>\r\n\r\n<p>第四，架设各国民间交往的桥梁。各方愿探讨多层次、宽领域的人文合作，营造多元互动、百花齐放的人文交流局面；加强环境保护、应对气候变化、反腐败等领域合作，便利人员往来。</p>\r\n\r\n<p>第五，坚信&ldquo;一带一路&rdquo;建设是开放包容的发展平台，各国都是平等的参与者、贡献者、受益者。</p>\r\n\r\n<p>习近平指出，各方将坚持共商、共建、共享原则，相互尊重、民主协商、共同决策。历史总是伴随着人们追求美好生活的脚步向前发展的。回首两千多年前，我们的先辈们正是迈着这样的脚步，靠着坚韧不拔的进取精神，开辟出联通亚欧大陆的丝绸之路。今天，&ldquo;一带一路&rdquo;建设把沿线各国人民紧密联系在一起，让各国人民更好共享发展成果。我们要勇于担当，开拓进取，用实实在在的行动，推动&ldquo;一带一路&rdquo;建设合作不断取得新进展，为构建人类命运共同体注入强劲动力。</p>\r\n\r\n<p>习近平宣布，中国将于2019年举办第二届&ldquo;一带一路&rdquo;国际合作高峰论坛。</p>\r\n\r\n<p>圆桌峰会闭幕后，习近平会见中外记者，介绍&ldquo;一带一路&rdquo;国际合作高峰论坛会议情况和主要成果。习近平指出，这是国际社会围绕&ldquo;一带一路&rdquo;建设举行的一次高规格盛会。会议传递出各方合力推进&ldquo;一带一路&rdquo;建设合作、携手构建人类命运共同体的积极信号。我们希望把自身发展和世界共同发展结合起来，明确了&ldquo;一带一路&rdquo;建设合作的目标和方向。我们将传承丝绸之路精神，致力于合作共赢。我们将继续加强政策协调和发展战略对接，形成协同发展的合力。我们规划了合作路线图，确定了重点合作领域和行动路径。我们以高峰论坛为平台推进务实合作，取得一系列积极成果。</p>\r\n\r\n<p>习近平强调，推进&ldquo;一带一路&rdquo;建设，共同应对世界经济当前面临的挑战，符合我们的共同利益。我们有理由对&ldquo;一带一路&rdquo;建设前景充满信心。同时，&ldquo;一带一路&rdquo;建设是长期工程，前方的路还很长，需要各方携手合作，不断取得实实在在的成果。相信在各方共同努力下，&ldquo;一带一路&rdquo;一定能够建设成为和平之路、繁荣之路、开放之路、创新之路、文明之路。</p>\r\n\r\n<p><img alt=\"\" src=\"http://47.93.46.185:80/filee/viewPic.do?manageKey=9dcf61fd0027545694fe167feb8f2716\" style=\"height:260px; width:690px\" /></p>\r\n\r\n<p>当天中午，习近平同与会领导人和国际组织负责人以国际会议中心&ldquo;汉唐飞扬&rdquo;主建筑为背景集体合影。</p>\r\n\r\n<p>王沪宁、汪洋、栗战书、杨洁篪等参加上述活动。</p>\r\n</body>\r\n</html>\r\n', '2017-05-25 14:15:35', '8f1c0c483349d4e75926f8f464e92204', '7', '121', 'InUse', '“一带一路”国际合作高峰论坛举行圆桌峰会 习近平主持会议并致辞', '654', 'admin', '1', '2017-10-24 18:33:11');
INSERT INTO `cms_chapter` VALUES ('938', '<html>\r\n<head>\r\n	<title></title>\r\n</head>\r\n<body>\r\n<p>乡镇企业作为组成国民经济的一支重要力量，从1984年由社队企业改名到今天，已经走过三十多年。大浪淘沙，经过三十多年的发展，许多红极一时的乡镇企业已经消亡，但那些懂得适应市场，不断革新的乡镇企业却依然焕发生机，并走出了一条不一样的道路。</p>\r\n\r\n<p><img alt=\"\" src=\"http://47.93.46.185:80/filee/viewPic.do?manageKey=f66e990a1e2da60d07059d38dd8972af\" style=\"height:624px; width:690px\" /></p>\r\n\r\n<p>&nbsp;河北双虎车业配件有限公司走出了一条新的汽配革新路。河北双虎车业配件有限公司坐落于工业发达、文化底蕴深厚的河北省河间市后羊店工业园。毗邻沧保高速，交通便利。公司总占地面积46622平方米，公司规模及产销能力稳居全国同行业领先地位。</p>\r\n\r\n<p><img alt=\"\" src=\"http://47.93.46.185:80/filee/viewPic.do?manageKey=a1fb16bd63c6f059734fb0214c46aeda\" style=\"height:340px; width:690px\" /></p>\r\n\r\n<p>河北双虎车业配件有限公司是一家通过ISO国际质量体系认证及工业生产许可证，并通过中国质量万里行促进会的审核，获得会员单位称号。公司专业致力于三轮摩托车、电动三轮车及电动汽车等车型的各类制动器的研发、制造、销售于一体的现代化大型民营企业。</p>\r\n\r\n<p><img alt=\"\" src=\"http://47.93.46.185:80/filee/viewPic.do?manageKey=066de791f4068c16722aaa222a368a83\" style=\"height:388px; width:690px\" /></p>\r\n\r\n<p>公司拥有一流的专业技术研发团队，设备齐全的检测中心，拥有定速摩擦试验机、洛式硬度仪、剪切试验机、盐雾试验机、机械加码分析天平、样品烤箱，PH检测仪、硫化试验机、粘度计等产品检测设备。</p>\r\n\r\n<p>公司本着对客户负责的态度，重视质量管理。多年来，不断在全国各地吸收专业的技术人才及专业对口的大学毕业生，实现了在技术上的不断突破，产品种类及质量不断提成，由最初的摩托车制动蹄片、制动总成，发展为现在拥有的各类车型制动总成的生产技术。</p>\r\n\r\n<p><img alt=\"\" src=\"http://47.93.46.185:80/filee/viewPic.do?manageKey=247a165f81c4220f9fd3b301e19220bb\" style=\"height:350px; width:690px\" /></p>\r\n\r\n<p>在双虎品牌走入市场十几年的时间里，由于他们对自我的严格要求，对客户的认真负责，双虎的品牌已经深入人心，深得客户的青睐。双虎品牌已经牢牢夯实了在行业中的地位。</p>\r\n\r\n<p>&ldquo;客户至上，质量第一&rdquo;双虎品牌魅力无限，秉承&ldquo;高效率、高质量、高品质、低价位、真情回报消费者&rdquo;的宗旨将继续以稳健的步伐引领行业的发展。</p>\r\n</body>\r\n</html>\r\n', '2017-05-25 14:19:02', 'fc45c5773bd1d7069ab8af3502e73812', '6', '50', 'InUse', '双虎，走出一条汽配革新路', '460', 'admin', '3', null);
INSERT INTO `cms_chapter` VALUES ('939', '<html>\r\n<head>\r\n	<title></title>\r\n</head>\r\n<body>\r\n<p>空调已经成为现代人生活必不可少的东西。但如今的空调品牌已经让老百姓眼花缭乱，河北纳森空调有限公司秉承&ldquo;我们不仅控制冷暖，我们还苛求健康呼吸&rdquo;的理念来追求产品质量，打造中国优质品牌。</p>\r\n\r\n<p><img alt=\"\" src=\"http://47.93.46.185:80/filee/viewPic.do?manageKey=c6ba317a0e5b2743e04c3413a16561df\" style=\"height:516px; width:690px\" /></p>\r\n\r\n<p>纳森的空调产品主要分为三大类：工业、民居、特殊人群（小孩、老人、病人等）。纳森的智能软件可以配置到空调里，用户出门在外就可以用手机实时操作空调，在手机显示空调的运行状况。并且纳森的所有主机类产品，都有远程监控运行参数功能，可以做到远程故障排除。当空调运行参数有异常时，纳森会收到报警，提醒用户注意，不用用户等待上门维修，直接可以远程进行修复。让顾客可以远程操控室内温度，并且不用担心空调故障问题。</p>\r\n\r\n<p><img alt=\"\" src=\"http://47.93.46.185:80/filee/viewPic.do?manageKey=7cda6e9f4004f8de10517436e7dbfc93\" style=\"height:460px; width:690px\" /></p>\r\n\r\n<p>&ldquo;纳森公司只做好产品，不会降低产品质量。&rdquo;纳森中央空调以&ldquo;提供专业系统空气品质解决方案&rdquo;为宗旨，为世界各地不同需求的客户提供高品质的产品和工程服务！并且纳森已经通过中国质量万里行促进会的审核，获得会员单位的称号。</p>\r\n\r\n<p><img alt=\"\" src=\"http://47.93.46.185:80/filee/viewPic.do?manageKey=99cfbf57c66f0ae5304a71e843c88987\" style=\"height:364px; width:690px\" /></p>\r\n\r\n<p>纳森人以精益求精的工作态度以及创新的精神去精雕细琢产品的每一个细节，大到整机结构、外观设计，小到每一种用料，每一颗螺丝，工于匠心是他们对自己和对社会的承诺。</p>\r\n</body>\r\n</html>\r\n', '2017-05-25 14:24:21', 'fd8649448d53a55e7cba18a8656855bf', '7', '67', 'InUse', '纳森，中国“质”造', '466', 'admin', '3', null);
INSERT INTO `cms_chapter` VALUES ('940', '<html>\r\n<head>\r\n	<title></title>\r\n</head>\r\n<body>\r\n<p>随着经济的发展，人们生活水平的提高，作为一种天然的建筑装饰材料，大理石凭借天然色泽、优良质地、美丽纹路、良好质感等特色，以及无可比拟的优势和装饰效果，逐渐成为家庭装修的必选装饰材料。</p>\r\n\r\n<p><img alt=\"\" src=\"http://47.93.46.185:80/filee/viewPic.do?manageKey=52099e8dfce626786ec2d16de59e002a\" style=\"height:459px; width:690px\" /></p>\r\n\r\n<p>在选用大理石的时候，大多数人都会有一个疑问&ldquo;大理石有放射性吗？&rdquo;，人们在提高生活品质的同时，更注重健康，很多人还是担心大理石的放射性会对人体有危害，石材专家解释说，大理石装修对人体无放射性危害。</p>\r\n\r\n<p>梅州新佳利石材有限公司董事长钟国威为了让群众安心使用大理石，将公司的资料递交至中国质量万里行促进会，通过层层审核获得了会员单位证书，质量得到认证。</p>\r\n\r\n<p><img alt=\"\" src=\"http://47.93.46.185:80/filee/viewPic.do?manageKey=7e47e12beb2872acaa0785a625470fe7\" style=\"height:232px; width:690px\" /></p>\r\n\r\n<p>新佳利石材有限公司是一家集生产、销售、施工为一体的专业石材企业。在其成立的二十几年来，一直坚持质量第一、诚实守信的原则，已成功承接了许多重大石材工程，为满足市场需要，公司在梅州开设有大型货仓及工厂，常年储备有进口、国产各种大理石、花岗石石材，并引进世界先进石材生产设备多台(套)，为承接国内外大型装饰工程提供了坚实的货源及加工保障。公司人力资源充沛，有一批高素质的技术人员与一支过硬的装修队伍，使其能够以优质的管理、领先的设计，为顾客提供从设计、生产到安装的一条龙服务，并配以便利的运输和专业的石材养护服务。</p>\r\n\r\n<p>公司在主营各种国产、进口大理石、花岗石、文化石的同时，积极联合国内外房地产公司和装饰公司，目前业务范围延伸至广州、深圳、东莞、惠州、珠海、江门、郑州、海口、上海等国内城市。</p>\r\n\r\n<p><img alt=\"\" src=\"http://47.93.46.185:80/filee/viewPic.do?manageKey=8906d845d5cf05e9b6b328500024bef4\" style=\"height:458px; width:690px\" /></p>\r\n\r\n<p>先进的设备、严格的管理、高素质的专业队伍是为顾客提供优质服务的基础。&ldquo;诚信、创新、高效&rdquo;的新佳利石材有限公司将继续以诚信服务、客户至上为重心，以引领装饰时尚为动力，向多元化、国际化现代企业的目标前进。</p>\r\n\r\n<p>新佳利，拉近了你我的距离。</p>\r\n</body>\r\n</html>\r\n', '2017-05-25 14:28:01', '62680877f6aa1d173c8ff825443c39b3', '8', '60', 'InUse', '新佳利石材，拉近你我的距离', '599', 'admin', '3', '2017-07-20 17:18:12');
INSERT INTO `cms_chapter` VALUES ('941', '<html>\r\n<head>\r\n	<title></title>\r\n</head>\r\n<body>\r\n<p>近年来，随着电子商务的发展，各类商品为了占有更多的市场，不可避免的选择了&ldquo;价格优势&rdquo;策略，所导致的结果就是厂家要尽量的压低成本，从而获取更多的利润。在民用洗护商品领域中这种现象尤其严重，厂家把心思大多放在降低产品成本上，丧失了提高产品质量的进取心，放弃了把有致癌有毒害物从产品中彻底去除的念头，将消费者的使用安全放在了次要位置。<img alt=\"\" src=\"http://47.93.46.185:80/filee/viewPic.do?manageKey=928db6d9b5b7c73037ef1405189dcbe4\" style=\"height:518px; width:690px\" /></p>\r\n\r\n<p>长此以往，对国民身体健康定会造成不可估量的伤害。必须要研发真正纯天然绿色无致癌无毒害的洗护产品，把它送到千家万户去，这就是高印昌先生最初最朴素的设想。于是高印昌在2009年6月4日创办了河北梓熙科技有限公司。</p>\r\n\r\n<p>河北梓熙科技有限公司是一家集科学技术研发，科技成果转化推广和应用，科技产品生产及销售的科、工、贸一体的科技型企业。</p>\r\n\r\n<p><img alt=\"\" src=\"http://47.93.46.185:80/filee/viewPic.do?manageKey=b95b93e76ae797f8522672115108acc1\" style=\"height:512px; width:690px\" /></p>\r\n\r\n<p>公司创始人公司总裁高印昌先生，从事化工工程设计工作近35年，早在上世纪90年代就主持参与过一些制药厂、食品加工和民用洗护产品加工工厂的工程设计，对其中的生产工艺和其采用的原料有了深入的了解，认识到很多洗护类产品中的原料或添加剂是对人体是有毒害的物质或者是致癌物，即便是工厂有心制造出安全产品，但是却因没有行之有效的替代品而无能为力，这也成了高印昌先生挥之不去的一块心病。同时这也是老百姓担心的事情。</p>\r\n\r\n<p>经过多年探求，高印昌找到了原山西临汾亚太生物工程研究所杜庆先生，把杜庆先生历尽二十多年潜心研发科研成果引进到公司，一种新型即具有杀菌消毒防腐蚀功能，又不含致癌、毒害物质的天然原料&mdash;&mdash;乌金石精华横空出世。</p>\r\n\r\n<p><img alt=\"\" src=\"http://47.93.46.185:80/filee/viewPic.do?manageKey=cc7f7da1c19e2c95efadb21a4b7b9a63\" style=\"height:359px; width:690px\" /></p>\r\n\r\n<p>梓熙科技用乌金石精华制作的餐具洗，果蔬净和洗手液等产品具有天然抑菌无致癌无毒害等特点，获得了中国质量万里行促进会的认证，并收到了中国质量万里行促进会为企业颁发的会员单位证书，质量获得了保证，且在市场上获得好评。</p>\r\n\r\n<p>&ldquo;不忘初心报国志，真诚奉献赤子情&rdquo;是河北梓熙科技有限公司的秉承的理念，并将&ldquo;诚信、创新、激情、感恩、责任、团队&rdquo;作为企业的核心文化，并且始终奉承&ldquo;生命权能，如影随形，良心做，为健康&rdquo;的信念。</p>\r\n\r\n<p>梓熙科技将继续致力于解决国内食品安全问题，研发清洁新能源，以及生产绿色农业用有机矿物质肥料等。</p>\r\n\r\n<p>用科技见证品牌。</p>\r\n</body>\r\n</html>\r\n', '2017-05-25 14:31:33', '84f63a65cbacb441bec3f9995219843d', '9', '52', 'InUse', '用科技见证品牌', '602', 'admin', '3', '2017-07-20 17:22:43');
INSERT INTO `cms_chapter` VALUES ('942', '<html>\r\n<head>\r\n	<title></title>\r\n</head>\r\n<body>\r\n<p>最近，国家质量监督检验检疫总局组织开展了移动电源产品质量安全风险监测，结果令人心惊：采集的32个批次样品，100%有质量安全风险，其中，9个批次产品电芯重物冲击测试不合格，存在发生内部短路时起火爆炸的风险；28个批次产品输出电气性能测试不合格，存在损害被充电设备的风险；20个批次产品外壳材料可燃性测试不合格，存在无法对电芯起火进行阻燃的风险。此外，17个批次产品存在容量虚标问题。同时，我们也听到过移动电源自然、爆炸等的新闻，给人带来极大的不安。</p>\r\n\r\n<p>据了解，目前动电源并没有统一的国家标准或行业标准，市场上移动电源的价格相差悬殊，厂家用料差别大，标识不明，很多产品没有合格证、保修卡等，大量劣质电池充斥移动电源市场，存在安全隐患。</p>\r\n\r\n<p>太原市消协建议消费者在选购移动电源时，要注意以下几点：</p>\r\n\r\n<p>一是尽量选择大型商场等正规渠道购买，如官方实体店、授权经销商和电商官方旗舰店等。不要购买无品牌型号、无生产厂家、无电气参数标识、无警示说明标识的产品&ldquo;四无&rdquo;产品。</p>\r\n\r\n<p>二是要尽量购买知名大品牌电源，要观察产品做工是否精细，印刷文字是否清晰，包装说明是否清楚完备。仔细检查移动电源的外壳；在考虑外壳美观同时，要注意考虑外壳强度和耐热性。同类型外壳，容量越高，其重量应相对较重。</p>\r\n\r\n<p>三是消费者不要盲目追求大容量，可根据自己的需要充电的设备酌情选择。</p>\r\n\r\n<p>四是要索要正规发票，注意保存消费凭证。如果发现产品有质量问题，应先与经营者协商解决，或就近向当地消费者协会投诉，也可向有关部门申诉或向法院起诉，维护自身合法权益。</p>\r\n</body>\r\n</html>\r\n', '2017-05-25 14:54:15', '61a4d45fd22ec1529372e04b14975c18', '3', '53', 'InUse', '太原市消协提醒：慎选移动电源', null, 'admin', '4', '2017-07-19 15:20:35');
INSERT INTO `cms_chapter` VALUES ('943', '<html>\r\n<head>\r\n	<title></title>\r\n</head>\r\n<body>\r\n<p>近期，麦当劳、肯德基等连锁快餐店原材料供应商上海福喜食品有限公司被曝出使用过期劣质肉的事件引起了舆论哗然。这些洋快餐由于其烹饪的风味、明快的店面风格吸引的食客多为年轻一代，有些店面中的儿童游玩设施更是为年幼的儿童所喜爱。佛山市消费者委员会认为：企业销售过期肉、变质肉的违法行为，严重侵害了消费者的合法权益，对广大消费者特别是对这些未成年少年儿童的身心健康造成了极为严重的影响。为此，提醒广大消费者注意以下问题：</p>\r\n\r\n<p>第一、消费者不要盲目追求洋快餐。很多消费者会认为知名品牌、驰名商标就是食品质量的最佳保证，消费者盲目地追求洋快餐，造成了这些国际知名品牌，滥用消费者的信任，忽视了食品安全的质量问题，最终受害的是消费者。</p>\r\n\r\n<p>第二、未成年儿童应尽量远离洋快餐。洋快餐食物多为油炸食品，所含热量、脂肪都较高。相当部分消费群体为身体发育成长中的少年儿童，发育过程中需要大量均衡营养，洋快餐的配餐从营养学角度并不利于儿童的健康成长。家长要给予孩子指引，让孩子正确认识洋快餐，从小培养均衡饮食的习惯，理性消费。</p>\r\n\r\n<p>第三、未成年儿童要在家长的指引下食用洋快餐。由于未成年儿童对食物的口味、健康和安全等常识并无太多概念，加上孩子的自我抑制能力不强，面对口感香味浓郁的洋快餐，孩子们根本无法分辨食物是否存在质量问题，所以，在食用洋快餐前家长要确保食物安全的情况下才允许孩子食用。</p>\r\n\r\n<p>第四、要索取有效的消费凭证。很多消费者因为喜欢方便快捷而没有索取发票或消费凭证的习惯。有效的消费凭证是消费维权举证的关键，消费者一旦遭遇餐饮消费纠纷，要注意保存证据及相关实物，及时向当地消委会投诉，以有效地保障自己的合法权益。</p>\r\n\r\n<p>（黄玮晶　孔思敏）</p>\r\n\r\n<p>&nbsp;&nbsp;佛山市消委会律师顾问团杜鸣欣律师点评：</p>\r\n\r\n<p>《消费者权益保护法》第十八条规定：&ldquo;经营者应当保证其提供的商品或者服务符合保障人身、财产安全的要求&rdquo;。 麦当劳、肯德基等作为经营快餐的连锁店，应建立并执行严格的进货检查验收制度，确保肉类及其他原材料的质量，并进而保证提供给消费者的快餐符合质量要求。否则，如果消费者因食用麦当劳、肯德基等提供的以过期肉、变质肉为原料的快餐而得病，造成人身伤害的，消费者有权要求有关快餐连锁店予以赔偿，包括医疗费、护理费、交通费等为治疗和康复支出的合理费用，以及因误工减少的收入等。</p>\r\n\r\n<p>同时，根据《消费者权益保护法》第三十三条、《食品安全法》第八十五条等有关规定，对于销售食品的经营者（包括但不限于麦当劳、肯德基），有关行政部门应在各自的职责范围内依法切实加强监管，保障食品的安全及消费者的健康，包括定期或者不定期对经营者提供的食品进行抽查检验，及时向社会公布抽查检验结果；在发现并认定经营者提供的食品存在缺陷有危及人身安全危险时，应当立即责令经营者采取停止销售、警示、召回、无害化处理、销毁、停止生产或者服务等措施；对违法经营者处以罚款或吊销许可证等。</p>\r\n</body>\r\n</html>\r\n', '2017-05-25 14:55:02', '88f41125ea6f22d695ebdd477a6cf9b0', '28', '55', 'InUse', '佛山市消委会消费警示：不要盲目追求洋快餐', null, 'admin', '4', '2017-08-04 16:47:13');
INSERT INTO `cms_chapter` VALUES ('944', '<html>\r\n<head>\r\n	<title></title>\r\n</head>\r\n<body>\r\n<p>又到一年开学季，大中小学的学生都回到学校，开始一年新的校园生活。针对青少年自我保护意识弱，法律意识不强的特点，成都市消协温馨提示青少年消费者应该注意以下几个方面：</p>\r\n\r\n<p>一、青少年应该遵循国家倡导的&ldquo;文明、健康、节约资源和保护环境的消费方式，反对浪费&rdquo;，从小树立正确的消费观念，自觉摒弃不良消费习惯，拒绝到校园周边的流动摊贩、黑网吧等违法经营者处消费。</p>\r\n\r\n<p>二、网络购物已成为新兴的消费方式，其便捷、高效的特点也受到青少年的喜爱。今年3月15日，新修订的《中华人民共和国消费者权益保护法》正式实施，新《消法》修订的亮点之一就是消费者在通过网络、电视、电话、邮购等方式购买商品后，消费者有权自收到商品之日起七日内退货，且无需说明理由（个别特殊商品除外）。此外，新《消法》还规定，经营者提供商品或者服务有欺诈行为的，应当按照消费者的要求增加赔偿其受到的损失，增加赔偿的金额为消费者购买商品的价款或者接受服务的费用的三倍；增加赔偿的金额不足五百元的，为五百元。这一规定大大增加了经营者的违法成本，为消费者维护自身的合法权益提供了有力的法律保障。</p>\r\n\r\n<p>希望广大青少年消费者积极学习新《消法》等法律法规，努力掌握所需商品或者服务的知识和使用技能，正确使用商品，提高自我保护意识。如遇消费纠纷后，协商无法达成一致，可向相关职能部门或消费者协会投诉，理性维权。</p>\r\n\r\n<p>三、成都市消费者协会呼吁社会各经营者要恪守社会公德，诚信经营，自觉维护消费者的合法权益；各相关职能部门应加强对大中小学校周边各营业场所的监管，坚决查处取缔无照违法经营行为，净化校园周边环境，为大中小学师生营造安心学习、放心消费的生活学习环境。全市各级消费者协会也将加大消费教育宣传力度，充分运用平面媒体、网络媒体、社区宣传栏、校园宣传栏等载体加强宣传，引导全社会形成合法经营、诚信经营、科学消费的氛围。</p>\r\n</body>\r\n</html>\r\n', '2017-05-25 14:55:48', '34203fcd535e1c83f2c9e84f0442d51f', '3', '52', 'InUse', '成都市消协提醒：青少年消费环境有待改善', null, 'admin', '4', null);
INSERT INTO `cms_chapter` VALUES ('945', '<html>\r\n<head>\r\n	<title></title>\r\n</head>\r\n<body>\r\n<p>进入夏季，到了游泳消费的高峰时节，游泳不仅能够消暑纳凉，还能改善人体心肺功能，增强人体免疫力，当今已成为一项时尚健身运动。而对于不会游泳的人来说戴上游泳圈，同样有机会一享水中的清凉。然而，你使用的游泳圈是否存在安全隐患？为此，荆州市消消费者委员会提醒广大消费者正确选择和使用游泳圈。</p>\r\n\r\n<p>一、游泳圈是一种水上充气类玩具，不是救生圈。与救生圈相比，游泳圈容易破损漏气，抗压能力很差，塑料表面遇水湿滑，较难抓握。游泳圈可以在水上休闲运动中起到一定的辅助或保护作用，但如果到深水区则有一定危险，切记勿将其当做救生设备使用。孩子在使用游泳圈的过程中，家长应当陪同；游泳圈使用后要擦干放好，否则容易变质损坏影响下次使用。</p>\r\n\r\n<p>二、游泳圈是有保质期的。正常情况下一般游泳圈的安全使用年限是两到三年，超过了这个期限的游泳圈就算没有破损也不能使用。</p>\r\n\r\n<p>三、给游泳圈充气不是越多越好。正确的使用游泳圈才能保障您的人身安全。在使用时要注意检查游泳圈气密性是否完好。充气式游泳圈充气不足时要及时充气，当然充气也不是越多越好，应当给圈内空气留出流动的空间，充气以80%为宜，天气炎热时更应注意这一点。如发现游泳圈漏气时要及时更换。</p>\r\n\r\n<p>四、选择游泳圈要多看。先要看是否有3C认证标志，是否注明中文厂名、中文厂址、电话、许可证号、生产日期、中文产品说明书等，否则均视为不合格产品，不要购买。其次在选购时，应当选择适合自己体形大小的游泳圈，游泳圈过大人容易从中间漏下去，用手摸一摸游泳圈接缝处是否平滑，尽量购买材质较厚、多气囊设计、色彩鲜艳，颜色与水面形成鲜明对比的游泳圈。</p>\r\n</body>\r\n</html>\r\n', '2017-05-25 14:56:27', '42599da6e3413eab1489dfd5c708c881', '4', '52', 'InUse', '湖北省荆州市消委消费提醒：正确选择和使用游泳圈', null, 'admin', '4', null);
INSERT INTO `cms_chapter` VALUES ('946', '<html>\r\n<head>\r\n	<title></title>\r\n</head>\r\n<body>\r\n<p>新民网讯 据《劳动报》报道，台湾地区发生&ldquo;问题油&rdquo;事件后，上海食药监局高度重视。截至昨日，上海食药监局已出动500多名执法人员开展全市核查，共发现并下架问题食品约8700件（袋）。不过，记者昨日在淘宝网搜索发现，味全已在台湾地区公告涉事的猪肉酥、辣味肉酱等产品仍然在售。</p>\r\n\r\n<p>昨天，上海食药监局透露，已通知相关企业自查，根据相关媒体报道和质检部门公布的问题食品予以下架。j截至目前，该局出动500多名执法人员开展全市核查，一共发现并下架问题食品约8700件（袋）。食药监部门要求相关企业切实履行食品安全责任，如销售涉及台湾食品必须提供合格证明，违者将依法承担法律责任。</p>\r\n\r\n<p>不过，据记者搜索了解，目前淘宝有售相关涉事产品，1号店、京东等均无产品记录。而在淘宝网上，相关涉事产品在淘宝上基本有售，并且出售数量不在少数。</p>\r\n\r\n<p>在淘宝首页搜索&ldquo;台湾味全猪肉酥&rdquo;，仍然可以找到16件商品，主要有橙色、金色两种不同包装的肉松产品，净含量均为250克，其中橙色装还被标识为&ldquo;儿童可食&rdquo;。而搜索&ldquo;台湾味全肉酱&rdquo;，共能找到192件商品，其中包括素肉酱、辣肉酱、瓜仔肉酱等五六个不同口味，价格在8元至13元不等。记者浏览几页发现，从最近付款的页面来看，这几款食品的购买量并不大，销量最好的一家显示发货地在福建的淘宝店，三天内也仅卖出2罐。</p>\r\n\r\n<p>记者以购买者身份向店主咨询该款肉酱的销售情况，该店主表示其专业从事进口食品代购，店内主要销售饼干、牛肉干、巧克力等食品。味全肉酱销量一直平平，也没有买家在食用后有过投诉情况。</p>\r\n\r\n<p>当记者问及是否已听说台湾&ldquo;地沟油&rdquo;事件时，该店主表示并不知情，由于店内所售商品均为代购，并非代理，因此对此事并不知情。&ldquo;现在还不会下架，到时候看情况。&rdquo;该店主这样向记者表示。</p>\r\n\r\n<p>(新民网)</p>\r\n</body>\r\n</html>\r\n', '2017-05-25 14:57:04', 'dc43babb618a45cb2f98333a563f8193', '5', '55', 'InUse', '上海下架台湾“问题油”食品 淘宝仍然在售', null, 'admin', '4', null);
INSERT INTO `cms_chapter` VALUES ('947', '<html>\r\n<head>\r\n	<title></title>\r\n</head>\r\n<body>\r\n<p>日前，一则关于多名律师针对市场上转基因食用油普遍存在标识不清的问题，向全国多个法院提起诉讼，要求确认商家&ldquo;欺诈&rdquo;的消息引发公众关注。此事&ldquo;牵头人&rdquo;&mdash;&mdash;&mdash;云南同润律师事务所专职律师许思龙告诉《经济参考报(微博)》记者，该活动响应者共87个人，其中有71名律师，部分律师已在全国各地提起民事诉讼，目前已有9件立案，。</p>\r\n\r\n<p>&ldquo;非转基因&rdquo;高调&ldquo;转基因&rdquo;羞答答</p>\r\n\r\n<p>&ldquo;现在很多食用油都用大字号或超大字号标识原料为非转基因，一些使用转基因原料的食用油，转基因几个字却是小小的、密密麻麻的和配料、生产日期等信息排列在一起，不留意的话，消费者很容易忽略。&rdquo;这就是许思龙最初发起倡议和诉讼的原因。</p>\r\n\r\n<p>正如许思龙所言，记者走访市场发现，食品企业在宣传食用油产品原料为&ldquo;非转基因&rdquo;时相对高调，多个品牌的花生油、玉米油、葵花籽油等都在标签中部位置用大字号标示&ldquo;非转基因&rdquo;。相比之下，原料中含转基因成分的产品在字体上就显得有些&ldquo;羞答答&rdquo;了，只在配料表中用小字注明了&ldquo;转基因大豆&rdquo;，不注意看的话很容易忽略或误认。</p>\r\n\r\n<p>对此，中国社科院经济社会发展研究中心研究员侯为民在接受《经济参考报》记者采访时表示，这其实是一种以利益为转移的现象，有部分消费者是拒绝购买转基因食用油的，特别是在大城市的消费者，由于消费群体存在差异，为了最大化利益，必然会有打擦边球的现象。</p>\r\n\r\n<p>侯为民同时说，市场上一般含转基因原料的食用油产品价格会比不含转基因原料的食用油低，也不排除一些商家有侥幸心理，希望消费者在购买时忽略不明显的转基因字体，凭借更为便宜的价格赢得市场。</p>\r\n\r\n<p>食用油企业回应：符合国标</p>\r\n\r\n<p>实际上，包括农业部、质检总局等多个部委都曾针对转基因食品的标识问题发布过相关规定，要求产品包装上要有明显醒目的转基因标识。</p>\r\n\r\n<p>国务院《农业转基因生物安全管理条例》第二十八条规定，在中华人民共和国境内销售列入农业转基因生物目录的农业转基因生物，应当有明显的标识。国家质检总局《食品标识管理规定》第十六条规定，属于转基因食品或者含法定转基因原料的，应当在其标识上标注中文说明。农业部《农业转基因生物安全标识管理办法》第七条规定，农业转基因生物标识应当醒目，并和产品的包装、标签同时设计和印制。</p>\r\n\r\n<p>此外，2007年8月1日起实施的国标：农业部869号公告-1-2007《农业转基因生物标签的标识》细化了农业转基因生物标识的位置、标注方法、文字规格和颜色等要求。</p>\r\n\r\n<p>根据国标，当转基因产品包装的最大表面积大于或等于10平方厘米时，文字的高度不得小于1.8毫米，也不得小于产品标签中其他最小强制性标示的文字；当包装的最大表面积小于10平方厘米时，文字规格不小于产品标签中其他最小强制性标示的文字。</p>\r\n\r\n<p>而对于各地律师突如其来的发难，食用油企业并没有选择沉默，金龙鱼就在第一时间以国标为基础进行了回应。</p>\r\n\r\n<p>金龙鱼称，公司采用转基因原料生产的产品，其产品标识符合我国农业部制定的国家标准《农业转基因生物标签的标识》的要求，该标准明确规定了转基因标识的位置及字体大小等内容，关于标识位置，该标准要求转基因标识应当放在紧邻产品配料表的位置；关于字体，该标准要求字体高度不小于1.8毫米。公司产品的标识只能并且已经完全按照前述要求进行标注，不存在标识不清的问题。</p>\r\n\r\n<p>金龙鱼方面相关负责人在接受有关媒体采访时还称，金龙鱼转基因调和油是经过相关部门审批后合格的，如果法院立案，会积极应诉。</p>\r\n\r\n<p>&ldquo;符合国标不意味着就合法了。&rdquo;许思龙直言，1.8毫米高度的字体实在太小，甚至都打印不出来，目前国标还达不到相关法律法规所提出的的要求。在这种情况下，法律法规的效力要大于标准，生产商不单要遵守标准，更要遵守国家的法律法规。</p>\r\n\r\n<p>有侵犯消费者知情权之嫌</p>\r\n\r\n<p>那到底多大的字体才能算得上是&ldquo;明显&rdquo;和&ldquo;醒目&rdquo;？许思龙认为，至少要把转基因标识的大小放到和非转基因产品标识的大小一致，才能算过关。而侯为民则表示，字号至少应该在一寸(3.3厘米)以上，还须考虑包装整体的大小。</p>\r\n\r\n<p>侯为民表示，目前对转基因产品的市场监管还没有上升到一定高度，所以商家的标识意识并不强。这种擦边球现象的核心是侵犯了消费者的知情权，如果这项权利得不到保障，市场的有序发展也就得不到保障。</p>\r\n\r\n<p>许思龙强调，基于国标还存在提升空间，希望能够通过诉讼引起相关方面重视，保护消费者的知情权，进而推动国标修订。</p>\r\n\r\n<p>短评：如此市场环境下，消费者还是自己有双慧眼更实用。</p>\r\n</body>\r\n</html>\r\n', '2017-05-25 14:57:51', 'ec88cc56558beb73989091028bfe6bc8', '6', '38', 'InUse', '金龙鱼等转基因食用油标识不清 71名律师提诉讼', null, 'admin', '4', null);
INSERT INTO `cms_chapter` VALUES ('948', '<html>\r\n<head>\r\n	<title></title>\r\n</head>\r\n<body>\r\n<p>鲁网财经9月9日讯(记者 孔秀)国家食品药品监督管理总局日前发布了关于2014年第一阶段食品安全监督抽检信息公告，监督抽检涉及20类食品和食品添加剂，其中山东龙大肉食品股份有限公司等多家企业产品抽检不合格。</p>\r\n\r\n<p>公告显示，本次监督抽检涉及粮食及其制品、食用油和油脂及其制品、肉及肉制品等20类食品和食品添加剂，覆盖全国4996家企业，抽检样品共计8429批次。其中，14类食品被抽检出不合格。</p>\r\n\r\n<p>在肉及肉制品抽检结果中，山东龙大肉食品股份有限公司因菌群总数不合格。公告显示，龙大肉食生产的秘制跑山鸡(500g/袋，2014-5-24生产)在抽检中发现菌落总数(84000 CFU/)和大肠菌群(430 MPN/100g)不合格，抽样产品来自于山东家家悦集团有限公司威海中心店。</p>\r\n\r\n<p>肉及肉制品抽检主要包括熏烧烤肉制品，熏煮香肠与火腿制品，速冻调制肉制品，酱卤肉制品、熟肉干制品，腌腊肉制品，畜禽内脏和畜禽肉等7类食品。抽检项目包括肉及肉制品中镉、山梨酸、亚硝酸盐、苯甲酸、诱惑红、菌落总数等38个指标。共抽检肉及肉制品样品1255批次，覆盖28个生产省份的518家企业。</p>\r\n\r\n<p>目前，国家食药监局已责成相关省、自治区、直辖市食品药品监管部门按照有关法律法规的规定，对本次食品国家监督抽检中的不合格产品及其生产经营企业依法处理。</p>\r\n\r\n<p>龙大肉食是专业从事肉食品加工的大型企业，集种猪繁育、饲料生产、生猪养殖、屠宰分割、熟食加工于一体，公司股票今年6月在深交所挂牌上市。此次抽样产品来源单位山东家家悦集团有限公司一直为龙大肉食前五大客户，是龙大肉食长期稳定的销售渠道。</p>\r\n\r\n<p>(鲁网)</p>\r\n</body>\r\n</html>\r\n', '2017-05-25 14:58:21', 'c3f714b5349e4cdfa883a40aaeea8f9c', '7', '40', 'InUse', '国家食药监局通报抽检结果 龙大肉食等不合格', null, 'admin', '4', null);
INSERT INTO `cms_chapter` VALUES ('949', '<html>\r\n<head>\r\n	<title></title>\r\n</head>\r\n<body>\r\n<p>新华网北京9月14日电 （记者 关桂峰）网购食品、内衣能退吗？商品没使用但是拆了包装能退吗？</p>\r\n\r\n<p>我国网购人数已超过3亿人。新实施的消费者权益保护法明确规定，消费者网购拥有&ldquo;七日无理由退货&rdquo;权利。但在实际执行过程中，网购&ldquo;七日无理由退货&rdquo;规定只是&ldquo;看上去很美&rdquo;。</p>\r\n\r\n<p>借口&ldquo;特殊商品&rdquo;拒绝退货</p>\r\n\r\n<p>&ldquo;消法&lsquo;七天无理由退货&rsquo;规定实施以来，我们收到了大量消费者的投诉。&rdquo;北京市消协称，一些电商借口&ldquo;特殊商品&rdquo;，将一些可以无理由退货的商品排除在外。</p>\r\n\r\n<p>按照新的消费者权益保护法规定，除了消费者定制的、鲜活易腐的、在线下载或者消费者拆封的音像制品、计算机软件等数字化商品以及交付的报纸、期刊外，其余的都是应该&ldquo;七日无理由退货&rdquo;的，要求是&ldquo;商品完好&rdquo;。</p>\r\n\r\n<p>怎么才算是&ldquo;商品完好&rdquo;？各方对&ldquo;七日无理由退货&rdquo;的适用范围和具体执行标准存在不同理解，执行起来争议很大。</p>\r\n\r\n<p>据中国消费者权益保护法学研究会等单位委托进行的一次网络购物问卷调查，七成受访者表示&ldquo;七日无理由退货&rdquo;遇到过障碍，八成受访者表示网站制定不公平格式条款设置退货门槛，四成受访者认为&ldquo;商品完好&rdquo;和&ldquo;不影响二次销售&rdquo;最容易引起&ldquo;七日无理由退货&rdquo;争议。</p>\r\n\r\n<p>记者调查发现，不少消费者遇到过商家借口化妆品、衣服、食品等为&ldquo;特殊商品&rdquo;，不予退货。如京东商城规定，钻石、黄金、手表、珠宝首饰及个人配饰类商品，食品、保健品、个人护理用品、贴身用品、化妆品、虚拟商品等不支持七天无理由退货。&ldquo;麦包包&rdquo;则规定，特价商品如无质量问题，不支持退换货。乐蜂网还规定，清仓专区中销售的包装破损商品、临近有效期商品、清仓甩货商品，不予退换货等。</p>\r\n\r\n<p>除了将更多商品列入不适用无理由退货范围，还有的电商企业对所访&ldquo;特殊商品&rdquo;作出&ldquo;一旦签收，不予退货&rdquo;的规定。</p>\r\n\r\n<p>制定霸王条款，抬高退货门槛</p>\r\n\r\n<p>北京市消协有关人士认为，为了限制消费者&ldquo;七日无理由退货&rdquo;，一些商家想方设法抬高退货门槛。</p>\r\n\r\n<p>&ldquo;一方面是将退货标准定得很苛刻。对于如何认定&lsquo;商品完好&rsquo;及&lsquo;不影响二次销售&rsquo;，大多购物网站的表述比较笼统或含糊不清，随意扩大不适用&lsquo;七日无理由退货&rsquo;的商品范围。&rdquo;中国消费者协会律师团团长邱宝昌说。</p>\r\n\r\n<p>记者发现在淘宝网上，一些商家在页面中表示，实物与网上照片有差异，不影响使用，消费者不能要求退换货；由于货运原因导致商品发生问题或无法使用，经营者不负责；还有的电子产品商家约定商品有瑕疵时，只能要求修理或更换，而不能退货或折损；甚至还有的约定快递一经签收，卖方概不负责等。</p>\r\n\r\n<p>另一方面是设置退货附加条件，有的电商企业要求消费者退货前必须激活&ldquo;财付通&rdquo;或其他收款方式，有的要求退货前必须先填好评等。</p>\r\n\r\n<p>消费者孙女士8月初在淘宝网购买了一个158元的女士提包，收到后感觉包颜色不正，皮质粗糙，就申请退货，没想到卖家的答复是：退货没有问题，但必须先在其网店对该商品填写好评。</p>\r\n\r\n<p>&ldquo;可是我填写完好评后，卖家还是拒绝了退货申请。我特别生气，就向淘宝网投诉要求退款。&rdquo;孙女士说，但是目前仍没有收到退款。</p>\r\n\r\n<p>此外，第三方网络交易平台也没有完全尽到管理责任。记者调查发现，不少第三方平台只明示了经营者名称、地址和联系方式中一项或两项，有的只公布了网店名称和QQ号码，没有其他有效信息，不方便联系和查证。</p>\r\n\r\n<p>消保法规如何落到实处？</p>\r\n\r\n<p>消费者不满&ldquo;特殊商品&rdquo;被拒退，然而，电商也在叫苦：有些人甚至利用这一规则钻法律漏洞来&ldquo;恶意消费&rdquo;，将商品更换为假货，或部分正品配件更换为假冒配件，随后进行退货，再将正品或正品配件出售牟取不法收益。</p>\r\n\r\n<p>国家工商总局近日下发通知，要求各地工商部门指导电商企业通过细化制度、完善程序等有效举措，将&ldquo;七日无理由退货&rdquo;规定落到实处。</p>\r\n\r\n<p>邱宝昌等律师认为，当前应该细化退货制度，明确什么样的能退，完善退货的程序，第三方网络交易平台应该监督规范网店落实责任。</p>\r\n\r\n<p>记者采访淘宝网的多个商家，他们说，退货后的商品绝大部分将重新回到市场，为了保障此后的消费者权益，应该将&ldquo;商品完好&rdquo;明确为&ldquo;不污不损且不影响再次销售&rdquo;。</p>\r\n\r\n<p>北京市消协提醒消费者应多留心网络平台的条款，其中往往暗藏&ldquo;猫腻&rdquo;，有的故意用细小的文字书写，或在文字表述上模糊、晦涩；有的将本来可在主页规定的条款故意置于其他网页，不加以说明；还有的设置点击链接，使消费者容易忽略等。</p>\r\n\r\n<p>（关桂峰）</p>\r\n</body>\r\n</html>\r\n', '2017-05-25 15:01:40', '9b61c16917641df71b5253fd75b29ebd', '8', '37', 'InUse', '网购“七日无理由退货”遇商家多重阻拦', null, 'admin', '4', null);
INSERT INTO `cms_chapter` VALUES ('950', '<html>\r\n<head>\r\n	<title></title>\r\n</head>\r\n<body>\r\n<p>为贯彻落实好中央农村工作会议精神，保障强农惠农富农政策的有效实施，根据省质监局的安排部署，近日，云南玉溪市质监局结合&ldquo;质检利剑&rdquo;化肥打假行动，打响了春季农资打假战役。</p>\r\n\r\n<p>一是突出重点区域，深入开展执法检查。根据本市实际，以化肥、磷肥为重点，从原料进厂环节、投料配料环节、烘干成型环节、检验环节四个环节入手，对全市的农资生产企业逐一进行了执法检查。并会同工商、农业等部门，针对春耕农忙季节热销的农药、化肥进行重点检查，对农资产品的包装、标识标注、进货发票及进货渠道进行认真检查，严格把关，有效杜绝了伪劣产品进入田间地头。二是进一步开展&ldquo;农资打假下乡&rdquo;行动。截止目前，全市质监系统共下乡47次，入户98户，抽样41个。组织宣传活动8次，发放宣传资料3120份，接受群众咨询282人次，通过媒体宣传报道2次。三是多措并举，预防坑农害农事件的发生。红塔质监分局组织12家生产、销售企业召开了农资打假工作座谈会，强调农资打假工作的重要性，要求企业切实负起责任，注重产品质量；易门县质监局深入12户农户家中进行调查了解，重点对化肥质量鉴别、如何识别假种子、识别伪劣农机等知识技巧进行了宣传，公布了质量监管部门的打假投诉电话&ldquo;12365&rdquo;。此次专项行动，玉溪市质监共出动执法人员331人次，查办农资案件3起，为农民挽回直接经济损失6.23万元。</p>\r\n\r\n<p>下一步，随着春耕生产的大面积开展，玉溪市质监局将以春、秋等农忙季节为重点整治阶段，继续深入开展农资专项打假战役，严厉打击假劣农资坑农害农违法行为。</p>\r\n\r\n<p>（云南省质量技术监督局）</p>\r\n</body>\r\n</html>\r\n', '2017-05-25 15:02:17', 'db348490b0a9a0eeef075e74331803e8', '9', '40', 'InUse', '云南玉溪市质监局打响春季农资专项执法打假战役', null, 'admin', '4', null);
INSERT INTO `cms_chapter` VALUES ('951', '<html>\r\n<head>\r\n	<title></title>\r\n</head>\r\n<body>\r\n<p>质检总局昨天公布新一轮进口不合格食品、化妆品信息，共有424批食品、4批化妆品上榜。其中，沃尔玛进口的海苔菌落总数超标，&ldquo;中粮我买网&rdquo;进口的红茶稀土超标，&ldquo;无印良品&rdquo;多批次进口食品超出保质期。</p>\r\n\r\n<p>不合格食品涉及19类，主要是糕点饼干类、饮料类和调味品类，来自35个国家或地区，品质不合格、食品添加剂超标和微生物污染等项目为主要原因。其中，沃尔玛中国公司从韩国进口的一批松一海苔，菌落总数超标;中粮我买网有限公司从英国进口的川宁传统午后红茶、川宁豪门伯爵红茶、川宁柠檬味伯爵红茶、川宁仕女伯爵红茶稀土元素超标;无印良品(上海)商业有限公司从日本进口的爆米花、甜薯脆条、椰子味糖饼、汤用面包丁等14批食品，有的超出保质期、有的未提供有关证明材料，还有的标签不合格;美心(香港)有限公司的美心金腿五仁月饼，菌落总数超标;英国的吉百利迷你巧克力条，超过保质期;韩国乐天制果株式会社的乐天菠萝夹心饼干，超范围添加抗氧化剂(维生素E);西班牙的美家全脂纯牛奶，酸度超标;美国好时草莓调味牛奶、好时白巧克力调味牛奶，超范围添加甜菊糖苷、诱惑红等。</p>\r\n\r\n<p>化妆品中，非凡美化妆品有限公司从韩国进口的非凡美清透防晒霜SPF30++PA++，货证不符;意大利艾婕芙专业美容化妆品集团的RVB净采海藻体膜2500克，铅超标;中免集团三亚市内免税店从韩国进口的雪花秀顺行柔和洁颜泡沫，霉菌和酵母菌超标;海南省免税品有限公司从法国进口的贝玲妃遮瑕膏已过保质期。</p>\r\n\r\n<p>(新华网)</p>\r\n</body>\r\n</html>\r\n', '2017-05-25 15:03:25', '05b33e95d7c869ac44ece51a994691d8', '10', '34', 'InUse', '沃尔玛海苔菌落总数超标 中粮我买网红茶稀土超标', null, 'admin', '4', null);
INSERT INTO `cms_chapter` VALUES ('952', '<html>\r\n<head>\r\n	<title></title>\r\n</head>\r\n<body>\r\n<p>不管&ldquo;立邦&rdquo;还是&ldquo;优力帮&rdquo;，全是一样的配方制成。6月9日，湖北省武汉市质监局在武汉江岸区塔子湖突击查处了一家涉嫌多个知名品牌制假的涂料厂家，查扣问题涂料、白乳胶等成品1211桶，规模为8年来最大。&nbsp;</p>\r\n\r\n<p>9日上午，根据举报，武汉市质监局稽查局执法人员会同武汉市公安局经侦支队一行8人组成的检查小组，对隐匿于江岸区塔子湖的一家化工厂进行了执法检查，执法人员在该厂内发现涉嫌冒用多个商品生产企业名称、地址等质量问题的涂料、白乳胶等产品。&nbsp;</p>\r\n\r\n<p>这家名为武汉市江岸区宏成精细化工厂的厂子位于江岸区芦家墩96号，是地处塔子湖西路内较为偏僻的地段。走进厂房，一股刺鼻的气味扑面而来，记者在现场看到，厂房占地面积过千平方米，堆放着各种生产涂料的原材料，一个超过1立方米的大缸内盛满了加工好的涂料，一旁则摆放着准备灌入的众多品牌空包装桶，其中不乏立邦、优力帮和狮子山、福汉和汉港等知名品牌。&nbsp;</p>\r\n\r\n<p>更令人触目惊心的是，厂房内有5个高3米、直径约为1.2米的蒸汽锅炉，锅炉锈迹斑斑，仅靠几台风扇降温。据执法人员介绍，这些锅炉均没有年检标志，安全隐患极大。&nbsp;</p>\r\n\r\n<p>在另一个厂房里，记者看到一位鲁姓工人还在用搅拌桶制作&ldquo;立邦&rdquo;涂料，据了解，鲁师傅在该厂工作了半年时间，称自己是&ldquo;配方师&rdquo;。他还告诉记者，&ldquo;厂里生产10余种品牌的涂料或白乳胶，其实配方都是一样的，只不过高档些的就用好点的原材料，低档的就用次的。&rdquo;&nbsp;</p>\r\n\r\n<p>记者了解到，一吨相同的涂料原品，装进不同品牌的包装桶，其利润就会从数百元到数千元不等。&nbsp;</p>\r\n\r\n<p>现场查获的&ldquo;立邦&rdquo;&ldquo;优力帮&rdquo;&ldquo;汉港&rdquo;&ldquo;狮子山&rdquo;4个知名品牌产品，宏成精细化工厂却无法提供生产以上产品的委托手续。现场一位不愿透露姓名的品牌涂料厂家打假专员向记者介绍，对宏成精细化工厂冒用自家品牌生产的行为已经暗访过多次，宏成经常会不定期地用一辆依维柯客车将假冒涂料运送到武汉各大建材市场中鱼目混珠销售，严重侵犯了消费者的合法权益。&nbsp;</p>\r\n\r\n<p>武汉市质监局稽查局副局长周建祥表示，上述产品涉嫌冒用商品生产企业名称、地址等质量问题，其规模为武汉市8年来最大。依据《武汉市禁止生产和销售假冒伪劣商品条例》第24条的规定，对涉案产品予以扣押。</p>\r\n</body>\r\n</html>\r\n', '2017-06-15 09:50:02', 'e9d8fb125d8061a14f266a63d83b9fdb', '29', '44', 'InUse', '湖北武汉查获八年来最大涂料制假案 查扣问题涂料白乳胶等成品1211桶', null, 'admin', '4', '2017-08-04 16:47:26');
INSERT INTO `cms_chapter` VALUES ('953', '<html>\r\n<head>\r\n	<title></title>\r\n</head>\r\n<body>\r\n<p>&nbsp;&nbsp;&nbsp; 最近，特斯拉、自由人等品牌因事故率高而品牌声誉受到一定影响，而奥迪A7/A8因排放超标，不得不召回2.4万辆产品，三菱因欧蓝德变速箱故障，再次备案了召回计划。这些品牌的&ldquo;烦恼&rdquo;，如同晴雨表，测试出车界的风云变化。&nbsp;&nbsp;</p>\r\n\r\n<p>&nbsp;&nbsp;&nbsp; 特斯拉事故率高于同级车&nbsp;&nbsp;</p>\r\n\r\n<p>&nbsp;&nbsp;&nbsp; 据美国《汽车新闻》报道，美国公路损失数据协会(HLDI)对特斯拉2014年、2015年和2016年款车型做出评估，美国汽车协会(AAA)经分析得出结论，特斯拉汽车比同类车型的事故率更高，而且维修费用也要高得多。&nbsp;&nbsp;</p>\r\n\r\n<p>&nbsp;&nbsp;&nbsp; 这份报告显示，后轮驱动的Model S事故率高出平均水平46%，维修费用也比行业平均水平高出50%以上。而Model X的事故率和维修费用则分别超出平均水平的41%和89%。因此，由美国汽车协会投保的特斯拉车主将很快面临保险费率上涨30%的现实。&nbsp;&nbsp;</p>\r\n\r\n<p>&nbsp;&nbsp;&nbsp; 特斯拉并不赞成美国汽车协会的决定，重申表示，Model S是市场上最安全的车型之一，并批评了保险公司分析HLDI数据的方式。&nbsp;&nbsp;</p>\r\n\r\n<p>&nbsp;&nbsp;&nbsp; 该公司在一份发给《汽车新闻》的电子邮件中说：&ldquo;这种分析存在严重缺陷，并不能反映现实。除此之外，它将Model S和Model X与非同级车型，如沃尔沃旅行车进行比较。&rdquo;&nbsp;&nbsp;</p>\r\n\r\n<p>&nbsp;&nbsp;&nbsp; 事实上，特斯拉属于大型豪华车型，这意味着它应与梅赛德斯-奔驰E级、宝马5系和沃尔沃XC70等归为同类车型。&nbsp;&nbsp;</p>\r\n\r\n<p>&nbsp;&nbsp;&nbsp; 自由人安全气囊故障受调查&nbsp;&nbsp;</p>\r\n\r\n<p>&nbsp;&nbsp;&nbsp; 据美国底特律新闻近日报道，美国政府正在对Jeep自由人SUV中安全气囊控制计算机故障的投诉展开调查，故障导致车辆遇到碰撞时，安全气囊无法正常打开。&nbsp;&nbsp;</p>\r\n\r\n<p>&nbsp;&nbsp;&nbsp; 此次调查涉及10.5万辆2012年款Jeep自由人。美国国家公路交通安全管理局(NHTSA)当日公布的文件显示，已经收到44起对控制计算机的投诉。控制计算机的作用是可以发现车辆碰撞的危险，并且控制安全气囊。文件中没有关于人员受伤的报道。&nbsp;&nbsp;</p>\r\n\r\n<p>&nbsp;&nbsp;&nbsp; 菲亚特克莱斯勒汽车公司(FCA)表示，公司正在配合监管机构的调查，唯一受影响的安全装置是发生碰撞时可以防止受伤的头枕。许多司机称，安全气囊警示灯突然亮了。在某些情况下，可以通过更换控制计算机解决问题，但也有一些人在警示灯亮着的情况下继续驾驶汽车。&nbsp;&nbsp;</p>\r\n\r\n<p>&nbsp;&nbsp;&nbsp; NHTSA在文件中表示，2012年(自由人量产的最后一年)之前的车辆投诉率较低。政府将会调查故障发生的频率和潜在的安全隐患，最终决定是否需要将车辆召回。&nbsp;&nbsp;</p>\r\n\r\n<p>&nbsp;&nbsp;&nbsp; 奥迪A7/A8排放超标将召回2.4万辆&nbsp;&nbsp;</p>\r\n\r\n<p>&nbsp;&nbsp;&nbsp; 据外媒报道，奥迪公司在一份声明中表示，已经对2010至2013年款装配V6和V8柴油发动机的A7和A8车型进行了全面调查。结果显示，这些车型在某些行驶条件下的氮氧化物排放量超标20%至100%。&nbsp;&nbsp;</p>\r\n\r\n<p>&nbsp;&nbsp;&nbsp; 奥迪声称这是因为发动机转速受到变速箱软件的干扰，进而影响到发动机的排放量。出问题的汽车共计2.4万辆，其中有1.4万辆销往德国。奥迪已经与德国联邦机动车交通管理局达成一致意见，奥迪将积极与相关客户取得联系，召回有问题的汽车。&nbsp;&nbsp;</p>\r\n\r\n<p>&nbsp;&nbsp;&nbsp; 召回工作预计在2017年7月开始。由于仅需要对变速箱软件进行更新，因此只需要30分钟就可以将问题解决。&nbsp;&nbsp;</p>\r\n\r\n<p>&nbsp;&nbsp;&nbsp; 三菱连续召回欧蓝德车型&nbsp;&nbsp;</p>\r\n\r\n<p>&nbsp;&nbsp;&nbsp; 记者从质检总局获悉，因新车变速箱故障，三菱汽车再次备案了召回计划，将自2017年7月3日起，召回部分进口欧蓝德系列汽车，在中国大陆地区共涉及产品17678辆。&nbsp;&nbsp;</p>\r\n\r\n<p>&nbsp;&nbsp;&nbsp; 本就销量不大的进口三菱一次性就召回1.7万辆，无疑对整个品牌的声誉影响不小。除了接连不断的召回事件，由质量问题引发的投诉情况，以及投诉所带来的售后服务表现，让不少消费者也颇有微词。&nbsp;&nbsp;</p>\r\n\r\n<p>&nbsp;&nbsp;&nbsp; 今年以来已经收到了为数不少针对三菱以及广汽三菱的投诉，但企业无论是从解决速度还是态度上，都显得有些差强人意。&nbsp;&nbsp;</p>\r\n\r\n<p>&nbsp;&nbsp;&nbsp; 近期不断地召回事件，让不少消费者开始审视三菱的问题。此次三菱进口欧蓝德的召回，是由于供应商制造原因，导致部分车门锁零部件不符合规格。当气温升高时锁紧部分会发生卡滞，造成车门锁无法锁紧，严重时车辆行驶中车门可能打开，存在安全隐患。&nbsp;&nbsp;</p>\r\n\r\n<p>&nbsp;&nbsp;&nbsp; 据悉，三菱的召回事件已经不是第一次。在去年11月份，三菱汽车销售（中国）有限公司就向国家质检总局备案了召回计划，将自2017年6月19日起，召回部分进口欧蓝德EX劲界系列汽车，中国大陆地区所涉及的车辆数目更是高达54672辆。</p>\r\n</body>\r\n</html>\r\n', '2017-06-15 09:52:03', '361f6c8826a2d650abbbb88ca1bcc687', '30', '43', 'InUse', '事故率高、排放超标、变速箱故障 三菱特斯拉自由人最近有点烦', null, 'admin', '4', '2017-08-04 16:47:32');
INSERT INTO `cms_chapter` VALUES ('954', '<html>\r\n<head>\r\n	<title></title>\r\n</head>\r\n<body>\r\n<p>5月25日晚8时，天猫商城首家小龙虾馆开业。来自天猫的数据显示，仅26日一天，小龙虾的整体销量就增长10倍，第一分钟就售出超过10000份约35万只小龙虾。</p>\r\n\r\n<p>近两年，国内的小龙虾市场异常火爆，低门槛和高利润吸引大批创业者加入。今年夏天，随着电商巨头扎堆抢滩，传统餐饮连锁企业也抛来绣球，小龙虾商业化步伐加快，逐渐形成完整产业链。从街头餐馆到O2O品牌，再到电商生鲜外卖产品，小龙虾产业规模不断扩大。</p>\r\n\r\n<p style=\"text-align:center\"><img alt=\"\" src=\"http://47.93.46.185:80/filee/viewPic.do?manageKey=193849b82330fc4bf0ac05427fa1a100\" style=\"height:337px; width:600px\" /></p>\r\n\r\n<p>近两年，国内的小龙虾市场异常火爆，低门槛和高利润吸引大批创业者加入。(南方plus/图)</p>\r\n\r\n<p>小龙虾成电商平台新宠</p>\r\n\r\n<p>&ldquo;今年的销量是两年前同期的50倍。预计明年同期会更厉害，今年我们三天做500万元销售额，明年估计一天就能做1000万。&rdquo;星农联合是一家经营水产品的企业，其CEO周啟坤告诉记者，在5月26日当天，在天猫网店推出龙虾第二份半价活动，仅凭经典的麻辣、十三香等四种口味小龙虾，就卖出了30吨。</p>\r\n\r\n<p>在周啟坤看来，线上小龙虾能够火爆主要在于线上多是品牌商家，有固定的采购源头，因而小龙虾的品质更稳定。另外，由于线上小龙虾用的是一斤以上大包装，能分摊掉冷链物流成本，源头采购也能节约成本，所以价格也较线下要低。</p>\r\n\r\n<p>不仅仅是垂直生鲜网店贩卖小龙虾，天猫、京东以及网易等电商巨头在今年夏天也纷纷推出了小龙虾业务线。</p>\r\n\r\n<p>据天猫负责人介绍，天猫在北京开启了&ldquo;线上线下新零售吃虾大法&rdquo;。线下，只要前来就餐的顾客穿着的衣服红色超过50%就可以免费吃小龙虾。线上，用户可以在天猫商城的&ldquo;小龙虾馆&rdquo;页面购买新鲜上市的小龙虾。来自天猫的数据显示，仅26日一天，小龙虾的整体销量就增长10倍，第一分钟就售出超过10000份约35万只小龙虾。</p>\r\n\r\n<p>小龙虾这一餐饮界的网红，也被京东收入囊中。今年京东引入了国内最知名的盱眙、潜江、洪湖三个产地小龙虾界的TOP企业，增加了调味虾、清水虾、虾尾、虾仁等更多的品种。据京东相关负责人介绍，从&ldquo;6&middot;18&rdquo;预热期的数据来看，5月25日到5月31日，自营小龙虾的销量已经是去年同期的22倍。</p>\r\n\r\n<p>此外，精选电商网易严选也在其食物专栏上线了两款小龙虾。网易严选品牌负责人表示，并不担心&ldquo;市井&rdquo;的小龙虾会破坏网易严选的气质，网易为用户挑选能提高生活品质的好饮食。</p>\r\n\r\n<p>天猫、京东以及网易等电商巨头为何&ldquo;扎推&rdquo;布局小龙虾?艾媒咨询CEO张毅认为电商巨头能够通过其完整的产业链覆盖达到理想的盈利效果。&ldquo;小龙虾产业相对而言利润较高，但此前传统的小龙虾产业利润由出货、渠道和门店等环节分食，当前电商生鲜的模式能够尽最大的可能节省中间成本，实现最大盈利。&rdquo;</p>\r\n\r\n<p>传统餐饮企业分羹小龙虾市场</p>\r\n\r\n<p>看上小龙虾的，不仅仅是电商企业，还有传统餐饮连锁品牌企业。</p>\r\n\r\n<p>5月5日，卤味餐饮外卖品牌周黑鸭在武汉发布新品&ldquo;聚一虾&rdquo;小龙虾，正式进军小龙虾产业。5月5日当天，周黑鸭&ldquo;聚一虾&rdquo;小龙虾在湖北、江浙地区线下直营门店以及周黑鸭天猫、淘宝旗舰店等线上平台同步首发。</p>\r\n\r\n<p>出于对小龙虾休闲市场的看好，这个消息一周内给周黑鸭股价带来了至少15%的涨幅。周黑鸭在全国拥有超过800家的直营门店，小龙虾一经推出便迅速渗透全国市场。</p>\r\n\r\n<p>对于进军小龙虾产业，&ldquo;周黑鸭&rdquo;创始人周富裕指出，小龙虾产业虽然规模庞大，但由于供应链较分散，且缺乏统一的生产规范和标准，导致行业内产品质量良莠不齐。为促进行业变革，&ldquo;周黑鸭&rdquo;在今年4月与主产地湖北潜江市政府签订协议，从供应源选取优质小龙虾，确保产品的原材料供应。</p>\r\n\r\n<p>对于&ldquo;周黑鸭&rdquo;这一跨界选择，周黑鸭高层曾表示，引得周黑鸭不惜打造一条小龙虾专属供应链也要进入小龙虾行业的原因，正是小龙虾行业的超高利润。以餐饮行业为例，小龙虾净利润高达40%左右。</p>\r\n\r\n<p>无独有偶，餐饮业知名公司海底捞的首个投资项目也将绣球抛给了小龙虾。5月8日，以小龙虾饭为切入点进入快餐市场的海盗虾饭宣布获得有&ldquo;海底捞&rdquo;背景的北京优鼎优餐饮股份有限公司近千万的战略投资。从2015年成立至今，海盗虾饭在北京开了7家门店，堂食营业额占总营业额的40%，而线上外卖业务占60%，平均每天卖出3500到4000份龙虾饭。据统计，2016年一年海盗虾饭总计卖出的龙虾饭超过了100万份。</p>\r\n\r\n<p>一名餐饮业内人士指出，小龙虾的进货价通常在30元到32元每斤，都是八九两一只的大虾，加工后的售价在60元/斤左右。这样算来，饭店的毛利率将近100%。刨去人工、房租、水电等费用，净利润也高达40%左右，而外卖小龙虾的利润则更高。</p>\r\n\r\n<p>高额利润吸引资本涌入</p>\r\n\r\n<p>&ldquo;从线下走到线上不仅是趋势，更是龙虾产业转型引爆点，我们希望让盱眙龙虾节走到线上，引爆小龙虾万亿级产业。&rdquo;盱眙县委副书记陈俊祥这样告诉记者。</p>\r\n\r\n<p>6月7日上午，盱眙政府与天猫签署战略合作协议，约定未来三年盱眙政府将与天猫携手，推动盱眙小龙虾这一地理标识产业全面互联网化。</p>\r\n\r\n<p>根据去年8月美团发布的一份报告显示，在全国3万亿元的餐饮市场中，小龙虾市场从2015年起获得爆发式增长，市场规模现已超过1000亿元，人均消费额达到84元。</p>\r\n\r\n<p>千亿元的市场规模，吸引各路资本涌入小龙虾领域的创业市场。</p>\r\n\r\n<p>记者梳理发现，外卖O2O平台&ldquo;大虾来了&rdquo;于2015年6月获风云天使基金领投的近千万人民币的天使轮融资，去年又完成3000万元的A轮融资，由58到家领投;&ldquo;夹克的虾&rdquo;在京东股权众筹平台闪募超过600万元资金;&ldquo;虾搞虾弄&rdquo;获得中路资本的500万人民币投资;&ldquo;闪电虾&rdquo;已拿到1000万元的天使投资，A轮融资也在计划中。</p>\r\n\r\n<p>中国食品产业评论员朱丹蓬指出，跃升为餐饮界网红的小龙虾已经拥有了完整的产业链。像周黑鸭这样的外卖小龙虾，净利润率可达80%。正是因为小龙虾可以和火锅比肩的高利润，阿里、京东、网易等才抓紧抢滩登陆。</p>\r\n\r\n<p>张毅认为，对于当下的资本而言，小龙虾是一个稳妥的市场。&ldquo;小龙虾产业的高利润和稳定的供需，更容易获得资本青睐。而随着电商巨头的入局，小龙虾产业链将得到进一步完善和升级，其食用安全和生产周期将更有保障，预计小龙虾产业会得到持续稳定发展。&rdquo;</p>\r\n</body>\r\n</html>\r\n', '2017-06-15 10:06:09', 'dd853fa009a72ea9b6c0552149af37bd', '28', '55', 'InUse', '小龙虾是如何成为餐饮外卖“网红”的？高利润吸引巨头和资本', null, 'admin', '4', '2017-08-04 15:06:53');
INSERT INTO `cms_chapter` VALUES ('955', '<html>\r\n<head>\r\n	<title></title>\r\n</head>\r\n<body>\r\n<p>7月13日，质检总局开门搞改革，在京举行精简和规范&ldquo;设立认证机构审批&rdquo;申请材料听证会。国务院审改办有关同志参会指导。</p>\r\n\r\n<p>作为国务院审改办精简和规范行政许可申请材料4个试点单位之一，质检总局在前期调研和全面摸底的基础上，选定&ldquo;设立认证机构审批&rdquo;为试点项目之一，积极探索精简和规范行政许可申请材料的原则、标准和程序。经过慎重研究，按照无上位法依据、申请材料之间是否可相互印证和包含、是否可通过部门间信息共享获得信息等原则和标准，拟定取消现有&ldquo;设立认证机构审批&rdquo;行政许可初次申请及变更、延续等许可后续环节所需共66项申请材料中的29项，精简比例达44%。</p>\r\n\r\n<p>为确保精简方案符合实际并能取得实效，按照国务院审改办要求，质检总局决定以听证会形式征求各方意见，并从报名参加听证会的35家认证机构中选取了9家进行听证。同时为保证听证意见的多元化和权威性，还邀请了6名法学专家、行业专家和行业协会代表参与听证。会上，15名听证代表和专家结合精简方案充分发表了意见和建议。代表们普遍认为，精简和规范&ldquo;设立认证机构审批&rdquo;申请材料，将会极大地便利行政许可申请人，有助于进一步提升&ldquo;设立认证机构审批&rdquo;的合法性和规范性，为下一步全面推进精简和规范行政许可申请材料提供可复制、可推广的经验，加快疏通&ldquo;最后一公里&rdquo;中的堵点，让行政机关把精力更多地放到事中事后监管上来，放到提高政府机关服务水平上来。</p>\r\n\r\n<p>据质检总局法规司负责人介绍，随着改革工作向纵深推进，改革成果的评判标准已经从强调数量转变到了追求质量、从单纯消减审批项目转变到了全面优化审批流程。推进精简和规范行政许可申请材料，恰逢其时，势在必行。多年来，质检总局始终全力推进行政审批制度改革，十八大以来共取消9项&ldquo;含金量&rdquo;、敏感度、关注度都比较高的许可项目，并取消22类产品生产许可。中央指定地方实施许可事项仅2015年以来已审议取消9项，降幅达45%。非行政许可审批项目和工商登记前置审批事项全部&ldquo;清零&rdquo;。在国务院审改办开展的行政审批标准化试点工作中，质检总局以常规项目得分99.78的成绩顺利通过测评，行政审批流程得到进一步优化。下一步，质检总局将积极回应群众关切，进一步加大行政审批制度改革力度，更好地为群众生活、企业经营、经济发展、社会进步服务。</p>\r\n</body>\r\n</html>\r\n', '2017-07-19 14:07:10', 'c733d472c7cb829484f6e2597f126591', '2', '20', 'InUse', '精简和规范“设立认证机构审批”申请材料听证会在京举行 拟定取消现有66项申请材料中的29项 精简比例达44%', null, 'admin', '2', '2017-07-26 15:11:34');
INSERT INTO `cms_chapter` VALUES ('956', '<html>\r\n<head>\r\n	<title></title>\r\n</head>\r\n<body>\r\n<p>统计数据表明，2016年我国认证认可检验检测行业仍保持较快发展，充分发挥了生产性服务业和高技术服务业的优势，在加强全面质量管理、提升产品质量和服务质量、扩大就业容量方面成效明显，成为&ldquo;大众创业，万众创新&rdquo;的重要平台，为经济社会发展作出了积极贡献。</p>\r\n\r\n<p>7月14日，质检总局召开新闻发布会，国家认监委副主任董乐群发布了2016年度全国认证认可检验检测服务业统计信息和认证认可强国建设有关情况。这是认证认可和检验检测一并纳入国家统计制度后首次向社会发布。</p>\r\n\r\n<p>据统计，截至2016年底，全国各类认证认可及取得资质认定可以合法对社会出具证明作用数据和结果的检验检测机构（以下简称全国认证认可检验检测机构）共有33622家，较上年增加7.02%，各机构共实现营业收入2319.17亿元，较上年增长14.79%；认证认可检验检测科研投入共计181.72亿元，研发收入比达到7.84%；全国认证认可检验检测机构共有1061家获得高新技术企业认定，占机构总数的3.16%；认证认可检验检测全年共吸纳就业人口111.6万人，较上年增加9.09%。</p>\r\n\r\n<p>据介绍，本次统计涵盖了认证认可、检验检测和认证认可强国建设3个方面的数据。</p>\r\n\r\n<p>在认证认可方面，行业发展保持良好态势，截至2016年底，全国各类认证认可机构共计387家，较上年同期增长31.19%；认证认可服务业全年实现营业收入254.06亿元、利税总额46.70亿元，分别较上年增长15.33%和29.39%。行业供给水平明显提升，截至2016年底，各认证机构颁发的有效认证证书共计170.9万张，较上年底增加21.61%。获得认可的认证机构有157家，较上年底增加11.35%；获得认可的实验室及相关机构有7904家，较上年底增加12.03%；获得认可的检验机构有456家，较上年底增加15.15%。行业结构布局逐步优化，企业类型和事业单位类型认证认可机构分别占机构总量的93.28%和6.72%；从区域分布来看，华北区域占全国认证认可机构总数的44.96%，其他依次为华东、中南、东北、西南和西北区域。</p>\r\n\r\n<p>在检验检测方面，检验检测资源稳定增长，截至2016年底，我国检验检测机构数量为33235家，全年实现营业收入2065.11亿元，较2015年增长14.73%，全年共出具检验检测报告3.56亿份。在区域经济发达、检验检测需求较大的地区检验检测机构数量更为集中。此外，整个行业呈现出市场化机制正在形成、机构竞争力存在提升空间的特点。</p>\r\n\r\n<p>在认证认可强国建设方面，我国首次构建了6个维度的评价体系框架，在制度建设、服务发展、产业实力、创新驱动、国际影响和基础能力方面，通过与世界主要发达国家和新兴经济体国家的比较，显示了中国认证认可具有相对优势。我国建立了比较完备的制度体系，已有30多部法律法规写入认证认可工作；国家法律法规2016年中国采信的认可结果数有17项，高出世界其他国家水平；截至2016年底，共颁发有效体系认证证书总数为75.1万张，占全球同类认证证书总量的1／3以上，是名副其实的认证大国；我国已加入21个认证认可国际组织，签署13份多边互认协议和115份双边合作互认协议。</p>\r\n\r\n<p>本次统计数据显示，从整体来看，我国的认证认可发展水平处在新兴经济体国家的前列，正加快迈入认证认可强国行列，与主要发达国家相比还有一定的差距，但也指明了我国认证认可今后发力赶超的方向。</p>\r\n</body>\r\n</html>\r\n', '2017-07-19 14:08:02', '5afcd360282238893e0610cddd77571d', '2', '21', 'InUse', '质检总局、国家认监委发布2016年度全国认证认可检验检测服务业统计信息 我国正迈入认证认可强国行列', null, 'admin', '2', '2017-07-19 14:17:46');
INSERT INTO `cms_chapter` VALUES ('957', '<html>\r\n<head>\r\n	<title></title>\r\n</head>\r\n<body>\r\n<p>7月14日，由质检总局主办，中国质量万里行促进会、深圳检验检疫局和深圳市食药监局承办的&ldquo;全国食品安全宣传周&rdquo;质检总局主题日&mdash;&mdash;&ldquo;进口食品安全社区行&rdquo;主场活动在深圳举行。质检总局副局长吴清海出席活动，并在活动期间，来到深圳香蜜街道和侨香街道两户居民家中进行走访。</p>\r\n\r\n<p>走访时，吴清海将《进口食品消费指南》《食品进口万事通》等宣传册送到居民手中，并了解居民对进口食品的需求，详细解答居民的提问。随后，吴清海又来到侨香社区党群服务中心，和当地市民进行交流座谈，向市民们介绍质检部门保障进口食品质量安全的监管制度和成效，增强对进口食品质量安全的认知度，引导市民们树立对进口食品的科学消费理念。</p>\r\n\r\n<p>主场活动现场，质检总局进出口食品安全局发布了《2016年中国进口食品质量安全状况白皮书》。主场活动形式新颖，场面热烈，深圳检验检疫局精心制作的视频短片、进口食品安全知识有奖问答、专家科普讲座以及小品《假酒轶事》等，吸引了附近社区近500名市民积极参与。</p>\r\n\r\n<p>据悉，质检总局已连续3年将&ldquo;进口食品安全社区行&rdquo;作为全国食品安全宣传周部委主题日活动。食品局牵头贯彻落实质检总局支树平局长批示精神，紧扣&ldquo;尚德守法，共治共享食品安全&rdquo;主题，力推将&ldquo;进口食品安全社区行&rdquo;活动形成品牌。</p>\r\n</body>\r\n</html>\r\n', '2017-07-19 14:08:38', '9795eda6f229a9fadbb4ac0eba187ede', '3', '19', 'InUse', '质检总局“进口食品安全社区行”主场活动在深圳举行 增强进口食品安全认知度', null, 'admin', '2', '2017-07-19 14:17:52');
INSERT INTO `cms_chapter` VALUES ('958', '<html>\r\n<head>\r\n	<title></title>\r\n</head>\r\n<body>\r\n<p>随着我国居民生活水平的不断提高，对进口食品需求逐年增加。2016年，我国共检验检验进口食品[1]466.2亿美元，同比增长1.5%，近5年进口食品贸易额年均增长率为2.6%。2016年，食用植物油、乳粉、肉类、水产品等大宗产品进口量分别达673.5万吨、96.5万吨、460.4万吨、388.3万吨，进口食品安全已经成为保障我国消费者安全的大事。</p>\r\n\r\n<p>2016年，我国从187个国家（地区）进口食品132.4万批、3918.8万吨、466.2亿美元，同比分别增长10.4%、-7.8%和1.5%。其中进口食品贸易额列前10位的分别为：欧盟、东盟、美国、新西兰、巴西、加拿大、澳大利亚、俄罗斯、韩国和智利；肉类、水产及制品类、油脂及油料类、乳制品类、粮谷及制品类、酒类、糖类、饮料类、干坚果类和糕点饼干类等为主要进口食品种类。</p>\r\n\r\n<p>2016年，质检总局进一步完善进口食品安全监管体系，严格进口食品检验检疫监管，大力落实进口食品生产经营者责任，积极推进食品安全国际共治，有效地保障了进口食品安全，全年没有发生重大进口食品问题。2016年共从82个国家（地区）检出不符我国法律法规和标准、未准入境食品 3042批、3.5万吨、5654.2万美元，同比分别增长8.4%、325.2%和135.5%。其中，饮料类、糕点饼干类、粮谷及制品类为主要不合格食品种类；不合格主要原因包括：食品添加剂超范围或超限量使用、微生物污染、品质不合格等。</p>\r\n\r\n<p>&nbsp;&nbsp;&nbsp; 质检总局定期发布进口食品质量安全状况白皮书，引起了社会各界的广泛关注。《2016年进口食品质量安全状况白皮书》的发布，将更好地引导全社会了解进口食品总体情况，搭建政府、企业和消费者之间的信息共享平台，为各级检验监管部门做好进口食品监管工作提供参考。同时，为我国食品产业质量安全管理与发展战略提供基础数据支持。</p>\r\n\r\n<p>[1]食品包括：肉类及制品（含脏器）、水生动植物产品、乳及乳制品、蛋类及产品、蜂产品、肠衣、食用油、大米、花生、蔬菜及产品、中药材、罐头、食用蛋白及制品、面粉及粮食制品、杂粮、油籽油料类、干坚果、籽仁类、茶叶、咖啡可可原料、饮料、酒类、糖类、蜜饯类、调味品、糕点、特殊膳食用食品、保健食品、转基因食品等，但不包括作为食品原料的大豆、小麦等和作为饲料原料的玉米等农产品。</p>\r\n</body>\r\n</html>\r\n', '2017-07-19 14:09:25', '8558729b4fd83549e9efdbaee1f4474c', '4', '16', 'InUse', '质检总局发布《2016年中国进口食品质量安全状况白皮书》', null, 'admin', '2', '2017-07-19 14:17:58');
INSERT INTO `cms_chapter` VALUES ('959', '<html>\r\n<head>\r\n	<title></title>\r\n</head>\r\n<body>\r\n<p>日前，一汽轿车股份有限公司及马自达（中国）企业管理有限公司根据《缺陷汽车产品召回管理条例》的要求，向国家质检总局备案了召回计划，决定自2018年1月26日起，召回以下车辆，共计82235辆：</p>\r\n\r\n<p>（一）一汽轿车股份有限公司召回2013年7月31日至2016年6月29日期间生产的部分国产阿特兹轿车，共计80235台。</p>\r\n\r\n<p>（二）马自达（中国）企业管理有限公司召回2013年4月23日至2013年11月6日期间生产的部分进口阿藤泽轿车，共计2000台。</p>\r\n\r\n<p>本次召回范围内车辆由于后轮机械式驻车制动钳防尘罩的密封结构不良，导致制动钳内部进水，滚轴部生锈。在此情况下持续使用，可能造成滚轴的滑动性能不良、驻车制动力下降，在某些情况下，可能发生溜车，存在安全隐患。一汽轿车股份有限公司及马自达（中国）企业管理有限公司将对召回范围内车辆的滚轴进行检测，发现生锈时，更换新的制动钳总成；未发现生锈时，更换防尘罩组件，以消除安全隐患。</p>\r\n\r\n<p>相关用户应谨慎驾驶，在发现驻车制动拖拽、制动杆拉伸量增加以及驻车制动器的制动力下降现象时，请及时到附近的经销店进行检查和维修。用户在召回行动开始后应尽快联系经销商进行维修。</p>\r\n\r\n<p>&nbsp;&nbsp;&nbsp; 一汽轿车股份有限公司及马自达（中国）企业管理有限公司将委托一汽马自达以挂号信等形式通知相关用户，并且通过媒体发布召回信息。用户可通过固话或手机拨打一汽马自达客户服务热线：400-666-8080、0431-8599-1000；或直接与就近的经销商联系获取此次召回的相关信息。用户也可登录国家质检总局缺陷产品管理中心网站（www.dpac.gov.cn）以及关注微信公众号（AQSIQDPAC）了解更多信息。此外，还可拨打国家质检总局缺陷产品管理中心热线电话：010-59799616或地方出入境检验检疫机构的质量热线：12365（转2号键）,反映在召回活动实施过程中的问题或提交缺陷线索。</p>\r\n</body>\r\n</html>\r\n', '2017-07-19 14:10:08', 'fba061ce75c665d73b1fd7b337f60899', '5', '22', 'InUse', ' 一汽轿车股份有限公司及马自达（中国）企业管理有限公司召回部分国产阿特兹及进口阿藤泽轿车', null, 'admin', '2', '2017-07-19 14:18:05');
INSERT INTO `cms_chapter` VALUES ('960', '<html>\r\n<head>\r\n	<title></title>\r\n</head>\r\n<body>\r\n<p>中国计量科学研究院（以下简称中国计量院）与海南省质监局在海口签订战略合作备忘录。质检总局副局长吴清海、海南省副省长李国梁等见证备忘录签订。</p>\r\n\r\n<p>据了解，由于海南的检测校准能力严重不足，每年有大量超出检测能力范围的计量器具需要打包送到省外相关计量检定机构进行检测。为进一步贯彻落实今年3月质检总局与海南省政府签署的战略合作备忘录和海南省第七次党代会精神，中国计量院与海南省质监局决定在海南三亚高新技术产业园建设中国计量院三亚基地（以下简称三亚基地）。</p>\r\n\r\n<p>此次合作将充分发挥中国计量院的技术、人才优势和海南质监局的区域优势，围绕服务国家战略、服务海南国际旅游岛建设、服务海南省产业发展3个方面，着重在导航定位、海洋探测、航空航天、医疗健康、环境探测、热带特色高效农业和油气产业等领域开展前沿计量科技研究，提升海南质量技术基础能力。</p>\r\n\r\n<p>据悉，三亚基地将主要在提升质量技术基础能力、推进科学研究和成果转化、建设三亚基地和建设一流人才队伍4个方面全面实施战略合作。</p>\r\n\r\n<p>建成后的三亚基地，将解决海南计量能力薄弱、实验场地不足等问题，服务&ldquo;一带一路&rdquo;建设，满足海南国际旅游岛建设计量需求，为海南企业提供高效的&ldquo;一站式&rdquo;计量技术保障服务，逐步实现检验检测不出省的目标。</p>\r\n</body>\r\n</html>\r\n', '2017-07-19 14:11:07', '8b024221fbc7417c39e6d6def69a54dc', '6', '19', 'InUse', '中国计量院与海南省质监局签订合作备忘录', null, 'admin', '2', '2017-07-19 14:18:11');
INSERT INTO `cms_chapter` VALUES ('961', '<html>\r\n<head>\r\n	<title></title>\r\n</head>\r\n<body>\r\n<p>7月5日，质检总局执法督查司就气体发生器破裂问题集体约谈大众、通用、奔驰公司，通报高田气囊气体发生器破裂问题缺陷调查情况，要求尽快采取相应措施，履行缺陷召回法律义务，切实消除安全隐患。</p>\r\n\r\n<p>据统计，高田气囊气体发生器破裂问题在中国共涉及37家汽车生产者，涉及车辆2000余万辆。截至今年6月底，中国共有24家生产者实施召回102次，涉及车型97个，数量达到1059万辆。另有5家生产者已对其涉及的全部车辆提出来召回工作方案，近期将向质检总局备案召回计划，涉及车辆126万辆。目前，大众、通用、奔驰3个品牌8个生产者仅提出召回小批量车辆用于试验分析，并未提出有效召回措施。</p>\r\n\r\n<p>质检总局执法督查司有关负责人指出，根据总局缺陷产品管理中心的缺陷调查情况和专家评估意见，高田公司生产的未带干燥剂的硝酸铵气体发生器客观上存在破裂的风险，存在安全隐患。生产企业应对存在的问题高度重视，切实履行召回主体责任，采取有效措施，消除安全隐患，避免伤害案例的发生。质检总局将按照《缺陷汽车产品召回管理条例》赋予的职能，依法行政，对相关违法行为坚决予以处理。</p>\r\n</body>\r\n</html>\r\n', '2017-07-19 14:11:51', '1eb5228eed01ac2fb6d26e727c8e8468', '7', '17', 'InUse', '质检总局就气体发生器破裂问题集体约谈大众、通用、奔驰公司 要求企业履行缺陷召回法律义务 消除安全隐患', null, 'admin', '2', '2017-07-19 14:18:19');
INSERT INTO `cms_chapter` VALUES ('962', '<html>\r\n<head>\r\n	<title></title>\r\n</head>\r\n<body>\r\n<p>6月21日至23日，质检总局副局长、总局质量提升行动领导小组副组长兼办公室主任陈钢率队深入四川基层，考察调研四川质量提升与质量强省工作。他强调，要坚定不移实施质量强国战略，广泛深入开展质量提升行动，群策群力推进质量共建共治。</p>\r\n\r\n<p>陈钢与四川省副省长刘捷参加了专题座谈。陈钢充分肯定四川省对质量工作高度重视，持之以恒推进质量发展战略所取得的成绩，对该省开展质量提升、打造&ldquo;品质四川&rdquo;、强化质量监管、注重宣传引导等方面的经验做法给予了高度评价，对各级各界提出的推进质量提升的意见建议表示衷心感谢。</p>\r\n\r\n<p>陈钢强调，建设质量强国是大势所趋，开展质量提升是时代呼唤。要认清形势，坚定不移实施质量强国战略。要务求实效，广泛深入开展质量提升行动。既要&ldquo;胸怀大志&rdquo;，坚定推进质量强国战略不放松；也要&ldquo;落到实处&rdquo;，发扬钉子精神一个一个行业开展质量提升行动。要统筹兼顾，群策群力推进质量共建共治。期盼全国人大和人大代表继续关注和支持质量工作，各相关部委密切合作、统筹互动，合力提升质量水平，也希望地方政府、企业、消费者、行业协会、检测机构、科研院所等，深入实施质量发展战略、积极开展质量提升行动、参与质量监督工作。</p>\r\n\r\n<p>调研期间，陈钢出席&ldquo;成都市品质提升动员大会&rdquo;，考察了四川检验检疫局和绵阳、成都的企业及工业园区、科研与检测机构。</p>\r\n\r\n<p>&nbsp;&nbsp;&nbsp; 全国人大有关部门人员、5名全国人大代表，质检总局相关司局，财政部、国家发改委、工信部、中国人民银行、税务总局等部委代表共同参加调研。</p>\r\n</body>\r\n</html>\r\n', '2017-07-19 14:12:26', '2f01054a2022a29327a483785d08d58a', '8', '18', 'InUse', '实施质量强国战略 抓好质量提升行动 陈钢率队深入四川调研质量提升工作', null, 'admin', '2', '2017-07-19 14:18:26');
INSERT INTO `cms_chapter` VALUES ('963', '<html>\r\n<head>\r\n	<title></title>\r\n</head>\r\n<body>\r\n<p>6月22日至23日，质检总局党组书记、副局长侯建国在上海调研质检工作时强调，要深入学习贯彻习近平总书记系列重要讲话精神和治国理政新理念新思路新战略，坚持&ldquo;抓质量、保安全、促发展、强质检&rdquo;工作方针，全面抓好今年质检工作任务的落实，努力当好质量强国建设的排头兵、质检改革创新的先行者，为上海经济社会发展作出新的更大贡献。</p>\r\n\r\n<p>6月23日，中共中央政治局委员、上海市委书记韩正会见了侯建国一行。上海市市长应勇，上海市委、市政府领导周波、诸葛宇杰、许昆林、肖贵玉陪同会见。</p>\r\n\r\n<p>侯建国先后到上海检验检疫局、上海市质量和标准化研究院调研。在上海检验检疫局，侯建国听取了工作汇报，出席了干部大会，参观了联动指挥中心，了解&ldquo;互联网+检验检疫&rdquo;建设、服务把关等工作。在上海质量和标准化研究院，侯建国听取了上海市质量技术监督工作汇报，参观了&ldquo;质量与标准化浮雕墙&rdquo;和标准文化展示厅，了解科研和服务能力建设情况。</p>\r\n\r\n<p>侯建国在调研中强调，上海地位重要，上海质检工作举足轻重，要按照习近平总书记对上海提出的当好改革开放排头兵、创新发展先行者的要求，以质检工作的优异成绩迎接党的十九大召开。要争当党建工作的排头兵，把习近平总书记系列重要讲话精神特别是关于质量发展的重要论述作为质检工作的根本遵循，扎实推进&ldquo;两学一做&rdquo;学习教育常态化制度化，做忠诚干净担当的表率，做落实&ldquo;两个责任&rdquo;的表率。要争当质量提升的排头兵，认真贯彻落实党中央、国务院和质检总局党组关于质量提升的决策部署，一个一个行业开展质量攻关，为供给侧结构性改革提供新动能。要争当服务把关的排头兵，认真贯彻国务院放管服改革电视电话会议精神，既要&ldquo;放得下&rdquo;，更要&ldquo;管得好&rdquo;，坚持放管结合并重，加强全面质量监管，严格出入境检验检疫，组织开展隐患排查和专项整治，为党的十九大召开营造良好环境。</p>\r\n\r\n<p>&nbsp;&nbsp;&nbsp;&nbsp;质检总局办公厅、质量司、通关司、人事司有关负责人陪同调研。</p>\r\n</body>\r\n</html>\r\n', '2017-07-19 14:13:02', '7f98305d7c3e7f8621b9e42e84143aa7', '9', '13', 'InUse', '侯建国在上海调研质检工作时强调 努力当好质量提升和质检改革的排头兵', null, 'admin', '2', '2017-07-19 14:18:33');
INSERT INTO `cms_chapter` VALUES ('964', '<html>\r\n<head>\r\n	<title></title>\r\n</head>\r\n<body>\r\n<p>　根据近期检验检疫情况，已有122家企业出现不良记录，达到《进口食品不良记录管理实施细则》规定的列入《进口食品化妆品安全风险预警通告》的条件，其中进口商46家、境外生产企业36家、境外出口商40家。为保障进口食品安全，进一步落实进口食品企业主体责任，决定对上述122家企业采取加严监管措施，在再次进口相关产品时，应按要求提供相应检测报告或合格证明材料。被列入《进口食品化妆品安全风险预警通告》的企业要及时进行整改，提高进口食品质量，待满足《细则》规定的&ldquo;解除风险预警条件&rdquo;后，可按规定从名单中撤除。有关详细信息，将在质检总局网站上予以公布。</p>\r\n</body>\r\n</html>\r\n', '2017-07-19 14:21:23', 'f1c4f26c35462422a6805f6e2fabc9df', '10', '10', 'InUse', '质检总局决定对122家企业采取加严监管措施', null, 'admin', '2', null);
INSERT INTO `cms_chapter` VALUES ('965', '<html>\r\n<head>\r\n	<title></title>\r\n</head>\r\n<body>\r\n<p>吴清海出席2017年中国质量万里行3&middot;15消费维权活动</p>\r\n\r\n<p>3月15日,中国质量万里行促进会在京举办以&ldquo;聚焦服务微改变 共建小康新生活&rdquo;为主题的2017年3&middot;15消费维权活动。质检总局党组成员、副局长吴清海出席会议并讲话。</p>\r\n\r\n<p>吴清海充分肯定了质量万里行举办这个活动是对两会精神和国务院统一部署的贯彻落实,也是落实总局抓质量提升、促消费升级要求的具体行动。</p>\r\n\r\n<p>吴清海指出,质量万里行促进会能够发挥自身优势,依托新闻界、政府界、学术界、企业界理事会员等各方资源,发动多方力量,以全面实现服务质量标准化、规范化和品牌化为目标,面向企业,做好推广优质服务承诺标识与管理制度工作,做好知名服务品牌培育工作。在重点行业、重点领域开展服务质量提升行动,推动消费升级,促进消费供给质量提升。</p>\r\n\r\n<p>吴清海提出,在做好服务质量提质升级工作的同时,促进会还要积极受理投诉举报,切实维护广大消费者合法权益。深入开展质量安全普法宣传,凝聚全社会积极参与质量提升活动。</p>\r\n\r\n<p>活动中发布的&ldquo;2016中国十大典型消费维权案例评选&rdquo;格外引人瞩目,&ldquo;十大典型消费维权案例评选&rdquo; 是消费者票选出的在家电数码、汽车、房产家居、网络服务、食品等五个行业分别存在的十大典型消费维权案例。金羚洗衣机使用中自燃案、游客质疑哈尔滨天价鱼被打案、京东售假壳牌润滑油案、&ldquo;保利公园九里&rdquo;以精装修价格备案卖毛坯房案、厦门金旅客车连发九车故障集体投诉案分列各行业消费者票选第一位。</p>\r\n\r\n<p>根据国务院部署,由国家发改委、国家质检总局等部委开展的&ldquo;加快发展生活性服务业促进消费结构升级&rdquo;系列工作要求,中国质量万里行促进会宣布启动向全社会&ldquo;征集服务业不良现象活动&rdquo;,并聘请一批社会监督员,开展为期100天的顾客满意度测评(调查)。根据发现的问题分批约谈问题行业、企业代表,对发现的问题予以核实、研讨、改进。配合召开有相关部委及新闻媒体参与的座谈会,适时发布顾客满意度大数据,引导行业提质升级。同时宣布启动&ldquo;中国服务品牌数据库&rdquo;,旨在配合即将实施的生活服务业放心行动计划,推广优质服务承诺标识与管理制度,培育知名服务品牌,在全国范围内,围绕竞争性服务行业,对交通客运、快捷酒店、旅游服务业、电商B2B平台、快递服务等重点领域开展大数据汇总测评,带动服务质量标准化、规范化和品牌化。</p>\r\n\r\n<p>活动中,中国质量万里行促进会会长刘兆彬就质量促进立法做了专题讲话。</p>\r\n</body>\r\n</html>\r\n', '2017-07-19 14:36:50', 'e97239db0f78490750da32567857ac3c', '25', '19', 'InUse', '聚焦服务微改变 共建小康新生活', null, 'admin', '1', '2017-08-04 16:46:33');
INSERT INTO `cms_chapter` VALUES ('966', '<html>\r\n<head>\r\n	<title></title>\r\n</head>\r\n<body>\r\n<p>国务院办公厅关于印发</p>\r\n\r\n<p>国民营养计划（2017&mdash;2030年）的通知<br />\r\n国办发〔2017〕60号</p>\r\n\r\n<p>&nbsp;</p>\r\n\r\n<p>各省、自治区、直辖市人民政府，国务院各部委、各直属机构：</p>\r\n\r\n<p>《国民营养计划（2017&mdash;2030年）》已经国务院同意，现印发给你们，请认真贯彻执行。</p>\r\n\r\n<p>国务院办公厅</p>\r\n\r\n<p>2017年6月30日</p>\r\n\r\n<p>（此件公开发布）</p>\r\n\r\n<p>&nbsp;</p>\r\n\r\n<p>&nbsp;</p>\r\n\r\n<p>国民营养计划（2017&mdash;2030年）</p>\r\n\r\n<p>&nbsp;</p>\r\n\r\n<p>营养是人类维持生命、生长发育和健康的重要物质基础，国民营养事关国民素质提高和经济社会发展。近年来，我国人民生活水平不断提高，营养供给能力显著增强，国民营养健康状况明显改善。但仍面临居民营养不足与过剩并存、营养相关疾病多发、营养健康生活方式尚未普及等问题，成为影响国民健康的重要因素。为贯彻落实《&ldquo;健康中国2030&rdquo;规划纲要》，提高国民营养健康水平，制定本计划。</p>\r\n\r\n<p>一、总体要求</p>\r\n\r\n<p>（一）指导思想。全面贯彻党的十八大和十八届三中、四中、五中、六中全会精神，深入贯彻习近平总书记系列重要讲话精神和治国理政新理念新思想新战略，紧紧围绕统筹推进&ldquo;五位一体&rdquo;总体布局和协调推进&ldquo;四个全面&rdquo;战略布局，认真落实党中央、国务院决策部署，牢固树立和贯彻落实新发展理念，坚持以人民健康为中心，以普及营养健康知识、优化营养健康服务、完善营养健康制度、建设营养健康环境、发展营养健康产业为重点，立足现状，着眼长远，关注国民生命全周期、健康全过程的营养健康，将营养融入所有健康政策，不断满足人民群众营养健康需求，提高全民健康水平，为建设健康中国奠定坚实基础。</p>\r\n\r\n<p>（二）基本原则。</p>\r\n\r\n<p>坚持政府引导。注重统筹规划、整合资源、完善制度、健全体系，充分发挥市场在配置营养资源和提供服务中的作用，营造全社会共同参与国民营养健康工作的政策环境。</p>\r\n\r\n<p>坚持科学发展。探索把握营养健康发展规律，充分发挥科技引领作用，加强适宜技术的研发和应用，提高国民营养健康素养，提升营养工作科学化水平。</p>\r\n\r\n<p>坚持创新融合。以改革创新驱动营养型农业、食品加工业和餐饮业转型升级，丰富营养健康产品供给，促进营养健康与产业发展融合。</p>\r\n\r\n<p>坚持共建共享。充分发挥营养相关专业学术团体、行业协会等社会组织，以及企业、个人在实施国民营养计划中的重要作用，推动社会各方良性互动、有序参与、各尽其责，使人人享有健康福祉。</p>\r\n\r\n<p>（三）主要目标。</p>\r\n\r\n<p>到2020年，营养法规标准体系基本完善；营养工作制度基本健全，省、市、县营养工作体系逐步完善，基层营养工作得到加强；食物营养健康产业快速发展，传统食养服务日益丰富；营养健康信息化水平逐步提升；重点人群营养不良状况明显改善，吃动平衡的健康生活方式进一步普及，居民营养健康素养得到明显提高。实现以下目标：</p>\r\n\r\n<p>&mdash;&mdash;降低人群贫血率。5岁以下儿童贫血率控制在12%以下；孕妇贫血率下降至15%以下；老年人群贫血率下降至10%以下；贫困地区人群贫血率控制在10%以下。</p>\r\n\r\n<p>&mdash;&mdash;孕妇叶酸缺乏率控制在5%以下；0&mdash;6个月婴儿纯母乳喂养率达到50%以上；5岁以下儿童生长迟缓率控制在7%以下。</p>\r\n\r\n<p>&mdash;&mdash;农村中小学生的生长迟缓率保持在5%以下，缩小城乡学生身高差别；学生肥胖率上升趋势减缓。</p>\r\n\r\n<p>&mdash;&mdash;提高住院病人营养筛查率和营养不良住院病人的营养治疗比例。</p>\r\n\r\n<p>&mdash;&mdash;居民营养健康知识知晓率在现有基础上提高10%。</p>\r\n\r\n<p>到2030年，营养法规标准体系更加健全，营养工作体系更加完善，食物营养健康产业持续健康发展，传统食养服务更加丰富，&ldquo;互联网+营养健康&rdquo;的智能化应用普遍推广，居民营养健康素养进一步提高，营养健康状况显著改善。实现以下目标：</p>\r\n\r\n<p>&mdash;&mdash;进一步降低重点人群贫血率。5岁以下儿童贫血率和孕妇贫血率控制在10%以下。</p>\r\n\r\n<p>&mdash;&mdash;5岁以下儿童生长迟缓率下降至5%以下；0&mdash;6个月婴儿纯母乳喂养率在2020年的基础上提高10%。</p>\r\n\r\n<p>&mdash;&mdash;进一步缩小城乡学生身高差别；学生肥胖率上升趋势得到有效控制。</p>\r\n\r\n<p>&mdash;&mdash;进一步提高住院病人营养筛查率和营养不良住院病人的营养治疗比例。</p>\r\n\r\n<p>&mdash;&mdash;居民营养健康知识知晓率在2020年的基础上继续提高10%。</p>\r\n\r\n<p>&mdash;&mdash;全国人均每日食盐摄入量降低20%，居民超重、肥胖的增长速度明显放缓。</p>\r\n\r\n<p>二、完善实施策略</p>\r\n\r\n<p>（一）完善营养法规政策标准体系。</p>\r\n\r\n<p>推动营养立法和政策研究。开展营养相关立法的研究工作，进一步健全营养法规体系。研究制定临床营养管理、营养监测管理等规章制度。制定完善营养健康相关政策。研究建立各级营养健康指导委员会，加强营养健康法规、政策、标准等的技术咨询和指导。</p>\r\n\r\n<p>完善标准体系。加强标准制定的基础研究和措施保障，提高标准制修订能力。科学、及时制定以食品安全为基础的营养健康标准。制修订中国居民膳食营养素参考摄入量、膳食调查方法、人群营养不良风险筛查、糖尿病人膳食指导、人群营养调查工作规范等行业标准。研究制定老年人群营养食品通则、餐饮食品营养标识等标准，加快修订预包装食品营养标签通则、食品营养强化剂使用标准、婴儿配方食品等重要食品安全国家标准。</p>\r\n\r\n<p>（二）加强营养能力建设。</p>\r\n\r\n<p>加强营养科研能力建设。加快研究制定基于我国人群资料的膳食营养素参考摄入量，改变依赖国外人群研究结果的现状，优先研究铁、碘等重要营养素需要量。研究完善食物、人群营养监测与评估的技术与方法。研究制定营养相关疾病的防控技术及策略。开展营养与健康、营养与社会发展的经济学研究。加强国家级营养与健康科研机构建设，以国家级和省级营养专业机构为基础，建立3&mdash;5个区域性营养创新平台和20&mdash;30个省部级营养专项重点实验室。</p>\r\n\r\n<p>加强营养人才培养。强化营养人才的专业教育和高层次人才培养，推进对医院、妇幼保健机构、基层医疗卫生机构的临床医生、集中供餐单位配餐人员等的营养培训。开展营养师、营养配餐员等人才培养工作，推动有条件的学校、幼儿园、养老机构等场所配备或聘请营养师。充分利用社会资源，开展营养教育培训。</p>\r\n\r\n<p>（三）强化营养和食品安全监测与评估。</p>\r\n\r\n<p>定期开展人群营养状况监测。定期开展具有全国代表性的人群营养健康状况、食物消费状况监测，收集人群食物消费量、营养素摄入量、体格测量、实验室检测等信息。针对区域特点，根据需要逐步扩大监测地区和监测人群。</p>\r\n\r\n<p>加强食物成分监测工作。拓展食物成分监测内容，定期开展监测，收集营养成分、功能成分、与特殊疾病相关成分、有害成分等数据。持续更新、完善国家食物成分数据库。建立实验室参比体系，强化质量控制。</p>\r\n\r\n<p>开展综合评价与评估工作。抢救历史调查资料，及时收集、系统整理各类监测数据，建立数据库。开展人群营养健康状况评价、食物营养价值评价。开展膳食营养素摄入、污染物等有害物质暴露的风险&mdash;受益评估，为制定科学膳食指导提供依据。</p>\r\n\r\n<p>强化碘营养监测与碘缺乏病防治。持续开展人群尿碘、水碘、盐碘监测以及重点食物中的碘调查，逐步扩大覆盖地区和人群，建立中国居民碘营养状况数据库。研究制定人群碘营养状况科学评价技术与指标。制定差异化碘干预措施，实施精准补碘。</p>\r\n\r\n<p>（四）发展食物营养健康产业。</p>\r\n\r\n<p>加大力度推进营养型优质食用农产品生产。编制食用农产品营养品质提升指导意见，提升优质农产品的营养水平，将&ldquo;三品一标&rdquo;（无公害农产品、绿色食品、有机农产品和农产品地理标志）在同类农产品中总体占比提高至80%以上。创立营养型农产品推广体系，促进优质食用农产品的营养升级扩版，推动广大贫困地区安全、营养的农产品走出去。研究与建设持续滚动的全国农产品营养品质数据库及食物营养供需平衡决策支持系统。</p>\r\n\r\n<p>规范指导满足不同需求的食物营养健康产业发展。开发利用我国丰富的特色农产品资源，针对不同人群的健康需求，着力发展保健食品、营养强化食品、双蛋白食物等新型营养健康食品。加强产业指导，规范市场秩序，科学引导消费，促进生产、消费、营养、健康协调发展。</p>\r\n\r\n<p>开展健康烹饪模式与营养均衡配餐的示范推广。加强对传统烹饪方式的营养化改造，研发健康烹饪模式。结合人群营养需求与区域食物资源特点，开展系统的营养均衡配餐研究。创建国家食物营养教育示范基地，开展示范健康食堂和健康餐厅建设，推广健康烹饪模式与营养均衡配餐。</p>\r\n\r\n<p>强化营养主食、双蛋白工程等重大项目实施力度。继续推进马铃薯主食产品研发与消费引导，以传统大众型、地域特色型、休闲及功能型产品为重点，开展营养主食的示范引导。以优质动物、植物蛋白为主要营养基料，加大力度创新基础研究与加工技术工艺，开展双蛋白工程重点产品的转化推广。</p>\r\n\r\n<p>加快食品加工营养化转型。优先研究加工食品中油、盐、糖用量及其与健康的相关性，适时出台加工食品中油、盐、糖的控制措施。提出食品加工工艺营养化改造路径，集成降低营养损耗和避免有毒有害物质产生的技术体系。研究不同贮运条件对食物营养物质等的影响，控制食物贮运过程中的营养损失。</p>\r\n\r\n<p>（五）大力发展传统食养服务。</p>\r\n\r\n<p>加强传统食养指导。发挥中医药特色优势，制定符合我国现状的居民食养指南，引导养成符合我国不同地区饮食特点的食养习惯。通过多种形式促进传统食养知识传播，推动传统食养与现代营养学、体育健身等有效融合。开展针对老年人、儿童、孕产妇及慢性病人群的食养指导，提升居民食养素养。实施中医药治未病健康工程，进一步完善适合国民健康需求的食养制度体系。</p>\r\n\r\n<p>开展传统养生食材监测评价。建立传统养生食材监测和评价制度，开展食材中功效成分、污染物的监测及安全性评价，进一步完善我国既是食品又是中药材的物品名单。深入调研，筛选一批具有一定使用历史和实证依据的传统食材和配伍，对其养生作用进行实证研究。建设养生食材数据库和信息化共享平台。</p>\r\n\r\n<p>推进传统食养产品的研发以及产业升级换代。将现代食品加工工业与传统食养产品、配方等相结合，推动产品、配方标准化，推进产业规模化，形成一批社会价值和经济价值较大的食养产品。建立覆盖全国养生食材主要产区的资源监测网络，掌握资源动态变化，为研发、生产、消费提供及时的信息服务。</p>\r\n\r\n<p>（六）加强营养健康基础数据共享利用。</p>\r\n\r\n<p>大力推动营养健康数据互通共享。依托现有信息平台，加强营养与健康信息化建设，完善食物成分与人群健康监测信息系统。构建信息共享与交换机制，推动互联互通与数据共享。协同共享环境、农业、食品药品、医疗、教育、体育等信息数据资源，建设跨行业集成、跨地域共享、跨业务应用的基础数据平台。建立营养健康数据标准体系和电子认证服务体系，切实提高信息安全能力。积极推动&ldquo;互联网+营养健康&rdquo;服务和促进大数据应用试点示范，带动以营养健康为导向的信息技术产业发展。</p>\r\n\r\n<p>全面深化数据分析和智能应用。建立营养健康数据资源目录体系，制定分级授权、分类应用、安全审查的管理规范，促进数据资源的开放共享，强化数据资源在多领域的创新应用。推动多领域数据综合分析与挖掘，开展数据分析应用场景研究，构建关联分析、趋势预测、科学预警、决策支持模型，推动整合型大数据驱动的服务体系，支持业务集成、跨部门协同、社会服务和科学决策，实现政府精准管理和高效服务。</p>\r\n\r\n<p>大力开展信息惠民服务。发展汇聚营养、运动和健康信息的可穿戴设备、移动终端（APP），推动&ldquo;互联网+&rdquo;、大数据前沿技术与营养健康融合发展，开发个性化、差异化的营养健康电子化产品，如营养计算器，膳食营养、运动健康指导移动应用等，提供方便可及的健康信息技术产品和服务。</p>\r\n\r\n<p>（七）普及营养健康知识。</p>\r\n\r\n<p>提升营养健康科普信息供给和传播能力。围绕国民营养、食品安全科普宣教需求，结合地方食物资源和饮食习惯，结合传统食养理念，编写适合于不同地区、不同人群的居民膳食指南等营养、食品安全科普宣传资料，使科普工作更好落地。创新科普信息的表达形式，拓展传播渠道，建立免费共享的国家营养、食品安全科普平台。采用多种传播方式和渠道，定向、精准地将科普信息传播到目标人群。加强营养、食品安全科普队伍建设。发挥媒体的积极作用，坚决反对伪科学，依法打击和处置各种形式的谣言，及时发现和纠正错误营养宣传，避免营养信息误导。</p>\r\n\r\n<p>推动营养健康科普宣教活动常态化。以全民营养周、全国食品安全宣传周、&ldquo;5&middot;20&rdquo;全国学生营养日、&ldquo;5&middot;15&rdquo;全国碘缺乏病防治日等为契机，大力开展科普宣教活动，带动宣教活动常态化。推动将国民营养、食品安全知识知晓率纳入健康城市和健康村镇考核指标。建立营养、食品安全科普示范工作场所，如营养、食品安全科普小屋等。定期开展科普宣传的效果评价，及时指导调整宣传内容和方式，增强宣传工作的针对性和有效性。开展舆情监测，回应社会关注，合理引导舆论，为公众解疑释惑。</p>\r\n\r\n<p>三、开展重大行动</p>\r\n\r\n<p>（一）生命早期1000天营养健康行动。</p>\r\n\r\n<p>开展孕前和孕产期营养评价与膳食指导。推进县级以上妇幼保健机构对孕妇进行营养指导，将营养评价和膳食指导纳入我国孕前和孕期检查。开展孕产妇的营养筛查和干预，降低低出生体重儿和巨大儿出生率。建立生命早期1000天营养咨询平台。</p>\r\n\r\n<p>实施妇幼人群营养干预计划。继续推进农村妇女补充叶酸预防神经管畸形项目，积极引导围孕期妇女加强含叶酸、铁在内的多种微量营养素补充，降低孕妇贫血率，预防儿童营养缺乏。在合理膳食基础上，推动开展孕妇营养包干预项目。</p>\r\n\r\n<p>提高母乳喂养率，培养科学喂养行为。进一步完善母乳喂养保障制度，改善母乳喂养环境，在公共场所和机关、企事业单位建立母婴室。研究制定婴幼儿科学喂养策略，宣传引导合理辅食喂养。加强对婴幼儿腹泻、营养不良病例的监测预警，研究制定并实施婴幼儿食源性疾病（腹泻等）的防控策略。</p>\r\n\r\n<p>提高婴幼儿食品质量与安全水平，推动产业健康发展。加强婴幼儿配方食品及辅助食品营养成分和重点污染物监测，及时修订完善婴幼儿配方食品及辅助食品标准。提高研发能力，持续提升婴幼儿配方食品和辅助食品质量。</p>\r\n\r\n<p>（二）学生营养改善行动。</p>\r\n\r\n<p>指导学生营养就餐。鼓励地方因地制宜制定满足不同年龄段在校学生营养需求的食谱指南，引导学生科学营养就餐。制定并实施集体供餐单位营养操作规范。</p>\r\n\r\n<p>学生超重、肥胖干预。开展针对学生的&ldquo;运动+营养&rdquo;的体重管理和干预策略，对学生开展均衡膳食和营养宣教，增强学生体育锻炼。加强对校园及周边食物售卖的管理。加强对学生超重、肥胖情况的监测与评价，分析家庭、学校和社会等影响因素，提出有针对性的综合干预措施。</p>\r\n\r\n<p>开展学生营养健康教育。推动中小学加强营养健康教育。结合不同年龄段学生的特点，开展形式多样的课内外营养健康教育活动。</p>\r\n\r\n<p>（三）老年人群营养改善行动。</p>\r\n\r\n<p>开展老年人群营养状况监测和评价。依托国家老年医学研究机构和基层医疗卫生机构，建立健全中国老年人群营养筛查与评价制度，编制营养健康状况评价指南，研制适宜的营养筛查工具。试点开展老年人群的营养状况监测、筛查与评价工作并形成区域示范，逐步覆盖全国80%以上老年人群，基本掌握我国老年人群营养健康状况。</p>\r\n\r\n<p>建立满足不同老年人群需求的营养改善措施，促进&ldquo;健康老龄化&rdquo;。依托基层医疗卫生机构，为居家养老人群提供膳食指导和咨询。出台老年人群的营养膳食供餐规范，指导医院、社区食堂、医养结合机构、养老机构营养配餐。开发适合老年人群营养健康需求的食品产品。对低体重高龄老人进行专项营养干预，逐步提高老年人群的整体健康水平。</p>\r\n\r\n<p>建立老年人群营养健康管理与照护制度。逐步将老年人群营养健康状况纳入居民健康档案，实现无缝对接与有效管理。依托现有工作基础，在家庭保健服务中纳入营养工作内容。推进多部门协作机制，实现营养工作与医养结合服务内容的有效衔接。</p>\r\n\r\n<p>（四）临床营养行动。</p>\r\n\r\n<p>建立、完善临床营养工作制度。通过试点示范，进一步全面推进临床营养工作，加强临床营养科室建设，使临床营养师和床位比例达到1∶150，增加多学科诊疗模式，组建营养支持团队，开展营养治疗，并逐步扩大试点范围。</p>\r\n\r\n<p>开展住院患者营养筛查、评价、诊断和治疗。逐步开展住院患者营养筛查工作，了解患者营养状况。建立以营养筛查&mdash;评价&mdash;诊断&mdash;治疗为基础的规范化临床营养治疗路径，依据营养阶梯治疗原则对营养不良的住院患者进行营养治疗，并定期对其效果开展评价。</p>\r\n\r\n<p>推动营养相关慢性病的营养防治。制定完善高血压、糖尿病、脑卒中及癌症等慢性病的临床营养干预指南。对营养相关慢性病的住院患者开展营养评价工作，实施分类指导治疗。建立从医院、社区到家庭的营养相关慢性病患者长期营养管理模式，开展营养分级治疗。</p>\r\n\r\n<p>推动特殊医学用途配方食品和治疗膳食的规范化应用。进一步研究完善特殊医学用途配方食品标准，细化产品分类，促进特殊医学用途配方食品的研发和生产。建立统一的临床治疗膳食营养标准，逐步完善治疗膳食的配方。加强医护人员相关知识培训。</p>\r\n\r\n<p>（五）贫困地区营养干预行动。</p>\r\n\r\n<p>将营养干预纳入健康扶贫工作，因地制宜开展营养和膳食指导。试点开展各类人群营养健康状况、食物消费模式、食物中主要营养成分和污染物监测。因地制宜制定膳食营养指导方案，开展区域性的精准分类指导和宣传教育。针对改善居民营养状况和减少特定污染物摄入风险，研究农业种植养殖和居民膳食结构调整的可行性，提出解决办法和具体措施，并在有条件的地区试点先行。</p>\r\n\r\n<p>实施贫困地区重点人群营养干预。继续推进实施农村义务教育学生营养改善计划和贫困地区儿童营养改善项目，逐步覆盖所有国家扶贫开发工作重点县和集中连片特困地区县。鼓励贫困地区学校结合本地资源、因地制宜开展合理配餐，并改善学生在校就餐条件。持续开展贫困地区学生营养健康状况和食品安全风险监测与评估。针对贫困地区人群营养需要，制定完善营养健康政策、标准。对营养干预产品开展监测，定期评估改善效果。</p>\r\n\r\n<p>加强贫困地区食源性疾病监测与防控，减少因食源性疾病导致的营养缺乏。加强贫困地区食源性疾病监测网络和报告系统建设，了解贫困地区主要食源性疾病病种、流行趋势、对当地居民营养和健康状况的影响，重点加强腹泻监测及溯源调查，掌握食品污染来源、传播途径。针对食源性疾病发生的关键点，制定防控策略。开展营养与健康融合知识宣传教育。</p>\r\n\r\n<p>（六）吃动平衡行动。</p>\r\n\r\n<p>推广健康生活方式。积极推进全民健康生活方式行动，广泛开展以&ldquo;三减三健&rdquo;（减盐、减油、减糖，健康口腔、健康体重、健康骨骼）为重点的专项行动。推广应用《中国居民膳食指南》指导日常饮食，控制食盐摄入量，逐步量化用盐用油，同时减少隐性盐摄入。倡导平衡膳食的基本原则，坚持食物多样、谷类为主的膳食模式，推动国民健康饮食习惯的形成和巩固。宣传科学运动理念，培养运动健身习惯，加强个人体重管理，对成人超重、肥胖者进行饮食和运动干预。定期修订和发布居民膳食指南、成年人身体活动指南等。</p>\r\n\r\n<p>提高运动人群营养支持能力和效果。建立运动人群营养网络信息服务平台，构建运动营养处方库，推进运动人群精准营养指导，降低运动损伤风险。及时修订运动营养食品相关国家标准和行业标准，提升运动营养食品技术研发能力，推动产业发展。</p>\r\n\r\n<p>推进体医融合发展。调查糖尿病、肥胖、骨骼疾病等营养相关慢性病人群的营养状况和运动行为，构建以预防为主、防治结合的营养运动健康管理模式。研究建立营养相关慢性病运动干预路径。构建体医融合模式，发挥运动干预在营养相关慢性病预防和康复等方面的积极作用。</p>\r\n\r\n<p>四、加强组织实施</p>\r\n\r\n<p>（一）强化组织领导。地方各级政府要结合本地实际，强化组织保障，统筹协调，制定实施方案，细化工作措施，将国民营养计划实施情况纳入政府绩效考评，确保取得实效。各级卫生计生部门要会同有关部门明确职责分工，加强督查评估，将各项工作任务落到实处。</p>\r\n\r\n<p>（二）保障经费投入。要加大对国民营养计划工作的投入力度，充分依托各方资金渠道，引导社会力量广泛参与、多元化投入，并加强资金监管。</p>\r\n\r\n<p>（三）广泛宣传动员。要组织专业机构、行业学会、协会以及新闻媒体等开展多渠道、多形式的主题宣传活动，增强全社会对国民营养计划的普遍认知，争取各方支持，促进全民参与。</p>\r\n\r\n<p>（四）加强国际合作。加强与国际组织和相关国家营养专业机构的交流，通过项目合作、教育培训、学术研讨等方式，提升我国在营养健康领域的国际影响力。</p>\r\n</body>\r\n</html>\r\n', '2017-07-19 14:42:28', '11ca795f9969a9d267937de53eab659a', '27', '15', 'InUse', ' 国务院办公厅关于印发 国民营养计划（2017—2030年）的通知', null, 'admin', '1', '2017-08-04 16:46:45');
INSERT INTO `cms_chapter` VALUES ('967', '<html>\r\n<head>\r\n	<title></title>\r\n</head>\r\n<body>\r\n<p>7月12日，浙江省慈溪市附海镇东港村一条狭窄的村道边上，浙江省质监稽查总队会同宁波市质监局、慈溪市市场监管局执法人员组成的联合执法组顶着38℃高温，进入一个没有任何门牌的院落进行执法检查。按照阿里巴巴大数据计算的结果，这里是一个涉嫌生产劣质电风扇的加工点。</p>\r\n\r\n<p>果然，院子里三层楼的小厂房里，几十名工人正挥汗如雨，加工各种款式和品牌的电风扇，简易的生产线旁边，散乱地堆放着各种零件、包装物、成品以及杂物。一间屋子的杂物中间，有一个简易的印刷操作台，用手工在电风扇中心的盖板上印制各种商标，从现场印号的盖板看，这里生产的电风扇至少有骆驼、菊花、优众、立畅、华久等5个品牌。</p>\r\n\r\n<p>这处加工点的名称叫附海亚普电器厂，性质为个体工商户，2014年3月获得了中国质量认证中心颁发的3C认证证书，不过从生产现场的状况来看，这里是一个作坊式的螺丝刀工厂，根本就不存在什么质量管理，现场也没有看到有任何质量检测设备，装配好的电扇直接装上三轮车拉走，通过快递发运到全国各地。</p>\r\n\r\n<p>为联合执法提供技术支持的阿里集团平台治理部特战队员安缇介绍说，随着气温的节节攀升，网络上各种电风扇的销售也火爆起来，但是&ldquo;剁手党&rdquo;不知道的是，网页那些看似&ldquo;价廉物美&rdquo;的货品，很多都是毫无质量把控能力的作坊式工厂出品，质量较差，安全隐患大。</p>\r\n\r\n<p>入夏以来，电扇进入消费旺季。阿里收到消费者反馈，称部分电扇存在噪音大、自动关机、自动开机等问题。为此，阿里运用大数据圈定了一批问题风扇，并发起&ldquo;神秘抽检&rdquo;，确认了安全问题的存在。</p>\r\n\r\n<p>根据阿里集团与浙江质监部门的质量共治协作协议，阿里除了自己将爱淘宝上存在问题产品全部下架外，还把检测和大数据分析获得的劣质产品线索提供给了浙江省质监局，通过&ldquo;民举官究&rdquo;模式，对慈溪多家存在劣质嫌疑的风扇共同开展线下查处，力求从根源上消除质量安全隐患。</p>\r\n\r\n<p>面对执法人员的询问，工厂主任某坦言，自家工厂的风扇确实有问题，但是已不在淘宝售卖。&ldquo;去年就被淘宝摘牌了，我换了好几个牌子，都被摘掉了，现在主要线下卖。&rdquo;</p>\r\n\r\n<p>当执法人员赶到另一家&ldquo;俊阳电器配件厂&rdquo;时，工人们正光着膀子赶制风扇。在确认企业生产、库存型号与阿里举报信息一致后，质监执法人员对商品做了封存抽样，现场查封电扇500多台。</p>\r\n\r\n<p>这家工厂的经理介绍说，他们的产品不但在淘宝有销售，同时还在京东、贝贝网等近10个电商平台销售，不过他们自己不直接销售，主要是通过网店店主销售，厂里负责按照各个网店提供的订单直接发货和管理售后。在该工厂二楼的网络销售管理办公室的桌子上，记者看到桌上堆着一沓沓当天刚刚打印的等待发货的快递单，数量有近千张，投送地址从山东到四川，从辽宁到海南，全国各地都有。</p>\r\n\r\n<p>经过一天的检查，执法人员共查处劣质电扇生产企业3家，对涉嫌质量问题的电风扇700余台做查封，并将进行抽样检测。若检测不严格，执法机关将立案进行严肃惩处。</p>\r\n\r\n<p>&ldquo;除日常执法检查外，我们今年已跟阿里联合开展了多起专项执法行动，根据阿里提供的数据线索，在线下对涉嫌劣质生产企业做源头定向打击，能够比较彻底地消除质量隐患。&rdquo;</p>\r\n\r\n<p>浙江省质监局稽查总队执法协调科科长赵鹏介绍说，如果电商平台在发现假货后不及时与执法部门沟通，仅仅只是在自己平台查封了事，就会给劣质产品流动作案的机会，因为淘宝封了，他还可以转换到其他平台继续卖。</p>\r\n\r\n<p>阿里巴巴平台治理部也发现，只有自己平台的删除下架、店铺监管、摘牌等措施，并不能彻底打死劣质产品，一些劣质商品会换个品牌另起炉灶，&ldquo;改头换面&rdquo;来逃避平台监管。因此，阿里巴巴作为首家接入CCC数据库的电商平台，在开展线下源头打击同时，还尝试限制发布同CCC证号商品，从而形成一个数据监管的天罗地网，有效避免问题商品死灰复燃，彻底提升商品品质。对于存在安全隐患的3C产品，阿里巴巴除下架及全网摘牌外，还将用CCC证号等国家权威数据对全网商品做扫描，尝试限制与摘牌商品同CCC证号的商品信息发布。&nbsp;</p>\r\n</body>\r\n</html>\r\n', '2017-07-19 15:13:18', 'e109dff7a25aeb8cc5c06e6d863e2f6b', '29', '14', 'InUse', '阿里巴巴与浙江质监部门合力清剿隐患保障3C产品安全侧记', null, 'admin', '4', '2017-08-04 15:07:00');
INSERT INTO `cms_chapter` VALUES ('968', '<html>\r\n<head>\r\n	<title></title>\r\n</head>\r\n<body>\r\n<p>连续的高温天气，让空调的使用率创下新高。这几天，一则&ldquo;疑似空调机柜自燃导致一名体育记者中毒早逝&rdquo;的消息引发了不少读者的关注。空调自燃事故让不少读者担心自家连续运转的空调会突发什么意外状况。记者在采访中了解到，空调如果使用不当就会有自燃的危险。</p>\r\n\r\n<p>回顾：老空调突然冒烟起火</p>\r\n\r\n<p>近年来，空调自燃的情况屡屡出现，就在前不久，俞先生就遭遇了空调自燃的情况。晚上10点，当时俞先生正在看电视，突然听到家人大喊&ldquo;起火了&rdquo;。俞先生发现空调正在不断冒烟，房间里已是浓烟滚滚，并发出刺鼻的味道。</p>\r\n\r\n<p>俞先生赶紧把家里的电源全部切断，但火势还是不断加大。电器着火，不能用水去浇灭，于是他连忙找了一块布，浸水后覆盖在空调上，火才慢慢熄灭。从发现到扑灭只有短短几分钟的时间，但是空调右侧已经烧成了焦炭。俞先生发现当时空调的电源插头离空调有1米多的距离，不可能是漏电导致，他发现着火点位于空调挂机的内部，由此推断出小火是从空调里面先烧起来的。这台发生自燃的空调是2005年购买的，已经有些年头了。</p>\r\n\r\n<p>无独有偶，在合肥，也有一名10岁男童因空调机夜间失火一氧化碳中毒导致死亡。</p>\r\n\r\n<p>探因：空调为什么会自燃？</p>\r\n\r\n<p>据业内人士分析，空调自燃大多是由于电线短路打火、电路过载导致绝缘材料着火等原因造成的。而造成电线短路的原因比较复杂，空调进水、绝缘材料老化、室外机遮挡、高温环境导致的线路变形等，都会引发电线短路。</p>\r\n\r\n<p>虽然正规厂家生产的合格空调使用的是绝缘材料，很难引起自燃，但是当电路出现过载、材料发生老化或者空调旁边堆放可燃材料时，就有可能引发火灾。</p>\r\n\r\n<p>据了解，一般空调的使用年限大约在8年到15年，而最好10年左右就要更换新空调。</p>\r\n\r\n<p>建议：空调不宜长时间运转</p>\r\n\r\n<p>在空调运转过程中，是由强电输送到空调电机带动轴承转动，进而带动风机转动，最后将冷空气输进室内。当空调长期运转时，比如运转时间达到48小时，电机的温度过高，就会导致内机绝缘层烧坏，发生漏电，出现火花，致使电机自燃。</p>\r\n\r\n<p>除了机械故障和线路老化外，为了延长空调的使用寿命，在安装空调的时候也要注意，不要安装在房门的上方，因为开门时会加速热空气的流入。空调安装的高度、方向、位置必须有利于空气循环和散热，并注意与窗帘等可燃物保持一定的距离。</p>\r\n\r\n<p>使用时，空调必须使用专门的电源插座和线路，不能与照明或其它家用电器合用电源线。导线载流量和电度表容量要足够，插头与电器元件接触要紧密。此外，空调器要安装一次性熔断保护器，防止电容器击穿后引起温度上升而造成火灾。保护器中的保险丝不能用铁丝、铜丝代替。此外，空调要定时进行保养，并定时清洗冷凝器、蒸发器、过滤网、换热器，擦除灰尘，防止散热器堵塞，避免火灾隐患。</p>\r\n</body>\r\n</html>\r\n', '2017-07-19 15:15:38', '5c317b64db5c719e91e0453a878771a0', '30', '16', 'InUse', ' 连日高温天气 长时间开空调当心自燃', null, 'admin', '4', '2017-08-04 15:07:07');
INSERT INTO `cms_chapter` VALUES ('969', '<html>\r\n<head>\r\n	<title></title>\r\n</head>\r\n<body>\r\n<p>炎炎夏日已经来临，许多地方已经是汗蒸模式，火辣辣的太阳不仅会使人&ldquo;精神不振&rdquo;就连食欲都会变得&ldquo;一落千丈&rdquo;，男女老少纷纷开启坐在路边吹风聊天享受原滋原味的撸串模式，或者去吃一顿正宗的火锅让汗流浃背来的更猛烈一些。正如大家所知道的，无论是撸串还是涮锅，大多首选牛羊肉，挑选优质牛羊肉还是一门吃货学问，因为肉质的好坏除了影响吃货们的心情之外，更会直接影响口感。如此燥热的天气，能够抚慰心灵的无非是唇齿之间味蕾的激活，多巴胺的迸发。所以，是时候小编要为同为吃货的你们来一波优质肉推荐啦！</p>\r\n\r\n<p style=\"text-align:center\">&ldquo;何以解忧，唯有饱腹&rdquo;</p>\r\n\r\n<p><img alt=\"\" src=\"http://47.93.46.185:80/filee/viewPic.do?manageKey=ffdd95ab4dc0f1642915efbb78e3c645\" style=\"height:418px; width:690px\" /></p>\r\n\r\n<p style=\"text-align:center\">酷夏与麻辣羊肉火锅</p>\r\n\r\n<p style=\"text-align:center\">简直是一对相爱相杀的CP</p>\r\n\r\n<p style=\"text-align:center\">麻辣羊肉火锅所带来的激情</p>\r\n\r\n<p style=\"text-align:center\">那爽劲令人欲罢不能</p>\r\n\r\n<p style=\"text-align:center\"><strong>羊肉</strong></p>\r\n\r\n<p>羊肉较猪肉而言，肉质较细嫩，比猪肉和牛肉的脂肪、胆固醇含量少。小编是一只酷爱吃羊肉的小绵羊，摆脱不了羊肉的种种诱惑，像孜然羊肉、涮羊肉，羊肉串、葱爆羊肉、红烧羊肉等一切与羊肉相关的美食，都是我的挚爱。单单谈到这些小编就已经控制不住体内的洪荒之力了，不知道此时屏幕前的你还好吗？科科！究竟如何挑选无论从肉质还是口感都能让你感动的羊肉呢？小编的首选是&ldquo;草原蒙旗&rdquo;----来自内蒙古大草原的原滋味羊肉。由于他的羊全部是生态散养，所以肉质纯正，天然美味，让你在口齿间留有羊肉余香的同时又会让你体会到在大草原驰骋，风吹草地见牛羊的快感。</p>\r\n\r\n<p><img alt=\"\" src=\"http://47.93.46.185:80/filee/viewPic.do?manageKey=f9830fc80cb666e4ee304ae430547dd3\" style=\"height:542px; width:690px\" /></p>\r\n\r\n<p style=\"text-align:center\">对抗夏天的酷暑</p>\r\n\r\n<p style=\"text-align:center\">撸串绝对是绝佳利器</p>\r\n\r\n<p style=\"text-align:center\">特别是吹着自然风，约朋友一起</p>\r\n\r\n<p style=\"text-align:center\">边聊边吃</p>\r\n\r\n<p style=\"text-align:center\">这感觉让人没有任何抵抗力</p>\r\n\r\n<p style=\"text-align:center\"><br />\r\n<strong>牛肉</strong></p>\r\n\r\n<p>牛肉是世界第三消耗肉品，约占肉制品市场的25%。牛肉含有丰富的蛋白质，氨基酸，其组成比猪肉更接近人体需要，能提高机体抗病能力，对生长发育及手术后、病后调养的人在补充失血和修复组织等方面特别适宜。小编对于牛肉同样是偏爱有佳。牛排、萝卜炖牛腩、土豆牛肉、酱牛肉、卤牛肉等等都是妈妈带给我的记忆。如若肉质不新鲜是会严重影响口感和食用的。这对于吃货来说，是对食物的不尊重。绝对say no！好在小编从小就受到妈妈的熏陶，在挑选时会十分留心牛肉的原产地。对于牛肉呢，小编还是推荐&ldquo;草原蒙旗&rdquo;，因为&ldquo;草原蒙旗&rdquo;的牛肉保证让你吃到的每一口都是原汁原味。</p>\r\n\r\n<p><br />\r\n<img alt=\"\" src=\"http://47.93.46.185:80/filee/viewPic.do?manageKey=e5e44d6a14c258bfcbc85fc04a783a7c\" style=\"height:490px; width:690px\" /></p>\r\n\r\n<p>当然小编的话，也许你认为并没有什么卵用，但是，敲黑板，划重点啦！&ldquo;草原蒙旗&rdquo;可是经过了中国质量万里行促进会的严格审核，正式成为其会员单位呢。质量得到了国家级别的证言，是不是很腻害？</p>\r\n\r\n<p><br />\r\n<img alt=\"\" src=\"http://47.93.46.185:80/filee/viewPic.do?manageKey=ed9f3764107709bad865475404027a3a\" style=\"height:493px; width:690px\" /></p>\r\n\r\n<p>质量成就企业辉煌，&ldquo;草原蒙旗&rdquo;用好品质、高质量站稳了国内市场，并将打开国外市场。</p>\r\n</body>\r\n</html>\r\n', '2017-07-19 16:03:45', '51f8ba175af9b774e321e307f5ef90db', '27', '22', 'InUse', '草原蒙旗，满足吃货的味蕾', '588', 'admin', '3', '2017-07-26 15:16:40');
INSERT INTO `cms_chapter` VALUES ('970', '<html>\r\n<head>\r\n	<title></title>\r\n</head>\r\n<body>\r\n<p>&ldquo;夏天的风 正暖暖吹</p>\r\n\r\n<p>过穿过头发穿过耳朵</p>\r\n\r\n<p>你和我的夏天</p>\r\n\r\n<p>风轻轻说着</p>\r\n\r\n<p>&hellip;&hellip;&rdquo; &nbsp; &nbsp; &nbsp; &nbsp;</p>\r\n\r\n<p>&mdash;&mdash;温岚《夏天的风》</p>\r\n\r\n<p>这首歌一下子从长长的歌单里跳了出来，巷口的阳光泻地，庭院的树影婆娑，整个人都夏天了&hellip;&hellip;吗？NO！没那么简单，那只是印象中的夏天。</p>\r\n\r\n<p>现实版的夏天是，室外的热烈无时无刻不在提醒着我们，燥热的时代又到了。这时候的空调就显得尤为的重要。难道不是吗，对夏天的印象就是坐在空调房里吃冰镇西瓜，坐在空调房里的电脑桌前工作，那简直是人间天堂。</p>\r\n\r\n<p><img alt=\"\" src=\"http://47.93.46.185:80/filee/viewPic.do?manageKey=e1893223d0f7c4b11fdadd5a5ed283a7\" style=\"height:460px; width:690px\" /></p>\r\n\r\n<p>说起空调，小编带大家了解一下空调的来历。大约公元前1000年，波斯人发明了一种古式的空气调节系统：利用装置于屋顶的风杆，使外面自然的风穿过凉水后吹入室内，达到制冷效果。之后，这一古老的制冷系统不断地得以创新，于是便逐渐形成了现在的空调。随着时代的进步，技术的发达，人们生活质量的提高，空调已成为居家必备品，空调时代真正来临。</p>\r\n\r\n<p>空调有很多种类，包括中央空调、移动式空调、壁挂式空调、立柜式空调等等，其中中央空调在各大商场和公司的使用最为普遍。由此，产生了很多制造中央空调的企业。客户在选购中央空调时最担心的问题就是中央空调的质量，因为它直接关系着空调的寿命。如何放心选购空调呢？小编相信堃霖空调能解决你所担心的问题。</p>\r\n\r\n<p><img alt=\"\" src=\"http://47.93.46.185:80/filee/viewPic.do?manageKey=f1c55baee49883f73dfe16a28dd3dc0c\" style=\"height:460px; width:690px\" /></p>\r\n\r\n<p>堃霖集团，是中国大型中央空调设备专业制造集团化公司之一。公司筹建于1985年，1988年成立于中国台湾省高雄市，2000年股票上柜，成为迄今为止台湾地区唯一股票上柜的中央空调制造企业，荣获暖通品牌&ldquo;用户满意奖&rdquo;、&quot;优秀诚信品牌&quot;等，其产品通过了中国质量万里行促进会层层审核，荣获会员单位称号。</p>\r\n\r\n<p><img alt=\"\" src=\"http://47.93.46.185:80/filee/viewPic.do?manageKey=b0c1c7aef48f9f1eb9dd30023557bd01\" style=\"height:457px; width:690px\" /></p>\r\n\r\n<p>目前的成绩并不是堃霖集团最终的奋斗目标，堃霖集团将会持续提高品质，获得客户肯定；生产准时交货，保障客户利益；努力降低成本，确保竞争优势，追求最佳服务，取得客户信赖，争当舒适环境的创造者。</p>\r\n\r\n<p>为了更好地服务于亚洲市场，实现堃霖集团的终极梦想，堃霖集团在不同的地方和国家成立分公司，不断投入巨大资金，致力于更高效、更节能、更环保的空调产品及系统应用技术，依靠多年的专业经验和信誉积累，以核心的技术，贴心的服务，锐意进取、不断创新的能力和精神，享誉业界。</p>\r\n\r\n<p><br />\r\n<img alt=\"\" src=\"http://47.93.46.185:80/filee/viewPic.do?manageKey=4dcc5914076e0aa0cddf5ca698347477\" style=\"height:473px; width:690px\" /></p>\r\n\r\n<p>堃霖的客户遍布各行各业，从商业到工业领域，从医药到文教、科技，从公共建筑到休闲娱乐，从传统行业到新兴产业，堃霖集团都能为客户量身定制最适合客户的专用设备，为客户实现最佳使用效果。</p>\r\n\r\n<p>堃霖集团不仅仅关注和追求空调领域的成功和对客户的承诺，同时也不遗余力地承担社会责任和支持文化事业的发展。</p>\r\n</body>\r\n</html>\r\n', '2017-07-19 16:16:06', 'e9480809a76d0043a2b92e76dba38766', '28', '18', 'InUse', '堃霖空调，品质成就非凡', '598', 'admin', '3', '2017-07-26 16:00:25');
INSERT INTO `cms_chapter` VALUES ('971', '<html>\r\n<head>\r\n	<title></title>\r\n</head>\r\n<body>\r\n<p>7月20日，质检总局在武汉召开全国质检直属系统纪检监察工作会议，深入学习贯彻习近平总书记系列重要讲话精神和治国理政新理念新思想新战略，认真落实党的十八届六中全会精神和中央纪委七次全会、国务院第五次廉政工作会议部署，总结质检直属系统上半年纪检监察工作，部署下一阶段重点任务。质检总局党组书记侯建国，中央纪委驻工商总局纪检组组长刘实出席会议并讲话，湖北省副省长童道驰出席会议并致辞。</p>\r\n\r\n<p>侯建国指出，今年上半年，全国质检系统各级党组织和纪检监察机构认真履行全面从严治党的主体责任和监督责任，结合推进&ldquo;两学一做&rdquo;学习教育常态化制度化，围绕党规党纪抓宣教，聚焦突出问题抓监督，用好&ldquo;四种形态&rdquo;抓执纪，坚持锲而不舍抓作风，加强纪检监察队伍建设，稳步推进分片派驻纪检组工作，取得了新的成效。但也要看到，与中央要求和群众期盼相比，与质检系统当前需要大力推进的质量提升行动、深化&ldquo;放管服&rdquo;改革等重大任务相比，质检直属系统纪检监察工作还有不少差距。面对质检事业改革的重大机遇和挑战，迫切需要一支政治过硬、作风优良、业务精通、公正廉洁的质检队伍，迫切需要纪检监察工作提供强有力的政治保证。&nbsp;</p>\r\n\r\n<p>侯建国强调，要旗帜鲜明讲政治，切实增强&ldquo;四个意识&rdquo;，坚决维护以习近平同志为核心的党中央权威，扎实推进&ldquo;两学一做&rdquo;学习教育常态化制度化。要坚持日常监督和执纪问责相结合，坚持高标准和守底线相结合，坚持正面引导和警示教育相结合，用好&ldquo;四种形态&rdquo;，把&ldquo;两个责任&rdquo;落到实处。要以更加严格的标准落实中央八项规定精神，完善改进作风的长效机制，紧盯重要节点，开展多种方式的廉政提醒，促使党员干部始终绷紧纪律规矩这根弦。要进一步发挥好巡视利剑作用，扎实开展中央巡视&ldquo;回头看&rdquo;自查，巩固整改成果，坚持问题导向，抓好质检系统巡视工作。要着力打造忠诚干净担当的纪检监察队伍，在强化政治素质、提升业务能力、创新方式方法、加强纪检监察组织建设、强化自我监督上下功夫。要通过不断深化质检直属系统党风廉政建设和反腐败工作，确保党中央各项决策部署在质检系统落地生根，以质检工作的优异成绩迎接党的十九大胜利召开。&nbsp;</p>\r\n\r\n<p>刘实要求，要坚决维护以习近平同志为核心的党中央的权威，用习近平总书记系列重要讲话精神和治国理政新理念新思想新战略武装头脑、指导实践，坚持把严明政治纪律和政治规矩摆在首要位置，确保党中央各项决策部署在质检系统得到及时贯彻落实。要推动质检系统全面从严治党向纵深发展，营造风清气正的政治生态，实践好监督执纪&ldquo;四种形态&rdquo;，锲而不舍落实中央八项规定精神，以严肃问责倒逼责任落实。要加强直属系统纪检监察机构自身建设，严格落实监督执纪工作规则，守住不发生安全事故的底线，切实担负起教育监督管理的责任。&nbsp;</p>\r\n\r\n<p>各直属检验检疫局纪检组长和监审室主任，国家认监委、国家标准委纪检组长和纪委书记，各直属单位纪委书记和专职纪委办公室负责人，各挂靠单位党支部书记及质检总局相关司局负责人参加会议并进行了研讨。会议还邀请了驻工商总局纪检组有关负责同志参会。湖北检验检疫局等9家单位代表进行了交流发言。湖北省质监局相关负责人列席会议。&nbsp;</p>\r\n</body>\r\n</html>\r\n', '2017-07-26 15:05:37', '1f65a3c7497b56c1569487e094828b42', '26', '14', 'InUse', '全国质检直属系统纪检监察工作会议在武汉召开 侯建国刘实童道驰出席会议并讲话', null, 'admin', '1', '2017-08-04 14:54:43');
INSERT INTO `cms_chapter` VALUES ('972', '<html>\r\n<head>\r\n	<title></title>\r\n</head>\r\n<body>\r\n<p>7月20日，质检总局党组成员、国家标准委党组书记、主任田世宏在国家标准委2017年第五期青年学习论坛暨党组中心组学习（扩大）活动中，以《落实&ldquo;两个责任&rdquo; 推动全面从严治党向纵深发展》为题，为国家标准委党员干部讲党课。</p>\r\n\r\n<p>田世宏在讲课中指出，&ldquo;两个责任&rdquo;根本上源于党章，确立&ldquo;两个责任&rdquo;是管党治党理论和实践的双重深化。全面落实&ldquo;两个责任&rdquo;要着力找准突出问题，多管齐下、尽责担当，要深刻认识全面落实&ldquo;两个责任&rdquo;所肩负的政治责任，增强&ldquo;四个意识&rdquo;，特别是核心意识和看齐意识，要严肃党内政治生活，要加强制度治党和基层组织建设，要强化使命担当。&nbsp;</p>\r\n\r\n<p>田世宏对国家标准委党员干部提出4点要求，一要践行党章，自觉把党章作为做人做事的根本遵循，践行入党誓词，模范履行党员八项义务，遵守党员领导干部六项要求，扎实推进&ldquo;两学一做&rdquo;学习教育常态化制度化，开展好纪律教育月活动；二要对党忠诚，忠诚党的理想信念，忠诚党的宗旨，忠诚人民，忠诚党的组织，坚持群众路线，密切联系群众；三要守纪遵规，把政治纪律和政治规矩挺在前面，全方位、无条件地遵守党的各项纪律要求；四要廉洁从政，看牢自己、管住家人、谨慎交友，自觉守住从政用权的底线。&nbsp;</p>\r\n\r\n<p>国家标准委机关全体党员干部，标准委党建工作领导小组各成员单位的党委书记、党办负责人等参加了此次学习活动。</p>\r\n</body>\r\n</html>\r\n', '2017-07-26 15:06:44', 'a79906d7bfb176449ae2e1b3a599bf76', '25', '15', 'InUse', '国家标准委与山西省政府在京签署合作备忘录 助力资源型经济转型综改试验区建设', null, 'admin', '1', '2017-08-04 14:54:30');
INSERT INTO `cms_chapter` VALUES ('973', '<html>\r\n<head>\r\n	<title></title>\r\n</head>\r\n<body>\r\n<p>日前，华晨宝马汽车有限公司及宝马（中国）汽车贸易有限公司向国家质检总局重新备案了召回计划，将自2017年11月13日起，召回以下车辆，共计235296辆：</p>\r\n\r\n<p>（一）华晨宝马汽车有限公司召回2005年7月12日至2012年12月26日期间生产的部分国产华晨宝马320i、325i、320Li、328Li、335Li及X1车辆，共计28676辆；&nbsp;</p>\r\n\r\n<p>（二）宝马（中国）汽车贸易有限公司召回2005年12月9日至2012年12月22日期间生产的部分进口宝马120i、130i、316i、320i、325i、330i、335i、X1、X3、X5、X6、M3及M6车辆，共计206620辆。&nbsp;</p>\r\n\r\n<p>本次召回范围内车辆的安全气囊装配了高田公司生产的未带干燥剂的硝酸铵气体发生器。在安全气囊展开时，气体发生器可能发生异常破损，导致碎片飞出，伤及车内人员，存在安全隐患。华晨宝马汽车有限公司及宝马（中国）汽车贸易有限公司将为召回范围内的车辆免费更换所涉及部位的气囊气体发生器，以消除安全隐患。（注：对于X5及X6车辆，涉及部位为驾驶员及前排乘客的正面安全气囊；对于其它型号车辆，涉及部位为驾驶员正面安全气囊。）&nbsp;</p>\r\n\r\n<p>本次召回属于2016年12月23日及2017年2月6日发布的《华晨宝马汽车有限公司及宝马（中国）汽车贸易有限公司召回部分国产及进口宝马汽车》召回活动的变更。因召回维修用气囊气体发生器的供应延期，召回开始时间由2017年8月1日及2017年10月9日变更为2017年11月13日。原召回计划作废并以此次发布的信息为准。由于此次变更产生的所有损失将由华晨宝马汽车有限公司及宝马（中国）汽车贸易有限公司承担。&nbsp;</p>\r\n\r\n<p>华晨宝马汽车有限公司及宝马（中国）汽车贸易有限公司将重新通过经销商以挂号信等形式通知客户有关召回开始日期延期的消息。召回正式开始后，宝马授权经销商将主动联系相关车主，安排召回事宜。用户可以拨打宝马服务热线400-800-6666进行咨询。车主也可登录国家质检总局缺陷产品管理中心网站（www.dpac.gov.cn）以及关注微信公众号（AQSIQDPAC）了解更多信息。此外也可拨打缺陷产品管理中心热线电话：010-59799616或地方出入境检验检疫机构的质量热线：12365（转2号键），反映在召回活动实施过程中的问题或提交缺陷线索。&nbsp;</p>\r\n</body>\r\n</html>\r\n', '2017-07-26 15:10:38', '957fee70eb20fc51a48fb9c14fb7ba50', '1', '17', 'InUse', '华晨宝马汽车有限公司及宝马（中国）汽车贸易有限公司 关于部分国产及进口宝马汽车召回活动的变更', null, 'admin', '2', null);
INSERT INTO `cms_chapter` VALUES ('974', '<html>\r\n<head>\r\n	<title></title>\r\n</head>\r\n<body>\r\n<p>7月19日，质检总局执法督查司发布2017年上半年缺陷产品召回工作情况，数据显示：今年上半年，我国共实施缺陷汽车产品召回143次，涉及车辆476.01万辆；实施消费品召回252次，涉及产品数量301.68万件，切实发挥了缺陷产品召回制度对维护消费品安全、督促企业履行产品质量责任义务的积极作用。</p>\r\n\r\n<p>在缺陷汽车产品召回工作中，2017年上半年，我国共实施143次召回活动，涉及车辆476.01万辆。其中，受质检总局缺陷调查影响，相关汽车产品生产者共实施召回19次，涉及数量160.23万辆，占2017年上半年汽车召回总数量的33.66%。自2004年缺陷汽车产品召回制度实施至今，我国已累计实施汽车召回1440次，涉及车辆已超过4000万辆，达到4144.98万辆。</p>\r\n\r\n<p>从汽车召回涉及问题所在总成来看，2017年上半年召回数量排名前三位的依次为：气囊和安全带问题召回，共计47次，涉及车辆156.36万辆；发动机问题召回，共计34次，涉及车辆129.68万辆；电气设备问题召回，共计7次，涉及车辆62.01万辆。</p>\r\n\r\n<p>在缺陷消费品召回工作中，我国共实施消费品召回252次，涉及产品数量301.68万件。其中，受质检总局缺陷调查影响，相关消费品生产者共实施召回69次，涉及产品117.75万件，占2017年上半年消费品召回总数量的39.03%。自2016年缺陷消费品召回制度实施至今，我国已累计实施消费品召回488次，涵盖11类产品，涉及产品数量已超过920万件。</p>\r\n\r\n<p>从消费品召回涉及产品类别看，2017年上半年召回数量排名前三位的依次为：电子电器产品召回，共计59次，涉及产品118.82万件；其他交通运输设备产品召回，共计12次，涉及产品118.68万件；儿童用品召回，共计163次，涉及产品45.61万件。</p>\r\n\r\n<p>今年上半年，缺陷汽车产品召回工作亮点突出，博鳌亚洲论坛2017年年会&ldquo;汽车召回：保障安全在路上&rdquo;分论坛成功举办，围绕高田气囊气体发生器破裂问题的缺陷调查和行政约谈有序开展。缺陷消费品召回工作成效显著，持续开展了儿童用品安全主题宣传教育活动，并通过缺陷调查促使企业履行召回义务。</p>\r\n\r\n<p>下一步，质检总局将继续完善缺陷消费品召回制度，抓紧制定部门规章《缺陷消费品召回管理规定》，加快立法进程，尽快出台。建立完善配套的缺陷消费品召回专家库，夯实消费品召回的技术支撑力量。继续加大缺陷产品召回监管力度。加大缺陷信息收集分析、缺陷调查和召回实施情况监督的力度，对可能存在缺陷的汽车和消费品及时开展缺陷调查，监督和督促企业履行召回义务，确保消费者人身财产安全。依法查处不主动履行召回义务、不配合缺陷调查、瞒报误报相关信息的企业。加强对省级质检部门工作的指导和督查。加强面向生产企业的宣传培训工作，帮助生产者增强履行召回法定义务。</p>\r\n</body>\r\n</html>\r\n', '2017-07-26 15:11:08', 'a4d5f157867a524e98c16bd33564bce5', '1', '13', 'InUse', '质检总局发布2017年上半年缺陷产品召回工作情况 召回汽车476.01万辆 消费品301.68万件', null, 'admin', '2', null);
INSERT INTO `cms_chapter` VALUES ('975', '<html>\r\n<head>\r\n	<title></title>\r\n</head>\r\n<body>\r\n<p>有人说，90后是性格叛逆、个性张扬、冲动懵懂的一代；但也有人说，90后是天马行空、斗志昂扬、血脉偾张的一代。今天小编带你认识一位&ldquo;一辈子只专注做一件事&rdquo;的90后&mdash;&mdash;匠仙（上海）科技有限公司，睡王床垫的总经理杨舒棋。</p>\r\n\r\n<p>杨舒棋毕业于华南最好的商学院&mdash;&mdash;中山大学岭南学院，她拥有商学院的学生所特有的经济和市场思维，拥有很多创业经历。但是她真正踏入床垫这个行业，要源于一个温馨的小故事。</p>\r\n\r\n<p>有一次在外求学的她放假回家，发现爸妈竟然都得了腰酸背痛的毛病，当时她以为是爸妈过度操劳所致，但后来无意间发现爸妈床垫里面的弹簧网出现了两个不深不浅的凹面。<img alt=\"\" src=\"http://47.93.46.185:80/filee/viewPic.do?manageKey=26d5d0c5322025f6dfd2e215fbac30ba\" style=\"height:415px; width:690px\" /></p>\r\n\r\n<p>此时，杨舒棋恍然大悟，爸妈的腰酸背痛，很有可能跟床垫塌陷有关！妈妈也很惊讶，这个弹簧床垫才用了两年多就有问题了！但是木板床又实在太硬，爸妈睡得不舒服。作为女儿，看在眼里，疼在心里。从那时起，她就暗自下定决心，一定要研制出一款既结实耐用又对腰椎健康的床垫！</p>\r\n\r\n<p>于是，她带领自己的科技团队一心研发创新一种新型床垫。在无数个日日夜夜的奋战下，他们终于研制出全新的轻型钢架弹力网系列的床垫。这种新型床垫颠覆了传统全弹簧床垫的内部结构和制作工艺；克服了弹簧床太软，受力不均，容易凹陷，容易变形，容易引发腰酸背痛等腰椎疾病的众多缺陷。现在，这个项目已正式向国家申请五项发明专利和六项实用新型专利。</p>\r\n\r\n<p>之后，她担任匠仙（上海）床垫科技有限公司的总经理，全身心投入&ldquo;睡王&rdquo;品牌的经营和发展，致力于全新的轻型钢架弹力网系列床垫的研发创新和生产，让更多的消费者用上真正健康的床垫，减少腰椎疾病的困扰，享受健康优质的睡眠生活和全方位的服务，开启睡眠科技新时代。</p>\r\n\r\n<p>在谈到睡王品牌发展时，作为90后的杨舒棋说了一番意味深长的话：&ldquo;有人说无商不奸，但我想说我们这一代人创立的企业是具有社会责任感的企业。企业在社会的大环境下发展，同样也要回馈社会、帮助社会，二者实现良心良性的发展。&rdquo;<img alt=\"\" src=\"http://47.93.46.185:80/filee/viewPic.do?manageKey=2137da8d2fe7c221c585ec42685d1659\" style=\"height:394px; width:690px\" /></p>\r\n\r\n<p>听完这番话，在场的工作人员既惊讶又欣慰。年轻人充满着激情和朝气，充满着果敢和创造力，他们是祖国的未来和希望，更是祖国企业发展的未来和希望。国家和企业需要更多这样有社会责任感的年轻人加入进来，为国家为企业贡献自己的一份力量。</p>\r\n</body>\r\n</html>\r\n', '2017-07-26 15:15:21', 'fdc601de9bf2f63cfd4c408e71e8112c', '29', '14', 'InUse', '  睡王床垫，颠覆传统床垫行业，重新定义健康睡眠', '612', 'admin', '3', '2017-08-03 11:02:45');
INSERT INTO `cms_chapter` VALUES ('976', '<html>\r\n<head>\r\n	<title></title>\r\n</head>\r\n<body>\r\n<p>随着科学技术的飞速发展，电子元器件技术也在不断进步，新型电子元器件层出不穷。中国进入全面建设小康社会的历史时期，人们消费水平进入新的升级阶段，社会对电子产品的需求大幅度增长，有力地促进了电子信息产业发展，因而电子元器件制造业的发展前景十分广阔。</p>\r\n\r\n<p><img alt=\"\" src=\"http://47.93.46.185:80/filee/viewPic.do?manageKey=cfa640421677a5856ac15db3c559bf84\" style=\"height:518px; width:690px\" /></p>\r\n\r\n<p>许多商家便开始全力进行研发和生产电子相关设备，但城钰电子却是电子行业的一股清流，秉承&ldquo;质量第一，服务第一&rdquo;的服务宗旨和&ldquo;全员服务意识&rdquo;的工作理念，建立起一套完整的售后服务体系，用心打造国内一流电子产业。</p>\r\n\r\n<p>上海城钰电子工程有限公司是一家专业从事医院放射、放疗、信息中心配套设备的专业公司，主要配套产品有：精密空调、冷水机组、UPS、稳压电源、高压注射器及防护系列产品等。并且与GE、西门子、飞利浦已达成采购合作协议。</p>\r\n\r\n<p>多年来，城钰电子凭借其超群的市场营销理念和强大的渠道控制能力，不断扩展增值空间，提升品牌的专业形象，深化产品内涵，在国内政府采购中屡创佳绩，在各类市场推广活动中尽现风采。城钰电子现已发展成为贸易、技术、服务一体化的商贸经营企业。</p>\r\n\r\n<p><img alt=\"\" src=\"http://47.93.46.185:80/filee/viewPic.do?manageKey=7b75092f27b9c4fd44246f09d746bccf\" style=\"height:518px; width:690px\" /></p>\r\n\r\n<p>城钰电子旗下的产品包括：精密空调、冷水机组、稳压电源、UPS、高温注射器、监控系列。每款产品都获得中国质量万里行促进会的认证，荣获会员单位的光荣称号，并受到广大消费者的喜爱。</p>\r\n\r\n<p>依米康SD系列基站专用空调&mdash;&mdash;为您的基站环境构建最佳的基础设施</p>\r\n\r\n<p>&nbsp;</p>\r\n\r\n<p>SD系列可选配过欠压和相序保护及预警功能，满足多种苛刻环境，可以为基站环境提供卓越的可靠性。</p>\r\n\r\n<p>优质性能：高效能，高能效，高显热，高可靠，低噪音，过滤等级，精密控制。</p>\r\n\r\n<p>卓越的可靠性：当机组发生故障时，循环风机保持运行；设备热备份和轮值功能，当机组故障时能自动切换至备用机组。</p>\r\n\r\n<p>此外，这款空调还有两种功能模式：智能化运行模式和节能运行模式，都采用先进的技术保障优质的品质。</p>\r\n\r\n<p><img alt=\"\" src=\"http://47.93.46.185:80/filee/viewPic.do?manageKey=4eececefd1782fe69deffc8cedd8aafc\" style=\"height:318px; width:690px\" /></p>\r\n\r\n<p>依米康CH系列 设备用 精密冷水机组</p>\r\n\r\n<p>&nbsp;</p>\r\n\r\n<p>医疗、实验室等精密设备在运行时要产生大量的热，这种热量需要由载冷剂及时带走，并需要使设备在合适温度条件下工作，依米康精密冷水机组CH系列适用于这种场合，它是保证设备安全可靠运行的理想选择。</p>\r\n\r\n<p>特点：</p>\r\n\r\n<p>（1） 可靠质量：零缺陷质量文化，保证了系统设计先进，精心装配，严格检验，完善服务，保证机组一天24小时，一年365天保持优质工作状态，依米康已通关ISO9001国际质量体系认证。</p>\r\n\r\n<p>（2） 注重节能：SCH系列机组包括涡旋式压缩机在内的每一元件都通过仔细挑选，保证了机组运行具有更优秀的性能，使得机组效率更高，运行成本更低。</p>\r\n\r\n<p>（3） 爱护环境：爱护我们的生存环境是依米康的优先选择。在设计和制造中充分考虑了系统对环境的影响，确保系统高效和环保之间达到最佳平衡。</p>\r\n\r\n<p>（4） 高效率：依米康环境系统的每一个部件都经过精心选择，均来自名牌制造商，均符合标准，使得产品系统能耗低，使用寿命长，运行费用低。</p>\r\n\r\n<p>（5） 工艺美观体积小。</p>\r\n\r\n<p>（6） 适用范围广。</p>\r\n\r\n<p><img alt=\"\" src=\"http://47.93.46.185:80/filee/viewPic.do?manageKey=ef35eb79279f41b2a60431c0b397192a\" style=\"height:535px; width:690px\" /></p>\r\n\r\n<p>稳定电源</p>\r\n\r\n<p>&nbsp;</p>\r\n\r\n<p>特点：高效节能，调节快速，三相自动平衡，具有延时，过、欠压保护等功能。</p>\r\n\r\n<p><img alt=\"\" src=\"http://47.93.46.185:80/filee/viewPic.do?manageKey=fa4e1c3ac67f96fcaafaa5afdd38507c\" style=\"height:397px; width:690px\" /></p>\r\n\r\n<p>上海城钰电子工程有限公司拥有广阔的发展前景，蕴藏了极大的发展潜力，公司会在现代机房空调及相关产业的发展道路上紧随世界发展的脚步，在技术和服务领域上不断改进和创新，在管理等方面不断完善，增强其以更加贴切的服务与国内外广大客户建立长期战略合作伙伴关系。相信在未来的电子行业，城钰电子仍会以一体化的高端服务流程，全力打造中国一流的电子产业门户。</p>\r\n\r\n<p>&nbsp;</p>\r\n</body>\r\n</html>\r\n', '2017-07-26 15:59:55', '3c14326b80f7393a8fe47203bbe9b577', '30', '11', 'InUse', '城钰电子，打造国内一流电子产业', '618', 'admin', '3', '2017-08-03 11:21:44');
INSERT INTO `cms_chapter` VALUES ('977', '<html>\r\n<head>\r\n	<title></title>\r\n</head>\r\n<body>\r\n<p>　昆明小区阳台集体垮掉 5户人家阳台齐刷刷地掉落 5月11日中午，网友向云南网爆料称，位于昆明二环线内穿金路段的中产风尚中心小区5户人家的阳台竟然集体垮塌了，令人震惊！<img alt=\"\" src=\"http://47.93.46.185:80/filee/viewPic.do?manageKey=347d5cbbc9d2ba0165c43b2e75c19545\" style=\"height:1229px; width:690px\" /></p>\r\n\r\n<p>　　从图片可以看出，阳台掉落的断口处与楼栋之间阳台并没有任何钢筋相连。所幸此次事故未造成人员伤亡,这样的房子你敢住吗？</p>\r\n\r\n<p>&nbsp; 近几年，房产愈演愈热，房价一直飙升不下。许多开发商一味求工程的速度、偷工减料，两个月，一栋大楼赫然起地，甚至有些房子还未经过房管局的检验核收就急着上房，忽视了房子本身的质量，更将居民的生命安全置于不顾。</p>\r\n\r\n<p>&nbsp; 我们呼吁有关的执法部门要加大对房屋质量的检测，确保居民的生命安全！！</p>\r\n</body>\r\n</html>\r\n', '2017-07-26 16:18:07', 'cb293c290b97925fc3a772ccffbdad55', '31', '14', 'InUse', '昆明小区阳台集体垮掉 5户人家阳台齐刷刷地掉落！在房产热的时代更要注重房子的安全！', null, 'admin', '4', '2017-08-04 15:07:22');
INSERT INTO `cms_chapter` VALUES ('978', '<html>\r\n<head>\r\n	<title></title>\r\n</head>\r\n<body>\r\n<p>日前，杭州某小区一部电梯发生爆炸，大理石门套掉落致一名大妈受伤。监控显示，这次事故可能是一个不锈钢杯子引起的，&ldquo;始作俑者&rdquo;正是受伤大妈，据悉，她去9楼寻人，可能时间较短，便用杯子先挡一下电梯，不料后果这么严重。</p>\r\n\r\n<p>物业负责人表示，因为电梯大理石门套掉落，大妈也受了点伤，幸亏经检查无大碍。由于大妈个人行为造成了电梯故障，大妈要负责本次维修的费用。<img alt=\"\" src=\"http://47.93.46.185:80/filee/viewPic.do?manageKey=0be59b797638f856b483bc711e79a93d\" style=\"height:836px; width:690px\" /></p>\r\n\r\n<p>在乘坐电梯时我们会发现，有些电梯我们用手挡一下门就不会关起来，而有些电梯则不行，这是为什么呢？</p>\r\n\r\n<p>目前，电梯门有两种保护措施，一种是光幕，一种叫做触板，而现在很多的电梯使用的都是光幕。</p>\r\n\r\n<p>光幕就像手电筒一样，一个电梯内它并不是从上到下全部是光幕，它分布了几个点。大妈用杯子挡了一下门，而杯子并没有碰到光幕。从电梯的光幕角度来说，它不认为中间有东西挡住它了，所以电梯就强制关门。强制关门之后它就带着杯子往上走或者往下运行，所以导致电梯发生故障。</p>\r\n\r\n<p>安全触板是电梯一种近门安全保护装置，它是一种机电一体式关门防夹安全装置。与其同等作用的近门保护装置是光幕保护装置，属于感应式保护装置。</p>\r\n\r\n<p>两种保护措施针对人或者大物件都有保护的功能，但对于细小的东西或者拿玻璃去挡门的话，门肯定是会强制关的。这么说来，电梯门感应是有盲区的，一旦进入盲区电梯门就会&ldquo;翻脸不认人&rdquo;，造成生命危险。</p>\r\n</body>\r\n</html>\r\n', '2017-07-26 16:40:03', '38969d35c38abd2460f989d7e41c822e', '27', '17', 'InUse', '大妈用杯子挡电梯致电梯爆炸  乘坐电梯要注意了', null, 'admin', '4', '2017-08-04 15:05:49');
INSERT INTO `cms_chapter` VALUES ('979', '<html>\r\n<head>\r\n	<title></title>\r\n</head>\r\n<body>\r\n<p>P图已经成为现代人舍弃不了的一项技能。但是小编想在这里说，除了PS，它也能让你花容月貌。化妆品，越来越多人离不开的&ldquo;美颜&rdquo;神器。如今也有越来越多的网络红人在录制化妆教程时推荐一些化妆品。</p>\r\n\r\n<p><img alt=\"\" src=\"http://47.93.46.185:80/filee/viewPic.do?manageKey=be90f6a4b8224b1ee8d5f4e0da7119ec\" style=\"height:690px; width:690px\" /></p>\r\n\r\n<p>国内化妆品的市场规模正随着居民收入的增长、城镇化的提升、化妆品消费观念的转变而保持着稳定的增长。</p>\r\n\r\n<p>目前我国化妆品消费总额已经超过日本，成为仅次于美国的世界第二大化妆品消费市场，这也证明了同胞们深刻意识到：</p>\r\n\r\n<p style=\"text-align:center\">美，不是为了取代他人</p>\r\n\r\n<p style=\"text-align:center\">而是为了遇见更好的自己</p>\r\n\r\n<p><strong>一花一故事</strong></p>\r\n\r\n<p>每一朵花都有它独特的花语，都有其独特的故事。</p>\r\n\r\n<p>例如，白玫瑰：我足以与你相配，</p>\r\n\r\n<p>你是唯一与我相配的人；</p>\r\n\r\n<p>熏衣草：等待爱情；</p>\r\n\r\n<p>樱花：生命/等你回来&hellip;&hellip;</p>\r\n\r\n<p>这次，我们来说说它的故事。</p>\r\n\r\n<p><img alt=\"\" src=\"http://47.93.46.185:80/filee/viewPic.do?manageKey=0c38ac54950a6478b5dc1df5d73a4d5d\" style=\"height:503px; width:690px\" /></p>\r\n\r\n<p>山茶花的花语是理想的爱/谦让。而，有一个人赋予了它独特的故事----盗美计。</p>\r\n\r\n<p>郑涵予经历了失去挚爱自己的养父之后，痛苦不已，她含着泪带父亲回到儿时的茶山---他们的家乡。在这个满是回忆的地方，她忘不掉父亲每次在山上为她讲昭君出赛的故事，更忘不了每次生病，奶奶利用熟知的草药知识为其治病。她想做点什么，将养父和奶奶的恩情化为大爱永恒传递，也将茶山的美丽情怀散播世界。</p>\r\n\r\n<p>2014年，&ldquo;盗美计&rdquo;品牌成立。在它所被赋予的价值体系里，牢牢的渗透着感恩、自然、绿色、健康的精神理念，并把山茶花作为这一核心体系的代表。山茶花是父爱的寄托，是自然的赏赠，是健康美丽的象征，它孕育着令人感动的坚强灵魂。</p>\r\n\r\n<p>这个故事的结束并不是产品的产出，更多的是健康、纯粹的天然取材和温和、安全的使用效果令东方女性爱不释手，在国际市场上，&ldquo;盗美计&rdquo;也以破竹之势改变着世界对中国本土化妆品牌的一贯印象，如&ldquo;昭君出塞&rdquo;般袭领着一段新的传奇！</p>\r\n\r\n<p style=\"text-align:center\"><strong>盗自然之精华，焕肌肤之美丽。</strong></p>\r\n\r\n<p><strong>质量才是硬道理</strong></p>\r\n\r\n<p>在越来越多的化妆品牌层出不穷的时代里，挑选一款健康无刺激的化妆品就显的尤为重要。如何在众多产品中找到值得信赖的呢？郑涵予也深深地考虑了这个问题并且最终解决了老百姓的担忧。</p>\r\n\r\n<p>予邦生物科技经过中国质量万里行促进会的评估确认，达到了质量检测的标准。并被授予了其会员单位荣誉证书，有了质量的保证，盗美计收到了广大女性朋友的追捧。&nbsp;</p>\r\n\r\n<p><img alt=\"\" src=\"http://47.93.46.185:80/filee/viewPic.do?manageKey=291912edc7edfd479b8bc1331c875807\" style=\"height:690px; width:690px\" /></p>\r\n\r\n<p style=\"text-align:center\"><strong>你，离美还差一步</strong></p>\r\n\r\n<p>你一定觉得如此高质量的产品已经算是完美了。可小编这里还是想说，为了让你更加了解此产品，为了让你离美更进一步，那么，FOLLOW ME!</p>\r\n\r\n<p>予邦秉持&ldquo;尊崇自然本真，取材有机纯粹&rdquo;的研发承诺，旗下所有产品原料均取自绿色、健康的天然草本植物，并格外注重创新技术的运用，于产品配方中彰显科学护肤魅力。产品研发过程中，予邦积极与国外多家知名化妆品公司合作，力推新型优质的天然护肤佳品，使公司产品始终走在国际前端，确保品牌的市场竞争力和生命力。</p>\r\n\r\n<p>多年来，予邦科技以&ldquo;追求卓越，诚信为本，互利共赢&rdquo;为经营理念，不断突破进取，为亿万女性追求更高、更远的美丽梦想，铸造最高品质、最佳效果的安全美肤品牌，未来，公司将继续以真诚的服务和优质的产品回馈广大客户、合作伙伴及社会各界，用看得见的成绩续写东方美丽传奇！</p>\r\n\r\n<p style=\"text-align:center\"><strong>从此，你的世界不再只是美颜。</strong></p>\r\n</body>\r\n</html>\r\n', '2017-08-03 11:02:25', 'fbe4010c534125b00bc0eee6e561a0d3', '1', '17', 'InUse', 'PS？有它就够了', '648', 'admin', '3', '2017-10-24 10:23:27');
INSERT INTO `cms_chapter` VALUES ('980', '<html>\r\n<head>\r\n	<title></title>\r\n</head>\r\n<body>\r\n<p>民以食为天，食品安全现已成为全世界民众普遍关注的热点问题，人们对于食材品质的要求也日渐提高，生态有机食品成为热门产业。近日，我会质量维护工程考察组走进广东河源市，立足于农产品质量领域，以发现优质企业为己任，实地走访考察企业并及时、准确地向消费者提供满意放心的产品质量信息。</p>\r\n\r\n<p>质量维护工程考察活动在当地取得了阶段性的成果，其中，河源东江康之源有机食品有限公司凭借纯天然的有机绿色产品、得天独厚的自然养殖环境和宾至如归的服务品质, 成功入围了质量维护工程活动,并由中国质量万里行促进会授予促进会会员单位的称号。</p>\r\n\r\n<p>河源东江康之源有机食品有限公司是一家集有机蔬菜种植、家禽散养、野生鱼养殖于一体的生态庄园企业。公司致力于寻觅无污染净土，打造健康有机农场。</p>\r\n\r\n<p>种植区精选河源市的深山荒地为天然菜地，蔬果谷物种植全程无农药、无化肥、无激素，并杜绝使用辐射和转基因等现代技术，确保供应新鲜无公害的健康食品。</p>\r\n\r\n<p><img alt=\"\" src=\"http://47.93.46.185:80/filee/viewPic.do?manageKey=1515e6e8e539b0033965d3b8676293b8\" style=\"height:459px; width:690px\" /></p>\r\n\r\n<p>养殖区则以华南最大的生态旅游名胜&mdash;&mdash;万绿湖为主，采用古朴传统的养殖技术，把万绿湖的河汊用沉箱网拦截形成养殖场，天然繁殖野生鱼，达到以鱼治水的生态环保养殖效果。</p>\r\n\r\n<p><img alt=\"\" src=\"http://47.93.46.185:80/filee/viewPic.do?manageKey=4852d582c2fcd7081ebb35b14a984d7b\" style=\"height:388px; width:690px\" /></p>\r\n\r\n<p>散养家禽的粪便是蔬果谷物的天然肥料，蔬果谷物又滋养着家禽和野生鱼，这些生态循环养殖方式都得利于康之源的员工，他们多为当地勤劳淳朴的老农民和老渔民，是农耕文化的传承者，孰知各种农产品的培育、种植、养殖方法。</p>\r\n\r\n<p>同时公司的两大主要农场持有供港澳蔬菜种植基地检验检疫备案证书，农场生产的十多种蔬果稻谷品种、散养家禽品种和天然野生鱼系列都已获得有机认证。天然健康食材热销香港、深圳、广州、河源等地，消费者好评不断，目前，康之源有机食品有限公司已成为河源农产品首屈一指的龙头企业。</p>\r\n\r\n<p><br />\r\n<img alt=\"\" src=\"http://47.93.46.185:80/filee/viewPic.do?manageKey=07834418f9df42070e7f139ab1234e1d\" style=\"height:457px; width:690px\" /></p>\r\n\r\n<p>康之源一直坚持经营理念不会只重视店主出品如菜式味道及卖相，亦不会只顾赚钱，他们更关心的是客人的健康及食材的来源，务求为食客提供最新鲜及健康的食品。</p>\r\n\r\n<p>康之源有机食品有限公司将进一步配合我会&ldquo;质量维护工程&rdquo;的活动,秉承&ldquo;坚持把健康资源带给需要健康的人&rdquo;的理念，继续生产生态有机农产品，让所有热爱健康的人品尝大自然的味道，享受大自然的馈赠。</p>\r\n\r\n<p>&nbsp;</p>\r\n</body>\r\n</html>\r\n', '2017-08-03 11:21:30', 'afb2f89ee4d83b9bc7942edc4969742a', '2', '8', 'InUse', '康之源打造有机生态庄园', '627', 'admin', '3', null);
INSERT INTO `cms_chapter` VALUES ('981', '<html>\r\n<head>\r\n	<title></title>\r\n</head>\r\n<body>\r\n<p>日前，质检总局、国家标准委批准发布了涉及月球数字地图、月球探测数据产品、月球影像图等方面的7项国家标准，这些标准为提升月球与行星探测数据的处理、组织、管理、共享，提高我国月球与行星探测数据基础研究和应用水平将发挥重要作用。</p>\r\n\r\n<p>《月球数字地图质量检查与验收》提出了月球数字地图产品检查和验收的基本要求、实施过程和质量评定方法，适用于对月球数字地图产品的质量检查和验收。《月球信息要素数据字典》规范了月球信息要素的内容组成及其数据字典的结构组成、内容和扩充原则，适用于月球信息要素数据字典的设计编制，可作为月球信息要素描述、处理、交换、发布和应用的依据。《月球探测数据产品分级与命名》对月球探测数据产品进行了分级，给出数据文件命名规则，适用于月球探测数据的处理、管理、共享与应用。《月球与行星数据产品格式规范》明确了月球探测与行星探测数据产品的格式和结构，适用于月球探测与行星探测数据产品的生成、分发和应用。《月球信息元数据》规定了月球信息元数据的结构与内容，定义了月球信息元数据的数据字典，适用于各类月球信息的描述、生成、存档、发布、交换与应用。《月球影像平面图制作规范》提出了从1:2500000到1:10000比例的月球影像平面图的规格、精度及制作的要求，适用于利用月球遥感影像资料制作相对应比例的影像平面图。《月球数字高程模型数据制作规范》研究了利用环月探测获取的立体影像数据制作月球数字高程模型的影像数据质量、摄影测量处理、规格、精度及产品内容，适用于从1:2500000到1:10000等8种比例尺月球数字高程模型的制作。</p>\r\n\r\n<p>据中科院国家天文台左维研究员介绍，在月球与行星探测数据产品生产领域，依据相关标准，地面应用系统生产了嫦娥一号、嫦娥二号及嫦娥三号0&mdash;&mdash;3级产品的多种科学载荷基础产品以及大量高级数据产品，制作了大量月球地形影像图，用于嫦娥月球探测工程用图决策支持，获得了国家领导及社会群众的广泛关注。</p>\r\n\r\n<p>依据相关标准，探月工程地面应用系统研制了月球与行星探测数据归档管理系统，支持对月球与行星探测数据产品进行存储、归档、查询、检索、下载等功能，方便用户获取月球探测数据的同时，使得月球探测数据具备良好的可读性与易用性，为数据的长期有效应用提供了保障。探月工程地面应用系统存储和归档了数十TB月球空间信息数据并对外提供月球空间信息服务。如对嫦娥一号全月球120米DOM数据、500DEM数据和嫦娥二号7米分辨率影像数据进行分幅处理，形成数据量约1TB的分幅影像和DEM数据，并通过探月数据发布网站进行发布。截至目前，已经为包括美国、俄罗斯、英国、台湾、香港、澳门等国家和地区近100个研究院所提供了上100TB分幅形貌数据。为国内从事月球及相关领域的科研机构与人员提供了包含月表形貌、月壤特性、月表地质构造及物质成分、月基天文观测和月基对地等离子体观测等方面宝贵的第一手基础信息，研究人员利用这些数据已正式发表了数百篇研究论文，促进了我国月球与行星科学领域研究水平及国际影响力的提升。</p>\r\n\r\n<p>依据相关标准，探月工程地面应用系统还开展了月球与行星探测数据基础研究与应用，编著出版并检查验收了探月工程丛书嫦娥系列图集，如《嫦娥一号全月球影像地图集》《嫦娥一号全月球地形图集》《嫦娥二号高分辨率月球虹湾地貌图集》，制作了不同尺寸的月球仪，展现了月球探测获取的丰富成果。</p>\r\n</body>\r\n</html>\r\n', '2017-08-04 14:54:05', '437180a05d4fdf1e4bd1dd7974d48378', '1', '7', 'InUse', '质检总局、国家标准委批准发布涉及月球数字地图等方面的7项国家标准', null, 'admin', '1', null);
INSERT INTO `cms_chapter` VALUES ('982', '<html>\r\n<head>\r\n	<title></title>\r\n</head>\r\n<body>\r\n<p>8月2日，中俄总理定期会唔委员会经贸合作分委员会第20次会议在上海国家会展中心隆重举行，会议由中国商务部部长钟山和俄罗斯经济发展部部长奥列什金共同主持。</p>\r\n\r\n<p>中国合格评定国家认可委员会（CNAS）秘书长肖建华和俄罗斯联邦认可局局长赫尔松采夫应邀参加全体会议，并在钟山和奥列什金两位部长共同见证下签署《中国合格评定国家认可委员会与俄罗斯联邦认可局备忘录》。</p>\r\n\r\n<p>根据备忘录，中俄两国国家认可机构将在中俄标准计量认证和检验监管常设工作组框架下，建立长期合作机制，开展密切合作，推动中俄两国认证机构、实验室和检验机构等认可结果相互承认，共同推动中俄两国政府监管部门采信认可结果。</p>\r\n\r\n<p>双方还将建立正式联络机制，在合格评定技术、能力验证和人员培训等方面开展交流，并在确定双方认可体系协调一致的方法和准则，同时提出双方认可互认的建议，联合开展评审相关能力与方法技术研究，在共同感兴趣的领域开发联合认可计划等方面进行合作。</p>\r\n\r\n<p>据悉，目前我国在多边互认方面已签署了12项国际多边认可互认协议，在双边合作方面与国外认可机构签署双边协议的国家达到22个。在检验检测认证结果取得广泛国际承认的同时，认可工作正通过搭建能力信任的平台，为经济发展、质量提升提供动力，为助力我国走上质量效益型发展道路作出重要贡献。</p>\r\n</body>\r\n</html>\r\n', '2017-08-04 14:56:24', '2ba4a0719d50a2ca0b0536d6741777eb', '2', '4', 'InUse', '我国与俄罗斯签署认可合作备忘录', null, 'admin', '1', null);
INSERT INTO `cms_chapter` VALUES ('983', '<html>\r\n<head>\r\n	<title></title>\r\n</head>\r\n<body>\r\n<p>&nbsp;7月6日，市质监局会同闵行区市场监管局对其辖区内部分超市卖场开展零售预包装商品计量监督检查。</p>\r\n\r\n<p>检查发现，受检查企业对定量包装和零售预包装商品净含量管理总体情况良好，但仍发现存在个别零售预包装商品去皮不足、商品净含量标注不规范、电子计价秤配置不合理、未严格使用法定计量单位的现象。市质监局和闵行区市场监管局根据现场检查情况，从法制计量管理角度对存在问题进行了现场纠正和业务指导，督促和帮扶企业及时落实整改，并做好后续跟踪检查的安排。</p>\r\n\r\n<p>下一步，上海市质监局将结合去年年底在中心城区及今年上半年部分郊区检查的结果汇总情况，持续在全市范围内开展有针对性的计量专项检查，严厉打击计量违法违规行为，整体提升本市商品量管理工作水平，有效维护消费者合法权益。</p>\r\n\r\n<p>&nbsp;</p>\r\n\r\n<p>（上海市质量技术监督局）</p>\r\n</body>\r\n</html>\r\n', '2017-08-04 15:05:26', '61136fc17115f9a0aca410a699f4cb1f', '1', '2', 'InUse', '上海市质监局组织开展零售预包装商品净含量计量监督检查', null, 'admin', '4', null);
INSERT INTO `cms_chapter` VALUES ('984', '<html>\r\n<head>\r\n	<title></title>\r\n</head>\r\n<body>\r\n<p>广东省质量技术监督局：</p>\r\n\r\n<p>《广东省质监局关于明确叉车使用特定区域的请示》（粤质监〔2017〕21号）、《广东省质监局关于场（厂）内专用机动车辆修理许可有关问题的请示》（粤质监〔2017〕63号）、《广东省质监局关于场（厂）内专用机动车辆使用登记有关问题的请示》（粤质监〔2017〕82号）收悉。经研究，回复如下：</p>\r\n\r\n<p>一、关于场（厂）内专用机动车辆的修理、改造许可</p>\r\n\r\n<p>按照行政许可改革的有关要求，总局正在修订包括场（厂）内专用机动车辆（以下简称&ldquo;场车&rdquo;）修理许可在内的特种设备生产单位许可规则。在新的许可规则颁布施行前，机动工业车辆（叉车）和非公路用旅游观光车辆的修理许可条件，分别按照《机电类特种设备安装改造维修许可规则（试行）》（国质检锅〔2003〕251号）中起重机械（轻小型起重设备）和大型游乐设施修理的B级许可条件，以及《质检总局办公厅关于实施&lt;场（厂）内专用机动车辆安全技术监察规程&gt;若干问题的通知》 (质检办特函〔2017〕523号)中关于行政许可的要求执行。鉴于以上工作各省进度不一，此项工作过渡期至2017年12月31日。</p>\r\n\r\n<p>按照《场(厂)内专用机动车辆安全技术监察规程》（TSG N0001-2017，以下简称场车规程）第2.1.1条（3）项的要求，场车改造应当由取得相应制造许可的单位实施，其改造许可范围对应到制造许可证中设备的品种、主参数（含叉车防爆等级，下同）。为方便企业，按照行政许可改革的精神，已经取得场车制造许可的单位，可以从事其制造许可范围内场车的改造、修理，无需再单独取证。</p>\r\n\r\n<p>二、关于在用场车的使用登记</p>\r\n\r\n<p>2017年6月1日场车规程实施之前，以自然人作为使用单位已经办理场车使用登记的，目前继续有效。使用登记机关应督促使用登记的自然人办理营业执照，并在2018年12月31日之前变更使用登记。</p>\r\n\r\n<p>三、关于场车使用区域的问题</p>\r\n\r\n<p>依据《特种设备安全法》，总局于2014年10月公布了新修订的《特种设备目录》，纳入监管的场车使用区域，限定为工厂厂区、旅游景区、游乐场所。</p>\r\n\r\n<p>&nbsp;</p>\r\n\r\n<p>&nbsp;&nbsp;&nbsp;&nbsp;&nbsp;&nbsp;&nbsp;&nbsp;&nbsp;&nbsp;&nbsp;&nbsp;&nbsp;&nbsp;&nbsp;&nbsp;&nbsp;&nbsp;&nbsp;&nbsp;&nbsp;&nbsp;&nbsp;&nbsp;&nbsp;&nbsp;&nbsp;&nbsp;&nbsp;&nbsp;&nbsp;&nbsp;&nbsp;&nbsp;&nbsp;&nbsp;&nbsp;&nbsp;&nbsp;&nbsp;&nbsp;&nbsp;&nbsp;&nbsp;&nbsp;&nbsp;&nbsp;&nbsp;&nbsp;&nbsp;&nbsp;&nbsp;&nbsp;&nbsp;&nbsp;&nbsp;&nbsp;&nbsp;&nbsp;&nbsp;&nbsp;&nbsp;&nbsp;&nbsp;&nbsp;&nbsp;&nbsp;&nbsp;&nbsp;&nbsp;&nbsp;&nbsp;&nbsp;&nbsp;&nbsp;&nbsp;&nbsp;&nbsp;&nbsp; 质检总局办公厅&nbsp;&nbsp;&nbsp;&nbsp;&nbsp;&nbsp;&nbsp;&nbsp;&nbsp;&nbsp;</p>\r\n\r\n<p>&nbsp;&nbsp;&nbsp;&nbsp;&nbsp;&nbsp;&nbsp;&nbsp;&nbsp;&nbsp;&nbsp;&nbsp;&nbsp;&nbsp;&nbsp;&nbsp;&nbsp;&nbsp;&nbsp;&nbsp;&nbsp;&nbsp;&nbsp;&nbsp;&nbsp;&nbsp;&nbsp;&nbsp;&nbsp;&nbsp;&nbsp;&nbsp;&nbsp;&nbsp;&nbsp;&nbsp;&nbsp;&nbsp;&nbsp;&nbsp;&nbsp;&nbsp;&nbsp;&nbsp;&nbsp;&nbsp;&nbsp;&nbsp;&nbsp;&nbsp;&nbsp;&nbsp;&nbsp;&nbsp;&nbsp;&nbsp;&nbsp;&nbsp;&nbsp;&nbsp;&nbsp;&nbsp;&nbsp;&nbsp;&nbsp;&nbsp;&nbsp;&nbsp;&nbsp;&nbsp;&nbsp;&nbsp;&nbsp;&nbsp;&nbsp;&nbsp;&nbsp;&nbsp;&nbsp;&nbsp;&nbsp;2017年8月1日</p>\r\n\r\n<p>（此件公开发布）</p>\r\n\r\n<p>&nbsp;</p>\r\n\r\n<p>&nbsp;</p>\r\n\r\n<p>抄送：各省、自治区、直辖市质量技术监督局（市场监督管理部门）。</p>\r\n</body>\r\n</html>\r\n', '2017-08-04 15:06:41', 'aca032293226d6777cafdb59347812e0', '2', '3', 'InUse', '质检总局办公厅关于场（厂）内专用机动车辆安全监察工作有关问题的函(质检办特函〔2017〕1026号)', null, 'admin', '4', null);
INSERT INTO `cms_chapter` VALUES ('985', '<html>\r\n<head>\r\n	<title></title>\r\n</head>\r\n<body>\r\n<p>央视网消息（新闻联播）：中共中央总书记、国家主席、中央军委主席习近平26日下午出席了在京召开的军队领导干部会议并发表重要讲话。习近平强调，中国特色社会主义进入了新时代，国防和军队建设也进入了新时代。人民军队要不忘初心、牢记使命，认真学习贯彻党的十九大精神，深入学习贯彻新时代党的强军思想，坚定不移走中国特色强军之路，全面推进国防和军队现代化，为实现党在新时代的强军目标、到本世纪中叶把人民军队全面建成世界一流军队、实现中华民族伟大复兴的中国梦而努力奋斗。</p>\r\n\r\n<p>习近平指出，党的十八大以来的5年，是党和国家发展进程中极不平凡的5年，也是我军发展进程中极不平凡的5年。中央军委坚决贯彻党中央决策部署，全面把握国际国内大势，紧紧围绕党和国家工作大局，扭住建设一支听党指挥、能打胜仗、作风优良的人民军队，贯彻新形势下军事战略方针，提出一系列重大方针原则，作出一系列重大决策部署，推进一系列重大工作，特别是贯彻落实新时代党的强军思想，带领全军在中国特色强军之路上迈出坚定步伐，开创了强军事业新局面。</p>\r\n\r\n<p>习近平总结了上一届中央军委的主要工作。他说，5年来，中央军委直面问题、勇于变革、攻坚克难，坚持党对军队的绝对领导，创新军事战略指导，深化国防和军队改革，加强军事斗争准备，狠抓练兵备战实战化，扎实推进军队现代化建设，坚持向科技创新要战斗力，提高依法治军水平，推进军民融合深度发展，坚定不移正风肃纪反腐，恢复了一些带根本性的东西，破解了一些深层次矛盾，取得了一些开创性成果，推动国防和军队建设上了一个大台阶。</p>\r\n\r\n<p>习近平指出，刚刚闭幕的党的十九大开得很成功，对于决胜全面建成小康社会、夺取新时代中国特色社会主义伟大胜利、实现中华民族伟大复兴的中国梦具有十分重大的意义，对在新的历史起点上推进国防和军队现代化建设也具有十分重大的意义。党的十九大着眼于国家安全和发展战略全局，对国防和军队现代化作出战略安排，强调要确保到2020年基本实现机械化，信息化建设取得重大进展，战略能力有大的提升，力争到2035年基本实现国防和军队现代化，到本世纪中叶把人民军队全面建成世界一流军队。当前和今后一个时期，全党全国全军的首要政治任务就是学习贯彻党的十九大精神。</p>\r\n\r\n<p>习近平强调，全军要认真落实党中央和中央军委部署要求，迅速兴起学习贯彻党的十九大精神的热潮，努力走在前列。学习贯彻党的十九大精神，关键要实。要坚持理论联系实际，坚持学用一致，坚持领导带头，在武装头脑、指导实践、推动工作上下功夫，务求取得实实在在的效果。</p>\r\n\r\n<p>习近平强调，要在统一思想、凝聚力量上取得实效。系统学习党的十九大报告和党章等重要文件，深入学习新时代中国特色社会主义思想和基本方略，突出学习新时代党的强军思想，引导官兵强化&ldquo;四个意识&rdquo;、增强&ldquo;四个自信&rdquo;，把思想和行动统一到党的十九大精神上来。要在认清使命、强化担当上取得实效。深刻领会党中央的战略考量，充分认清强军的光明前景，充分认清肩上沉甸甸的担子，只争朝夕，紧抓快干，确保完成党和人民赋予的新时代使命任务。要在推动工作、见诸行动上取得实效。把党的十九大的战略部署转化为工作思路、工作举措和具体行动，强化落实意识，坚持问题导向，以钉钉子精神做实做细做好各项工作，把国防和军队建设各项任务不折不扣落到实处。</p>\r\n\r\n<p>习近平指出，党的十九届一中全会决定了新一届中央军委组成人员，这是我们党从全局出发作出的重大政治安排。新一届军委班子要牢记党和人民重托，牢记全军官兵期望，全力以赴做好军委工作。我军高级干部是强军事业的中坚力量，身上千钧重担，身后千军万马，必须对党忠诚、听党指挥，必须善谋打仗、能打胜仗，必须锐意改革、勇于创新，必须科学统筹、科学管理，必须厉行法治、从严治军，必须作风过硬、作出表率，以饱满的精神状态和奋斗姿态为党工作，忠实履行好职责。</p>\r\n\r\n<p>习近平强调，要按照军委部署要求，继续做好年底前军队各方面工作，确保高标准完成年度各项任务。要加强思想政治建设，围绕学习贯彻党的十九大精神，深入贯彻古田全军政治工作会议精神，从严从紧加强军队党的建设，保持政治整训劲头和力度。要毫不松懈做好练兵备战工作，把各项工作抓得很深入、很细致，坚定维护国家战略全局稳定。要加快推进我军建设发展&ldquo;十三五&rdquo;规划任务落实，确保各项建设任务顺利完成。要继续推进国防和军队改革，按计划落实好各项改革任务。要狠抓全面从严治军，坚持严字当头、一严到底，把全面从严治军贯穿我军建设各领域全过程。要根据党的十九大精神筹划好明年和今后一个时期的工作，深入思考我军建设发展重大战略问题，为明年工作开局做好准备。</p>\r\n\r\n<p>中共中央政治局委员、中央军委副主席许其亮，中共中央政治局委员、中央军委副主席张又侠，范长龙同志出席会议并讲话。</p>\r\n\r\n<p>会议召开前，习近平亲切会见出席党的十九大的解放军和武警部队全体代表、特邀代表、列席人员，并同大家合影留念。</p>\r\n\r\n<p>国务委员兼国防部长常万全和中央军委委员魏凤和、李作成、苗华、张升民以及赵克石、吴胜利、马晓天同志出席会议。解放军各战区、各军兵种、军委机关各部门、军事科学院、国防大学、国防科技大学和武警部队主要领导参加会议。</p>\r\n</body>\r\n</html>\r\n', '2017-10-27 16:05:06', '46ad08ec52818b498d3317b1a7308d13', '1', '43', 'InUse', '习近平出席军队领导干部会议并发表重要讲话强调 为实现党在新时代的强军目标 把人民军队全面建成世界一流军队而奋斗', '681', 'admin', '8', '2017-10-27 16:05:27');
INSERT INTO `cms_chapter` VALUES ('986', '<html>\r\n<head>\r\n	<title></title>\r\n</head>\r\n<body>\r\n<p>新华社北京11月10日电&nbsp; 中共中央总书记、国家主席习近平10日上午乘专机离开北京，应越南社会主义共和国主席陈大光邀请，赴越南岘港出席亚太经合组织第二十五次领导人非正式会议；应越南共产党中央委员会总书记阮富仲、越南社会主义共和国主席陈大光，老挝人民革命党中央委员会总书记、老挝人民民主共和国主席本扬邀请，对越南、老挝进行国事访问。</p>\r\n\r\n<p>陪同习近平出访的有：中共中央政治局委员、中央书记处书记、中央办公厅主任丁薛祥，中共中央政治局委员、中央财经领导小组办公室主任刘鹤，中共中央政治局委员、国务委员杨洁篪等。</p>\r\n</body>\r\n</html>\r\n', '2017-11-10 15:24:32', '1e4ed1a9b211939c59944d08b80f79a6', '1', '3', 'InUse', '习近平离京出席亚太经合组织第二十五次领导人非正式会议并对越南社会主义共和国、老挝人民民主共和国进行国事访问', null, 'admin', '7', null);
INSERT INTO `cms_chapter` VALUES ('987', '<html>\r\n<head>\r\n	<title></title>\r\n</head>\r\n<body>\r\n<p>习近平同美国总统特朗普举行会谈</p>\r\n</body>\r\n</html>\r\n', '2017-11-10 15:24:58', '232e07e9561a4fff950c6f433a204c3c', '2', null, 'InUse', '习近平同美国总统特朗普举行会谈', null, 'admin', '7', null);
INSERT INTO `cms_chapter` VALUES ('988', '<html>\r\n<head>\r\n	<title></title>\r\n</head>\r\n<body>\r\n<p>据西班牙《公众报网站》11月8日报道，世界上多数人口都集中在城市。过去几个世纪以来，一些城市的人口增长迅猛，形成了超级大城市或城市群。根据2017年1月的最新数据，让我们来盘点一下目前世界上人口最多的10座大都市，其中一些城市的人口远远超过了2200万。</p>\r\n\r\n<p>1.珠三角都市区。由广州、佛山、深圳及东莞组成的珠三角都市区居民数量已达4860万，成为全球面积最大、人口最多的都市区。其中广州因吸引了大量外国人的定居还获得了&ldquo;第三世界首都&rdquo;之称。</p>\r\n</body>\r\n</html>\r\n', '2017-11-10 15:25:24', '3bffb1f8c9a71d569911fb92a683b5e6', '3', null, 'InUse', '世界上人口最多的十座城市 中国两城市上榜', null, 'admin', '7', null);

-- ----------------------------
-- Table structure for `cms_comment`
-- ----------------------------
DROP TABLE IF EXISTS `cms_comment`;
CREATE TABLE `cms_comment` (
  `id` int(11) NOT NULL AUTO_INCREMENT,
  `conent` text,
  `create_time` datetime DEFAULT NULL,
  `email` varchar(255) DEFAULT NULL,
  `manageKey` varchar(255) DEFAULT NULL,
  `phone` varchar(255) DEFAULT NULL,
  `reply_status` enum('Yes','No') DEFAULT NULL,
  `user` varchar(255) DEFAULT NULL,
  `remark` text,
  PRIMARY KEY (`id`)
) ENGINE=InnoDB AUTO_INCREMENT=6 DEFAULT CHARSET=utf8;

-- ----------------------------
-- Records of cms_comment
-- ----------------------------
INSERT INTO `cms_comment` VALUES ('1', 'test444d', '2017-10-27 14:54:33', 'test01@163.comc', '62de6a5fd64c03788b69ce0fd00a6f35', 'test2b', 'Yes', 'testa', '正在联系');
INSERT INTO `cms_comment` VALUES ('2', '测试', '2017-10-27 15:09:15', null, 'baa43c393159e3f21496fb7e4b725b51', '13717591984', null, '胡', null);
INSERT INTO `cms_comment` VALUES ('3', 'sss', '2017-10-27 15:34:45', '', 'f8e770f37245e5fd68bbcf85d07b02f0', 'ss', null, 'sss', null);
INSERT INTO `cms_comment` VALUES ('4', '3', '2017-10-27 15:35:27', '2', 'e73fecb5f2f1222db2940ad236db1fe3', '1', null, '1', null);
INSERT INTO `cms_comment` VALUES ('5', '网站搞得不错嘛！', '2017-10-27 15:36:22', 'zoozle@qq.com', '146efdca79fd7367e496110b229fb8d2', '13717591984', null, '胡桥', null);

-- ----------------------------
-- Table structure for `cms_friend_link`
-- ----------------------------
DROP TABLE IF EXISTS `cms_friend_link`;
CREATE TABLE `cms_friend_link` (
  `id` int(11) NOT NULL AUTO_INCREMENT,
  `manageKey` varchar(255) DEFAULT NULL,
  `name` varchar(255) DEFAULT NULL,
  `order_num` int(11) DEFAULT NULL,
  `status` enum('InUse','UnUse') DEFAULT NULL,
  `url` text,
  `picutre_file_id` int(11) DEFAULT NULL,
  PRIMARY KEY (`id`),
  KEY `FK3DCC8B057A6B6BB1` (`picutre_file_id`),
  CONSTRAINT `FK3DCC8B057A6B6BB1` FOREIGN KEY (`picutre_file_id`) REFERENCES `sys_file` (`id`)
) ENGINE=InnoDB AUTO_INCREMENT=28 DEFAULT CHARSET=utf8;

-- ----------------------------
-- Records of cms_friend_link
-- ----------------------------
INSERT INTO `cms_friend_link` VALUES ('1', '8099a846eb47d8c0ba59d0663565f5bb', '人民网', '8', 'InUse', 'http://www.people.com.cn/', null);
INSERT INTO `cms_friend_link` VALUES ('2', '8b003c759372665286d2ed613ebc951a', '央视网', '10', 'InUse', 'http://www.cctv.com', null);
INSERT INTO `cms_friend_link` VALUES ('3', 'f7489a0e8093b51856ec6a37d710e9f2', '新华网', '9', 'InUse', 'http://www.xinhuanet.com', null);
INSERT INTO `cms_friend_link` VALUES ('4', 'ce8d897189b7c953e5192c39f26f3d9c', '中国网', '7', 'InUse', 'http://www.china.com.cn', null);
INSERT INTO `cms_friend_link` VALUES ('5', '44ee9967b448b2beeac45eff79b885ad', '中青网', '9', 'InUse', 'http://www.youth.cn', null);
INSERT INTO `cms_friend_link` VALUES ('6', 'b19d34ac3ab2bae2ad78dd4bb79e75d8', '中国日报网', '11', 'InUse', 'http://www.chinadaily.com.cn', null);
INSERT INTO `cms_friend_link` VALUES ('7', '19d9bd026c4297e38901920735a3c7d1', '国际在线', '7', 'InUse', 'http://www.cri.com.cn', null);
INSERT INTO `cms_friend_link` VALUES ('8', '7f7eda760c14b722469f9ac661f070e6', '中广网', '8', 'InUse', 'http://www.cnr.cn', null);
INSERT INTO `cms_friend_link` VALUES ('9', 'ed88663acc50944b9ca5ad2b6fbcc866', '中青在线', '9', 'InUse', 'http://www.cyol.net', null);
INSERT INTO `cms_friend_link` VALUES ('10', 'ac3ea558547c229fb4c92d3093eeb77b', '东方网', '10', 'InUse', 'http://www.eastday.com', null);
INSERT INTO `cms_friend_link` VALUES ('11', '4e2ce92e7f2e7120edb2a3abd5b8fae3', '振兴东北网', '11', 'InUse', 'http://www.chinaneast.gov.cn', null);
INSERT INTO `cms_friend_link` VALUES ('12', '90c5573f1ac63d5424d618e3fd75e4b2', '求是日报', '12', 'InUse', 'http://www.qsjournal.com.cn', null);
INSERT INTO `cms_friend_link` VALUES ('13', 'c970d7c053efdec6026b06134d3349a4', '中国残疾人联合会', '13', 'InUse', 'http://www.cdpf.org.cn', null);
INSERT INTO `cms_friend_link` VALUES ('14', 'a49d0afe8baa191d28cd20a658d115f3', '南方网', '14', 'InUse', 'http://www.southcn.com', null);
INSERT INTO `cms_friend_link` VALUES ('15', 'a10af4e4c29b14e3940994be71247148', '北方网', '15', 'InUse', 'http://www.enorth.com.cn', null);
INSERT INTO `cms_friend_link` VALUES ('16', '5c9a794c1869cf047b57fb3ccd4456ff', '紫光阁', '16', 'InUse', 'http://www.zgg.org.cn', null);
INSERT INTO `cms_friend_link` VALUES ('17', '221b92b09211ddaa8075fe94a20d9a97', '文明网', '17', 'InUse', 'http://www.wenming.cn', null);
INSERT INTO `cms_friend_link` VALUES ('18', '51cfe763ccb55234bb0de5dd9758873f', '中国新闻网', '18', 'InUse', 'http://www.chinanews.com', null);
INSERT INTO `cms_friend_link` VALUES ('19', '6ddf3e67c91772a0fb0cc4f80189cb6d', '中国经济网', '19', 'InUse', 'http://www.ce.cn', null);
INSERT INTO `cms_friend_link` VALUES ('20', 'ee1b590c3facc257260bb294fd2552fa', '法制网', '20', 'InUse', 'http://www.legaldaily.com.cn', null);
INSERT INTO `cms_friend_link` VALUES ('21', '0d9440c85ef0327fd2fa0767a1a7d4eb', '光明网', '21', 'InUse', 'http://www.gmw.cn', null);
INSERT INTO `cms_friend_link` VALUES ('22', '6573df9e3af855f34ec40c091234d31c', '国家质量监督检验检疫总局', '1', 'InUse', 'http://www.aqsiq.gov.cn/', null);
INSERT INTO `cms_friend_link` VALUES ('23', '45df714c9b7c00d895a3afff5b7258a9', '国家工商行政管理总局', '2', 'InUse', 'http://www.saic.gov.cn/', null);
INSERT INTO `cms_friend_link` VALUES ('24', '5cad527916ee35a769bf8dc5acb4b1b1', '国家食品药品监督管理总局', '3', 'InUse', 'http://www.sda.gov.cn/WS01/CL0001/', null);
INSERT INTO `cms_friend_link` VALUES ('25', 'f77c8b4fbcf5e26fa40a45313f793a8d', '国家发展和改革委员会', '4', 'InUse', 'http://mp.toutiao.com/new_article/?article_type=0', null);
INSERT INTO `cms_friend_link` VALUES ('26', '4a15fe7629effe80b17d7cdd0709c6ec', '工业和信息化部', '5', 'InUse', 'http://www.miit.gov.cn/', null);
INSERT INTO `cms_friend_link` VALUES ('27', 'b49f3d60087a8a2e92fba5931e5e498e', '国家安全生产监督管理总局', '6', 'InUse', 'http://www.chinasafety.gov.cn/newpage/', null);

-- ----------------------------
-- Table structure for `cms_web_page`
-- ----------------------------
DROP TABLE IF EXISTS `cms_web_page`;
CREATE TABLE `cms_web_page` (
  `id` int(11) NOT NULL AUTO_INCREMENT,
  `_key` varchar(255) DEFAULT NULL,
  `manageKey` varchar(255) DEFAULT NULL,
  `name` varchar(255) DEFAULT NULL,
  `order_num` int(11) DEFAULT NULL,
  `status` enum('InUse','UnUse') DEFAULT NULL,
  PRIMARY KEY (`id`)
) ENGINE=InnoDB AUTO_INCREMENT=9 DEFAULT CHARSET=utf8;

-- ----------------------------
-- Records of cms_web_page
-- ----------------------------
INSERT INTO `cms_web_page` VALUES ('1', 'zhengcedongtai', 'cfe8b781042170084187e3115196552c', '新闻动态', '1', 'InUse');
INSERT INTO `cms_web_page` VALUES ('2', 'zhiliangredian', 'fada30c817d3226bd6d26df7ce3cdb3b', '质量新闻', '2', 'InUse');
INSERT INTO `cms_web_page` VALUES ('3', 'huiyuanfengcai', '48b52392cf8c4880fdf9dc244bf2a5d3', '企业风采', '3', 'InUse');
INSERT INTO `cms_web_page` VALUES ('4', 'hangyezixun', '186cbc30cb483d8d08c36d306ed97eb2', '行业资讯', '4', 'InUse');
INSERT INTO `cms_web_page` VALUES ('5', 'zhiliangbaoguang', 'acad77c0ffc4d644bf9c33fbed994915', '质量曝光', '5', 'InUse');
INSERT INTO `cms_web_page` VALUES ('6', 'huodonghuigu', '6f6789a5054377b7a999eb0cfaeb4dc7', '活动回顾', '6', 'InUse');
INSERT INTO `cms_web_page` VALUES ('7', 'shishiredian', '7c35c0be8d4b7f32f8abfa119c007950', '时事热点', '7', 'InUse');
INSERT INTO `cms_web_page` VALUES ('8', 'zhiliangqiangqi', '37decc6f9170fbc1128d56ef76d5cbff', '质量强企', '8', 'InUse');

-- ----------------------------
-- Table structure for `ppll_apply`
-- ----------------------------
DROP TABLE IF EXISTS `ppll_apply`;
CREATE TABLE `ppll_apply` (
  `id` int(11) NOT NULL AUTO_INCREMENT,
  `address` varchar(255) DEFAULT NULL,
  `band_num` varchar(255) DEFAULT NULL,
  `contact` varchar(255) DEFAULT NULL,
  `industry` varchar(255) DEFAULT NULL,
  `manageKey` varchar(255) DEFAULT NULL,
  `name` varchar(255) DEFAULT NULL,
  `regist_money` int(11) DEFAULT NULL,
  `remark` varchar(255) DEFAULT NULL,
  `tel` varchar(255) DEFAULT NULL,
  `status` enum('InUse','UnUse') DEFAULT NULL,
  `create_time` datetime DEFAULT NULL,
  PRIMARY KEY (`id`)
) ENGINE=InnoDB DEFAULT CHARSET=utf8;

-- ----------------------------
-- Records of ppll_apply
-- ----------------------------

-- ----------------------------
-- Table structure for `ppll_auth_org`
-- ----------------------------
DROP TABLE IF EXISTS `ppll_auth_org`;
CREATE TABLE `ppll_auth_org` (
  `id` int(11) NOT NULL AUTO_INCREMENT,
  `address` text,
  `coroprate_from` datetime DEFAULT NULL,
  `coroprate_to` datetime DEFAULT NULL,
  `manageKey` varchar(255) DEFAULT NULL,
  `name` varchar(255) DEFAULT NULL,
  `tel` varchar(255) DEFAULT NULL,
  `cert_file_id` int(11) DEFAULT NULL,
  `status` enum('InUse','UnUse') DEFAULT NULL,
  PRIMARY KEY (`id`),
  KEY `FKF14B2DACB5E82039` (`cert_file_id`),
  CONSTRAINT `FKF14B2DACB5E82039` FOREIGN KEY (`cert_file_id`) REFERENCES `sys_file` (`id`)
) ENGINE=InnoDB AUTO_INCREMENT=23 DEFAULT CHARSET=utf8;

-- ----------------------------
-- Records of ppll_auth_org
-- ----------------------------
INSERT INTO `ppll_auth_org` VALUES ('1', ' 四川成都青羊区大墙西街33号鼓楼国际34层（中盟兄弟）', '2017-01-01 00:00:00', '2017-12-31 00:00:00', '43e75a6d19cceb865497a6d0250ab5f9', '四川中盟兄弟文化传播有限公司', '028-66763330', null, 'InUse');
INSERT INTO `ppll_auth_org` VALUES ('2', '成都.天府五街美年广场D座9楼999', '2017-01-01 00:00:00', '2017-12-31 00:00:00', 'aa5d2867503bb8a24f43e84175b76fec', '四川中誉时代文化传媒有限公司', '18628366566', null, 'InUse');
INSERT INTO `ppll_auth_org` VALUES ('3', '佛山市南海区简平路1号天安数码城2期1618', '2016-07-30 00:00:00', '2017-07-29 00:00:00', 'ddf83fb926aaa44b492406990e850f57', '广东赤龙文化传媒有限公司', '0757-81019658', null, 'InUse');
INSERT INTO `ppll_auth_org` VALUES ('4', '苏州市吴中区木渎镇丹枫路388号企优托大楼五楼', '2016-12-23 00:00:00', '2017-12-22 00:00:00', '14d3232a37f9388575b9fb68ca957980', '跑得快（江苏）企业管理咨询服务有限公司', '18036837017', null, 'InUse');
INSERT INTO `ppll_auth_org` VALUES ('5', '浙江省杭州市江干区九盛路9号东方电子商务园7幢4-6层', '2016-12-05 00:00:00', '2017-12-04 00:00:00', 'bfc9ed720b68447d706a1d75ee9b81fb', '杭州会搜科技股份有限公司', '0571-58123002', null, 'InUse');
INSERT INTO `ppll_auth_org` VALUES ('6', '贵阳市南明区花果园贵阳国际中心2号3102-3103室', '2016-05-31 00:00:00', '2017-05-30 00:00:00', 'd1753b03f6cea345864bf6012c658650', '贵州奋斗鼎诺文化传播有限公司', '0851-88233773', null, 'InUse');
INSERT INTO `ppll_auth_org` VALUES ('7', '广州天河区黄村东路29号启星商业大厦D座B609', '2016-10-24 00:00:00', '2017-10-23 00:00:00', 'ce5aafd6eeafd972635703ac0833fed3', '广州慧涛信息科技有限公司', '15011770578', null, 'InUse');
INSERT INTO `ppll_auth_org` VALUES ('8', '上海市闵行区元江路5500号第1幢E4781室', '2017-01-01 00:00:00', '2017-12-01 00:00:00', 'fc12e03fc96546c717cc3b97c0acb487', '上海虔睿文化传媒有限公司', '021-60523137', null, 'InUse');
INSERT INTO `ppll_auth_org` VALUES ('9', '上海市闵行区宜山路1698号兴迪商务大厦802室', '2017-02-21 00:00:00', '2017-02-20 00:00:00', 'b7e32f2b1d6a47da787ed8faf6cd3197', '上海上为信文化传播有限公司', '021-60905199', null, 'InUse');
INSERT INTO `ppll_auth_org` VALUES ('10', '石家庄长安区和平东路336-2号时代方舟A-1-703号', '2017-01-01 00:00:00', '2017-12-31 00:00:00', '21090b5c0e4bb9c262f02dbc51e8984e', '石家庄创一网络科技有限公司', '0311-80827068', null, 'InUse');
INSERT INTO `ppll_auth_org` VALUES ('11', '大连市中山区鲁迅路盛世大厦1402', '2016-11-22 00:00:00', '2017-11-21 00:00:00', 'a1ba724a7935d5d8bc308760ecca970c', '新动力文化传媒（大连）有限公司', '18611178807', null, 'InUse');
INSERT INTO `ppll_auth_org` VALUES ('12', '济南市经十路19288号 鲁商广场B座 407-408室', '2016-09-12 00:00:00', '2017-09-11 00:00:00', '77bcef04353cf230913a67b6c704d3b7', '山东飞盛信息科技有限公司', '0531-55801518', null, 'InUse');
INSERT INTO `ppll_auth_org` VALUES ('13', '天津市和平区南市街庆善大街金耀广场5层北侧增1号', '2017-01-01 00:00:00', '2017-12-31 00:00:00', '82eeb7c0da6a7dfd7e4f3b4070eb5547', '天津汇杰成文化传播有限公司', '022-60778886', null, 'InUse');
INSERT INTO `ppll_auth_org` VALUES ('14', '潍坊市奎文区胜利东街东方名苑1号楼2单 元502室', '2016-10-30 00:00:00', '2017-10-29 00:00:00', '5860bf34cde607619ca2322098997d0b', '潍坊天音信息科技有限公司', '18853662566', null, 'InUse');
INSERT INTO `ppll_auth_org` VALUES ('15', '山东省临沂市兰山区通达路与北园路交汇1520室', '2016-09-24 00:00:00', '2017-09-23 00:00:00', 'aad19abbf9780ebe600d2593f72be28b', '临沂耀扬广告传媒有限公司', '0539-2066144', null, 'InUse');
INSERT INTO `ppll_auth_org` VALUES ('16', '河西区友谊北路51号合众大厦B座802室', '2017-01-01 00:00:00', '2017-12-31 00:00:00', '27348e0b9dd7e5f14e5b460b97e77d5c', '天津共创文化传播有限公司', '13682100829', null, 'InUse');
INSERT INTO `ppll_auth_org` VALUES ('17', '潍坊市高新区桃园街8999号北斗•地理信息产业园7号楼5层', '2017-01-01 00:00:00', '2017-12-31 00:00:00', '295e221d13f1554d1f8126d3edd64c65', '潍坊中视汇星文化传媒有限公司', '0536-7543216', null, 'InUse');
INSERT INTO `ppll_auth_org` VALUES ('18', '青岛市市南区香港中路10号颐和国际A座906室', '2016-12-08 00:00:00', '2017-12-07 00:00:00', '26a20e079db4204743a61399654f7eec', '青岛中视宏图文化传播有限公司', '0532-880066734', null, 'InUse');
INSERT INTO `ppll_auth_org` VALUES ('19', '天津市福安大街万兆科贸产业大厦A座1703室', '2016-11-15 00:00:00', '2017-11-14 00:00:00', 'cfe545c2d99a99c413fa4a5e176ea7c3', '北京中赢盛世信息技术有限公司', '15822027490', null, 'InUse');
INSERT INTO `ppll_auth_org` VALUES ('20', '青岛市北区重庆南路2号万科中心B座805', '2016-12-26 00:00:00', '2017-12-25 00:00:00', 'b24b8a50a32a54a34bf14a7678d7bac9', '青岛玖昌文化传媒有限公司', '18561362325', null, 'InUse');
INSERT INTO `ppll_auth_org` VALUES ('21', '山东临沂市政府西侧Iec 国际企业中心', '2016-08-01 00:00:00', '2017-07-31 00:00:00', '01d91c8027bf76cd78d9c3adfc0acc51', ' 山东唯创文化传媒有限公司', '0539-5320490', null, 'InUse');
INSERT INTO `ppll_auth_org` VALUES ('22', '陕西省西安市高新区高新三路西高智能大厦513室', '2016-10-28 00:00:00', '2017-10-27 00:00:00', '4ce4b8db2c6df206684523effc153ca9', '陕西永盛广告文化传媒有限公司', '18192511238', null, 'InUse');

-- ----------------------------
-- Table structure for `ppll_brand`
-- ----------------------------
DROP TABLE IF EXISTS `ppll_brand`;
CREATE TABLE `ppll_brand` (
  `id` int(11) NOT NULL AUTO_INCREMENT,
  `manageKey` varchar(255) DEFAULT NULL,
  `name` varchar(255) DEFAULT NULL,
  `order_num` int(11) DEFAULT NULL,
  `status` enum('InUse','UnUse') DEFAULT NULL,
  `url` varchar(255) DEFAULT NULL,
  `logo` int(11) DEFAULT NULL,
  PRIMARY KEY (`id`),
  KEY `FK89E8AA08ACDD5E41` (`logo`),
  CONSTRAINT `FK89E8AA08ACDD5E41` FOREIGN KEY (`logo`) REFERENCES `sys_file` (`id`)
) ENGINE=InnoDB AUTO_INCREMENT=241 DEFAULT CHARSET=utf8;

-- ----------------------------
-- Records of ppll_brand
-- ----------------------------
INSERT INTO `ppll_brand` VALUES ('17', 'e7361bd3f87fbffa01885071c5c69654', '北京巨腾科技有限公司', '1', 'InUse', 'http://www.bjjuteng.com/', '639');
INSERT INTO `ppll_brand` VALUES ('18', '65f927258f006306992591a8925b5901', ' 石家庄市桥西区二十一世纪美术培训学校', '2', 'InUse', 'http://www.4000600021.com/', '550');
INSERT INTO `ppll_brand` VALUES ('19', '3c5db2fd3f278a256b65e47f282c7801', '河北纳森空调有限公司', '3', 'InUse', 'http://www.nasen.com/', '551');
INSERT INTO `ppll_brand` VALUES ('20', 'fc71d47b51bed4059722c59b8dfd742d', '重庆予邦生物科技有限公司', '4', 'InUse', 'http://www.daomeiji.com/', '552');
INSERT INTO `ppll_brand` VALUES ('21', '5ce1e0c79aece4b9bf664b17f03975ee', '北京高普乐光电科技股份公司', '5', 'InUse', 'http://www.glopro.com.cn/', '553');
INSERT INTO `ppll_brand` VALUES ('22', 'ac01c1d95e51cb697707a1918b6fc6bd', '山东鲁菜根餐饮管理有限公司', '6', 'InUse', 'http://www.lucaigen.net/', '554');
INSERT INTO `ppll_brand` VALUES ('23', '76f96265c5dc61f57c61175cb2380c34', '南宫市罗康毛毡有限公司', '7', 'InUse', 'http://www.rolkingfelt.com/', '558');
INSERT INTO `ppll_brand` VALUES ('24', '59fde405c8176a6e5ac30447be683e71', '保定赛行阿胶有限公司', '8', 'InUse', 'http://www.haoejiao.net/', '559');
INSERT INTO `ppll_brand` VALUES ('25', '0870d3f442db0c734fba3a1e9fcfacd0', '成都市舒慰医疗科技有限公司', '9', 'InUse', 'https://shop1464195213313.1688.com/', '561');
INSERT INTO `ppll_brand` VALUES ('26', 'afa96cef9b62d48971917a98d3135d72', '河北双虎车业配件有限公司', '10', 'InUse', 'http://www.shcy168.cn/', '640');
INSERT INTO `ppll_brand` VALUES ('27', '932295f7c3216fe82c0ca73c28d9792d', '梅州新佳利石材有限公司', '11', 'InUse', 'http://www.gdxjl.com/', '641');
INSERT INTO `ppll_brand` VALUES ('28', 'bd58f03086020f61dec8b9952eccfbbe', '佛山市雅素丽艺术建材有限公司', '12', 'InUse', 'http://www.fsysl.cn/', '564');
INSERT INTO `ppll_brand` VALUES ('29', '95f17e4921093f9ddbaccb0413e19ed3', '北京予馨海韵教育咨询有限公司', '13', 'InUse', 'http://www.yuxinhaiyun.com/', '565');
INSERT INTO `ppll_brand` VALUES ('30', 'fcd02a39db2a90ceb02ec26635d09d36', '重庆小时候农业（集团）有限公司', '14', 'InUse', 'http://www.xiaoshihoudeai.com/', '566');
INSERT INTO `ppll_brand` VALUES ('31', 'e5488e18855319547db8ff28db9d4870', '广东船城食品有限公司', '15', 'InUse', 'http://ccfeng.cn/', '567');
INSERT INTO `ppll_brand` VALUES ('32', '3bea74e3450211b83907e8a41a7719c0', '河北梓熙科技有限公司', '16', 'InUse', 'http://www.zixikeji2009.com/index.html', '568');
INSERT INTO `ppll_brand` VALUES ('33', 'ea5badf9f3ac62d0f9b28efb2006edee', '广东顺德村田电器有限公司', '17', 'InUse', 'http://www.china-chitin.com', '638');
INSERT INTO `ppll_brand` VALUES ('34', '933bd56b6be66bb4a97ae050363baa12', '盼石（上海）新材料科技股份有限公司', '18', 'InUse', 'http://www.shpans.com', '631');
INSERT INTO `ppll_brand` VALUES ('35', 'f6035032d4a77f19517b569c152241c7', '河北吉美达工具股份有限公司', '19', 'InUse', 'http://www.gemdatools.com', '632');
INSERT INTO `ppll_brand` VALUES ('36', '97b386c1f9fdf101283a8df1e9699b1b', '广东特地陶瓷有限公司', '20', 'InUse', 'http://www.tidiy.com.cn', '633');
INSERT INTO `ppll_brand` VALUES ('37', '8d1ee15ac2130407dd5958a9b75e42d7', '北京中农劲腾生物技术股份有限公司', '21', 'InUse', 'http://www.ginten.cn', '634');
INSERT INTO `ppll_brand` VALUES ('38', 'fd42397dcf5b5e9d57e9f82ea57daa10', '成都德雕装饰工程有限公司', '22', 'InUse', 'http://www.ddzsjt.cn', '635');
INSERT INTO `ppll_brand` VALUES ('39', '065d2750645777ad136a1cdcdfc095c4', '浙江启达摩托车有限公司', '23', 'InUse', 'http://www.zjqenda.com', '643');
INSERT INTO `ppll_brand` VALUES ('40', 'd10bf017b329c4ace6aa5f967ac47354', '河北鹊神商贸有限公司', '24', 'InUse', 'http://www.qsbjpsm.com', '642');
INSERT INTO `ppll_brand` VALUES ('117', 'e7361bd3f87fbffa01885071c5c69654', '北京巨腾科技有限公司', '1', 'InUse', 'http://www.bjjuteng.com/', '639');
INSERT INTO `ppll_brand` VALUES ('118', '65f927258f006306992591a8925b5901', ' 石家庄市桥西区二十一世纪美术培训学校', '2', 'InUse', 'http://www.4000600021.com/', '550');
INSERT INTO `ppll_brand` VALUES ('119', '3c5db2fd3f278a256b65e47f282c7801', '河北纳森空调有限公司', '3', 'InUse', 'http://www.nasen.com/', '551');
INSERT INTO `ppll_brand` VALUES ('120', 'fc71d47b51bed4059722c59b8dfd742d', '重庆予邦生物科技有限公司', '4', 'InUse', 'http://www.daomeiji.com/', '552');
INSERT INTO `ppll_brand` VALUES ('121', '5ce1e0c79aece4b9bf664b17f03975ee', '北京高普乐光电科技股份公司', '5', 'InUse', 'http://www.glopro.com.cn/', '553');
INSERT INTO `ppll_brand` VALUES ('122', 'ac01c1d95e51cb697707a1918b6fc6bd', '山东鲁菜根餐饮管理有限公司', '6', 'InUse', 'http://www.lucaigen.net/', '554');
INSERT INTO `ppll_brand` VALUES ('123', '76f96265c5dc61f57c61175cb2380c34', '南宫市罗康毛毡有限公司', '7', 'InUse', 'http://www.rolkingfelt.com/', '558');
INSERT INTO `ppll_brand` VALUES ('124', '59fde405c8176a6e5ac30447be683e71', '保定赛行阿胶有限公司', '8', 'InUse', 'http://www.haoejiao.net/', '559');
INSERT INTO `ppll_brand` VALUES ('125', '0870d3f442db0c734fba3a1e9fcfacd0', '成都市舒慰医疗科技有限公司', '9', 'InUse', 'https://shop1464195213313.1688.com/', '561');
INSERT INTO `ppll_brand` VALUES ('126', 'afa96cef9b62d48971917a98d3135d72', '河北双虎车业配件有限公司', '10', 'InUse', 'http://www.shcy168.cn/', '640');
INSERT INTO `ppll_brand` VALUES ('127', '932295f7c3216fe82c0ca73c28d9792d', '梅州新佳利石材有限公司', '11', 'InUse', 'http://www.gdxjl.com/', '641');
INSERT INTO `ppll_brand` VALUES ('128', 'bd58f03086020f61dec8b9952eccfbbe', '佛山市雅素丽艺术建材有限公司', '12', 'InUse', 'http://www.fsysl.cn/', '564');
INSERT INTO `ppll_brand` VALUES ('129', '95f17e4921093f9ddbaccb0413e19ed3', '北京予馨海韵教育咨询有限公司', '13', 'InUse', 'http://www.yuxinhaiyun.com/', '565');
INSERT INTO `ppll_brand` VALUES ('130', 'fcd02a39db2a90ceb02ec26635d09d36', '重庆小时候农业（集团）有限公司', '14', 'InUse', 'http://www.xiaoshihoudeai.com/', '566');
INSERT INTO `ppll_brand` VALUES ('131', 'e5488e18855319547db8ff28db9d4870', '广东船城食品有限公司', '15', 'InUse', 'http://ccfeng.cn/', '567');
INSERT INTO `ppll_brand` VALUES ('132', '3bea74e3450211b83907e8a41a7719c0', '河北梓熙科技有限公司', '16', 'InUse', 'http://www.zixikeji2009.com/index.html', '568');
INSERT INTO `ppll_brand` VALUES ('133', 'ea5badf9f3ac62d0f9b28efb2006edee', '广东顺德村田电器有限公司', '17', 'InUse', 'http://www.china-chitin.com', '638');
INSERT INTO `ppll_brand` VALUES ('134', '933bd56b6be66bb4a97ae050363baa12', '盼石（上海）新材料科技股份有限公司', '18', 'InUse', 'http://www.shpans.com', '631');
INSERT INTO `ppll_brand` VALUES ('135', 'f6035032d4a77f19517b569c152241c7', '河北吉美达工具股份有限公司', '19', 'InUse', 'http://www.gemdatools.com', '632');
INSERT INTO `ppll_brand` VALUES ('136', '97b386c1f9fdf101283a8df1e9699b1b', '广东特地陶瓷有限公司', '20', 'InUse', 'http://www.tidiy.com.cn', '633');
INSERT INTO `ppll_brand` VALUES ('137', '8d1ee15ac2130407dd5958a9b75e42d7', '北京中农劲腾生物技术股份有限公司', '21', 'InUse', 'http://www.ginten.cn', '634');
INSERT INTO `ppll_brand` VALUES ('138', 'fd42397dcf5b5e9d57e9f82ea57daa10', '成都德雕装饰工程有限公司', '22', 'InUse', 'http://www.ddzsjt.cn', '635');
INSERT INTO `ppll_brand` VALUES ('139', '065d2750645777ad136a1cdcdfc095c4', '浙江启达摩托车有限公司', '23', 'InUse', 'http://www.zjqenda.com', '643');
INSERT INTO `ppll_brand` VALUES ('140', 'd10bf017b329c4ace6aa5f967ac47354', '河北鹊神商贸有限公司', '24', 'InUse', 'http://www.qsbjpsm.com', '642');
INSERT INTO `ppll_brand` VALUES ('217', 'e7361bd3f87fbffa01885071c5c69654', '北京巨腾科技有限公司', '1', 'InUse', 'http://www.bjjuteng.com/', '639');
INSERT INTO `ppll_brand` VALUES ('218', '65f927258f006306992591a8925b5901', ' 石家庄市桥西区二十一世纪美术培训学校', '2', 'InUse', 'http://www.4000600021.com/', '550');
INSERT INTO `ppll_brand` VALUES ('219', '3c5db2fd3f278a256b65e47f282c7801', '河北纳森空调有限公司', '3', 'InUse', 'http://www.nasen.com/', '551');
INSERT INTO `ppll_brand` VALUES ('220', 'fc71d47b51bed4059722c59b8dfd742d', '重庆予邦生物科技有限公司', '4', 'InUse', 'http://www.daomeiji.com/', '552');
INSERT INTO `ppll_brand` VALUES ('221', '5ce1e0c79aece4b9bf664b17f03975ee', '北京高普乐光电科技股份公司', '5', 'InUse', 'http://www.glopro.com.cn/', '553');
INSERT INTO `ppll_brand` VALUES ('222', 'ac01c1d95e51cb697707a1918b6fc6bd', '山东鲁菜根餐饮管理有限公司', '6', 'InUse', 'http://www.lucaigen.net/', '554');
INSERT INTO `ppll_brand` VALUES ('223', '76f96265c5dc61f57c61175cb2380c34', '南宫市罗康毛毡有限公司', '7', 'InUse', 'http://www.rolkingfelt.com/', '558');
INSERT INTO `ppll_brand` VALUES ('224', '59fde405c8176a6e5ac30447be683e71', '保定赛行阿胶有限公司', '8', 'InUse', 'http://www.haoejiao.net/', '559');
INSERT INTO `ppll_brand` VALUES ('225', '0870d3f442db0c734fba3a1e9fcfacd0', '成都市舒慰医疗科技有限公司', '9', 'InUse', 'https://shop1464195213313.1688.com/', '561');
INSERT INTO `ppll_brand` VALUES ('226', 'afa96cef9b62d48971917a98d3135d72', '河北双虎车业配件有限公司', '10', 'InUse', 'http://www.shcy168.cn/', '640');
INSERT INTO `ppll_brand` VALUES ('227', '932295f7c3216fe82c0ca73c28d9792d', '梅州新佳利石材有限公司', '11', 'InUse', 'http://www.gdxjl.com/', '641');
INSERT INTO `ppll_brand` VALUES ('228', 'bd58f03086020f61dec8b9952eccfbbe', '佛山市雅素丽艺术建材有限公司', '12', 'InUse', 'http://www.fsysl.cn/', '564');
INSERT INTO `ppll_brand` VALUES ('229', '95f17e4921093f9ddbaccb0413e19ed3', '北京予馨海韵教育咨询有限公司', '13', 'InUse', 'http://www.yuxinhaiyun.com/', '565');
INSERT INTO `ppll_brand` VALUES ('230', 'fcd02a39db2a90ceb02ec26635d09d36', '重庆小时候农业（集团）有限公司', '14', 'InUse', 'http://www.xiaoshihoudeai.com/', '566');
INSERT INTO `ppll_brand` VALUES ('231', 'e5488e18855319547db8ff28db9d4870', '广东船城食品有限公司', '15', 'InUse', 'http://ccfeng.cn/', '567');
INSERT INTO `ppll_brand` VALUES ('232', '3bea74e3450211b83907e8a41a7719c0', '河北梓熙科技有限公司', '16', 'InUse', 'http://www.zixikeji2009.com/index.html', '568');
INSERT INTO `ppll_brand` VALUES ('233', 'ea5badf9f3ac62d0f9b28efb2006edee', '广东顺德村田电器有限公司', '17', 'InUse', 'http://www.china-chitin.com', '638');
INSERT INTO `ppll_brand` VALUES ('234', '933bd56b6be66bb4a97ae050363baa12', '盼石（上海）新材料科技股份有限公司', '18', 'InUse', 'http://www.shpans.com', '631');
INSERT INTO `ppll_brand` VALUES ('235', 'f6035032d4a77f19517b569c152241c7', '河北吉美达工具股份有限公司', '19', 'InUse', 'http://www.gemdatools.com', '632');
INSERT INTO `ppll_brand` VALUES ('236', '97b386c1f9fdf101283a8df1e9699b1b', '广东特地陶瓷有限公司', '20', 'InUse', 'http://www.tidiy.com.cn', '633');
INSERT INTO `ppll_brand` VALUES ('237', '8d1ee15ac2130407dd5958a9b75e42d7', '北京中农劲腾生物技术股份有限公司', '21', 'InUse', 'http://www.ginten.cn', '634');
INSERT INTO `ppll_brand` VALUES ('238', 'fd42397dcf5b5e9d57e9f82ea57daa10', '成都德雕装饰工程有限公司', '22', 'InUse', 'http://www.ddzsjt.cn', '635');
INSERT INTO `ppll_brand` VALUES ('239', '065d2750645777ad136a1cdcdfc095c4', '浙江启达摩托车有限公司', '23', 'InUse', 'http://www.zjqenda.com', '643');
INSERT INTO `ppll_brand` VALUES ('240', 'd10bf017b329c4ace6aa5f967ac47354', '河北鹊神商贸有限公司', '24', 'InUse', 'http://www.qsbjpsm.com', '642');

-- ----------------------------
-- Table structure for `ppll_member_organization`
-- ----------------------------
DROP TABLE IF EXISTS `ppll_member_organization`;
CREATE TABLE `ppll_member_organization` (
  `id` int(11) NOT NULL AUTO_INCREMENT,
  `corporate_from` datetime DEFAULT NULL,
  `corporate_to` datetime DEFAULT NULL,
  `manageKey` varchar(255) DEFAULT NULL,
  `name` varchar(255) DEFAULT NULL,
  `cert_file_id` int(11) DEFAULT NULL,
  `status` enum('InUse','UnUse') DEFAULT NULL,
  PRIMARY KEY (`id`),
  KEY `FK5EDFBF79B5E82039` (`cert_file_id`),
  CONSTRAINT `FK5EDFBF79B5E82039` FOREIGN KEY (`cert_file_id`) REFERENCES `sys_file` (`id`)
) ENGINE=InnoDB AUTO_INCREMENT=26 DEFAULT CHARSET=utf8;

-- ----------------------------
-- Records of ppll_member_organization
-- ----------------------------
INSERT INTO `ppll_member_organization` VALUES ('3', '2016-10-01 00:00:00', '2017-11-01 00:00:00', 'e9a63194d567917cbaa8b56ff4072749', '海宁市众越电子商务有限公司', '313', 'InUse');
INSERT INTO `ppll_member_organization` VALUES ('4', '2016-10-01 00:00:00', '2017-11-01 00:00:00', '36355d33bccfb1c832afe7ed0fd49bac', '河源市东江康之源有机食品有限公司', '315', 'InUse');
INSERT INTO `ppll_member_organization` VALUES ('5', '2016-10-01 00:00:00', '2017-11-01 00:00:00', '07d14c09ee146a228a9c7fd020ad0907', '龙川县华南汇园农林科技有限公司', '316', 'InUse');
INSERT INTO `ppll_member_organization` VALUES ('6', '2016-11-01 00:00:00', '2017-12-01 00:00:00', '59db22c1b75bfa0e197c5aefbedab7ee', '南充兴龙华亚办公家私有限公司', '317', 'InUse');
INSERT INTO `ppll_member_organization` VALUES ('7', '2016-11-01 00:00:00', '2017-12-01 00:00:00', '220beda504a8b0078653a84e3d718a11', '成都松齐明科技有限公司', '318', 'InUse');
INSERT INTO `ppll_member_organization` VALUES ('8', '2016-11-01 00:00:00', '2017-12-01 00:00:00', 'ba1324cfac8e9d82233ab9cf9caca96c', '四川中大云科科技有限公司', '319', 'InUse');
INSERT INTO `ppll_member_organization` VALUES ('9', '2016-12-01 00:00:00', '2019-12-31 00:00:00', '1cb6bc17cb5ba2f951dde8bc5fe4d168', '四川桂溪商品混凝土有限公司', '320', 'InUse');
INSERT INTO `ppll_member_organization` VALUES ('10', '2016-12-01 00:00:00', '2017-12-01 00:00:00', '45f8dac69824ed70ef00ac1460637dec', '广东船城食品有限公司', '321', 'InUse');
INSERT INTO `ppll_member_organization` VALUES ('11', '2016-12-01 00:00:00', '2019-12-01 00:00:00', '5eac4edecf9e17db70ad6762b7b63dd0', '河南省红苹果实业有限公司', '322', 'InUse');
INSERT INTO `ppll_member_organization` VALUES ('12', '2016-12-01 00:00:00', '2017-12-01 00:00:00', 'f71c69b1afaa3ac6c3d81022cbbf4bfb', '成都市舒慰医疗科技有限公司', '323', 'InUse');
INSERT INTO `ppll_member_organization` VALUES ('13', '2016-12-01 00:00:00', '2018-12-01 00:00:00', 'aaedc572a921b6c9182d8846ff9e137f', '中江县鸿兴土木工程技术咨询有限责任公司', '324', 'InUse');
INSERT INTO `ppll_member_organization` VALUES ('14', '2017-01-01 00:00:00', '2018-01-01 00:00:00', '0d869ec9099c6b827f312f9caedf3c23', '重庆予邦生物科技有限公司', '325', 'InUse');
INSERT INTO `ppll_member_organization` VALUES ('15', '2017-01-01 00:00:00', '2018-01-01 00:00:00', '271ed65e463b9eb2dfb39ef21bd160c8', '佛山市雅素丽艺术建材有限公司', '326', 'InUse');
INSERT INTO `ppll_member_organization` VALUES ('16', '2017-01-01 00:00:00', '2018-01-01 00:00:00', 'ac27e7b983e53d2815d9b7606175e5f6', '梅州新佳利石材有限公司', '327', 'InUse');
INSERT INTO `ppll_member_organization` VALUES ('17', '2017-01-01 00:00:00', '2018-01-01 00:00:00', '6c936a1811496d684198822282943670', '平远威大地有限公司', '328', 'InUse');
INSERT INTO `ppll_member_organization` VALUES ('18', '2017-01-01 00:00:00', '2018-01-01 00:00:00', '83b0346effab3c9bcd03720c05c37d7d', '四川大彭氏国生物科技有限公司', '329', 'InUse');
INSERT INTO `ppll_member_organization` VALUES ('19', '2017-01-01 00:00:00', '2018-01-01 00:00:00', '7ae2af71e75d071b56c6f51008ccaa40', '四川东汇龙科技有限公司', '330', 'InUse');
INSERT INTO `ppll_member_organization` VALUES ('20', '2017-01-01 00:00:00', '2018-01-01 00:00:00', '08224179f084ca297afede8410cbdf94', '重庆小时候农业（集团）有限公司', '331', 'InUse');
INSERT INTO `ppll_member_organization` VALUES ('21', '2017-01-01 00:00:00', '2018-01-01 00:00:00', '314089d7c1c5c5e74605356a77b15637', '江门市康庭种养殖有限公司', '332', 'InUse');
INSERT INTO `ppll_member_organization` VALUES ('22', '2017-01-01 00:00:00', '2018-01-01 00:00:00', '95f5433f7a447e9d3902b9eef56fac88', '中山特美新电器制造有限公司', '333', 'InUse');
INSERT INTO `ppll_member_organization` VALUES ('23', '2017-01-01 00:00:00', '2018-01-01 00:00:00', '296064695f25f6bdd34f8ab3781f7c62', '广西易启东方网络科技有限公司', '334', 'InUse');
INSERT INTO `ppll_member_organization` VALUES ('24', '2017-01-01 00:00:00', '2018-01-01 00:00:00', '7cba61ba5c31f723d3ad8781b600392f', '临洮六禾生态农牧发展有限公司', '335', 'InUse');
INSERT INTO `ppll_member_organization` VALUES ('25', '2017-01-01 00:00:00', '2018-01-01 00:00:00', '145643617d81550ad3c1c5e1c0749d69', '四川中道辟谷健康科技有限公司', '336', 'InUse');

-- ----------------------------
-- Table structure for `ppll_quality_archive`
-- ----------------------------
DROP TABLE IF EXISTS `ppll_quality_archive`;
CREATE TABLE `ppll_quality_archive` (
  `id` int(11) NOT NULL AUTO_INCREMENT,
  `content` text,
  `create_time` datetime DEFAULT NULL,
  `manageKey` varchar(255) DEFAULT NULL,
  `order_num` int(11) DEFAULT NULL,
  `read_count` datetime DEFAULT NULL,
  `status` enum('InUse','UnUse') DEFAULT NULL,
  `title` varchar(255) DEFAULT NULL,
  `creator_id` varchar(20) DEFAULT NULL,
  `detail_cover` int(11) DEFAULT NULL,
  `category_id` int(11) DEFAULT NULL,
  `update_time` datetime DEFAULT NULL,
  `cover_id` int(11) DEFAULT NULL,
  `addresss` varchar(255) DEFAULT NULL,
  `phone_number` varchar(255) DEFAULT NULL,
  `code_id` int(11) DEFAULT NULL,
  `product_desc` varchar(255) DEFAULT NULL,
  PRIMARY KEY (`id`),
  KEY `FKB5E2CAC349442ADC` (`creator_id`),
  KEY `FKB5E2CAC3DFBF26DF` (`detail_cover`),
  KEY `FKB5E2CAC38847D81` (`category_id`),
  KEY `FKB5E2CAC397B30739` (`cover_id`),
  KEY `FKB5E2CAC3E4CDF943` (`code_id`),
  CONSTRAINT `FKB5E2CAC349442ADC` FOREIGN KEY (`creator_id`) REFERENCES `sys_user` (`username`),
  CONSTRAINT `FKB5E2CAC38847D81` FOREIGN KEY (`category_id`) REFERENCES `ppll_quality_archive_category` (`id`),
  CONSTRAINT `FKB5E2CAC397B30739` FOREIGN KEY (`cover_id`) REFERENCES `sys_file` (`id`),
  CONSTRAINT `FKB5E2CAC3DFBF26DF` FOREIGN KEY (`detail_cover`) REFERENCES `sys_file` (`id`),
  CONSTRAINT `FKB5E2CAC3E4CDF943` FOREIGN KEY (`code_id`) REFERENCES `sys_file` (`id`)
) ENGINE=InnoDB AUTO_INCREMENT=14 DEFAULT CHARSET=utf8;

-- ----------------------------
-- Records of ppll_quality_archive
-- ----------------------------
INSERT INTO `ppll_quality_archive` VALUES ('8', '<html>\r\n<head>\r\n	<title></title>\r\n</head>\r\n<body>\r\n<p>北京巨腾科技有限公司成立于2005年，是一家集设计 研发 生产 销售于一体的专业集成吊顶建材单位。巨腾科技以创新的精神、高品质的追求、诚信的经营为理念，以满足客户所需、所想、所用为核心思想，经过多年的经营与发展，得到了社会各界的广泛认可与好评。</p>\r\n\r\n<p>巨腾科技有限公司自2005年成立至今先后中标安哥拉电视制作中心、中央电视台和鸟巢、体育场等重大项目。公司先后荣获《质量 服务 信誉AAA品牌》《全国吊顶建材十大品牌》《全国集成吊顶最具竞争力十大品牌》《中国著名品牌》《绿色建材重点推荐产品》等诸多荣誉称号。</p>\r\n</body>\r\n</html>\r\n', '2017-03-20 11:27:15', 'a53cec9106b55d24c12ecb657796ff03', '1', null, 'InUse', '北京巨腾科技有限公司', 'admin', '251', '2', '2017-10-24 18:50:48', '655', '北京市丰台区南开西里5楼2门26号', '010-61251913', '522', '白底金格配以精致的棕边，既干净整洁又不失华贵。\r\n白底宽条纹，配以精致的欧式花棕边，既宽敞明亮又大气厚重。\r\n采用巨腾奢华系列产品，以华丽风格 展示上流社会的品质生活。\r\n金色纹理富贵奢华，欧式花边端庄典雅，呈现整体的高贵奢华之风。\r\n精致的格框，中式的纹理，木棕色与白色的完美结合，既古朴厚重又大气端庄。');
INSERT INTO `ppll_quality_archive` VALUES ('9', '<html>\r\n<head>\r\n	<title></title>\r\n</head>\r\n<body>\r\n<p><span style=\"font-size:16px\">北京高普乐光电科技股份公司是一家集研发、生产、销售、服务于一体的科技型企业。我们专注于夜视技术及产品，坚持创新研发，走自主品牌和自主知识产权的道路。经过多年的努力和积累，公司在激光夜视、红外夜视、精密重载转台的技术开发和应用方面都取得了丰硕的成果，获得了多项专利。</span></p>\r\n\r\n<p><span style=\"font-size:16px\">客户的需求引领着创新的脚步。十年前，为了满足某卫星发射中心对发射现场的安保监控要求，我们联合中科院、北京理工大学、成都光电所等单位的专家、教授，引进了美国的先进技术，成功开发应用了第一台以激光为夜视照明光源的远距离监控摄像机，实现了24小时的视频连续监控。&ldquo;激光夜视摄像机&rdquo; 从诞生第一天起，就以其&ldquo;距离远、能夜视&rdquo;得到了人们的关注，结合红外夜视技术，越来越多地应用在了政府、铁路、公路、渔政、环保、机场、厂区、矿区、电力、森林防火、平安城市、石油石化、水资源保护、城市安防、高空瞭望、野生动物保护等行业和领域。酒泉卫星发射中心、北京奥运会、北京天安门广场、上海世博会等大型项目的应用是对高普乐夜视产品的充分检验和肯定。</span></p>\r\n</body>\r\n</html>\r\n', '2017-03-20 11:55:18', '63a36f3cdef0a9038b8e4966fd8222e7', '1', null, 'InUse', '北京高普乐光电科技股份公司', 'admin', '266', '6', '2017-10-24 18:51:01', '656', '北京市海淀区巨山花木公司北院5幢平房', '15901270388', '528', '照明光斑大小可调； 照度低；激光匀化；光斑智能同步变焦；临时布控；摄像机自动聚焦；200万像素高清IR镜头，变焦范围大。\r\n昼视：10000-15000米；高清透雾、超长焦距、强光抑制、高度智能。\r\n监视：1000米；穿透雨雾，超视距、高度智能。\r\n夜视距离：1500米，多光谱、超视距、长焦距。\r\n一体化、智能化、安装及操作简单。\r\n双光谱、一体化、智能化。\r\n产品载重：80公斤； 高负载、高精度、高可靠性、高度智能。\r\n');
INSERT INTO `ppll_quality_archive` VALUES ('10', '<html>\r\n<head>\r\n	<title></title>\r\n</head>\r\n<body>\r\n<p><span style=\"font-size:14px\"><span style=\"font-size:16px\">河北安泰纸面石膏板有限公司位于大唐名相魏征的故里-河北省晋州市，307国道和石黄高速贯穿而过，西距省会石家庄50公里，北距首都北京300公里，地理位置优越，交通条件便利。</span></span><span style=\"font-size:16px\">公司下设3个分厂总占地40亩，建筑面积12000平方米，拥有职工128人，各类技术人员46名，其中，高级技术人员26名，年生产能力3500万平方米。强大的经济实力，丰富的人力资源为公司的长期发展奠定了鉴定基础。公司专业生产纸面石膏板及轻钢龙骨、烤漆龙骨和硅酸钙板的企业，实力雄厚，设备先进。拥有精湛的板材制造及应用技术团队，具有极强的生产研发能力。严格按照ISO9001：2000国际质量体系和ISO14001国际环保体系进行管理。公司的产品属于新型、轻质、高强、环保节能的装饰材料。由我公司产品及相关配件组成的系统，完全按照用户的要求进行设计，具有保温、隔音、防火、防潮等性能，并且具有多种装饰效果，可制作成各种异型的隔墙和吊顶系统。公司的理想是为众多使用我们产品的中国用户提供更安全，更舒适，更优美的生活环境。</span></p>\r\n</body>\r\n</html>\r\n', '2017-03-20 16:01:24', '4e144cd3c621372378384b8faa15fde4', '2', null, 'InUse', '河北安泰纸面石膏板有限公司', 'admin', '663', '2', '2017-10-26 10:37:56', '662', '晋州市南白水', '13931985778', '673', '重量轻、强度高、厚度薄、加工方便、隔音绝热、防火，是当前着重发展的新型轻质板材之一。\r\n石膏板的下纸面有横向、纵向毫米级精准刻度，石膏板加工快捷，无需人工弹线定位，可直接任意切割工艺。\r\n板内有一层顺石膏板宽度敷设的玻璃纤维布。独有的玻璃布加强筋技术韧性好、增抗折、防断裂、防下垂、防变形。\r\n石膏板包括均匀混配于石膏板基层中的活性炭，对住宅装饰及家具中残存的二甲苯、甲醛等有害挥发物可产生明显的吸附作用。\r\n与普通石膏板相比，有效改善板材吸水库、抗变形性能，产品具有防水、防下陷、防开裂的独有优势。');
INSERT INTO `ppll_quality_archive` VALUES ('11', '<html>\r\n<head>\r\n	<title></title>\r\n</head>\r\n<body>\r\n<p>保定市伊诺尔电气设备有限公司是以电力系统自动化以及高低压设备及软件的研发、生产、销售的高新技术企业。公司设有研发部、销售部、生产部、供应部等8个部门，2个生产车间，并严格按照ISO-9001质量体系认证标准进行生产，主要产品均通过了ISO9001质量体系认证。公司依托华北电力大学以及电子部第五十四研究专业技术支持和国内企业先进管理经验使公司不断地发展创新，从而使产品质量、生产工艺得到了提高，技术指标优于国标，设备常年用于电力、煤炭、石油、化工、建筑、冶金等行业，为用户提供技术先进、功能全面、性能可靠、使用方便的电气产品。近年来，保定伊诺尔电气立足根本，敢于创新，在新能源领域，通信数据中心、铁路轨道交通等现代化建设方面的发展有了长足的进步，这一切都归功于广大客户对我们的支持与信赖。</p>\r\n\r\n<p>一直以来，保定伊诺尔电气都很重视生产的工艺流程和技术创新，保证生产出来的设备性能稳定质量优异。我们深信产品质量才是企业发展最根本的因素。在未来，保定伊诺尔电气依然会坚持以提供优质产品和完善技术服务，全面提升企业价值为使命，以电力系统设计与成套电气解决方案为龙头，以相关优质产品研发和制造为支撑，用一流的管理、服务、品牌和信誉服务于社会。新的一年，伊诺尔电气会和客户朋友们共同发展进步，和谐共赢！</p>\r\n</body>\r\n</html>\r\n', '2017-03-20 16:30:21', 'a7fb1a527f9a779ff2096b6fee4dee98', '2', null, 'InUse', '保定市伊诺尔电气设备有限公司', 'admin', '282', '6', '2017-10-24 18:51:28', '658', '保定市富江街田园路90号', '13603127503', '525', '可用于以电缆路线为主的城市配电网、地铁等系统以及发电厂用电系统。\r\n可用于低压柴油发电机组、火力发电厂等启动、制动、功率等电阻设备。\r\n完全满足电力中性点对设备的要求，耐高温，抗拉强度高。\r\n用于各地联通、移动、电信云计算数据中心动力配电项目以及发电机组的电气设备。\r\n广泛应用于热电、水电、风电等大型工矿企业。\r\n发生故障时自动报警，有远输出口，便于与上位机通讯。\r\n彻底解决各种过电压对电网的威胁，提高了电网安全供电的可靠性。\r\n依据操作过电压产生的机理，有效保证电气设备及电力系统运转的安全性。');
INSERT INTO `ppll_quality_archive` VALUES ('12', '<html>\r\n<head>\r\n	<title></title>\r\n</head>\r\n<body>\r\n<p>成都松齐明科技有限公司创立于2004年，是专业从事100%无尘水溶性粉笔研发、生产、销售的高新技术企业。公司汇聚了一批多年致力于无尘板书产品的研究设计专家，储备了领先于业界的优势技术；是引领无尘板书行业的带头人。</p>\r\n\r\n<p>公司以&ldquo;树立行业标杆，普及无尘板书，让师生远离粉尘困扰&rdquo;为纲领；&ldquo;帮助客户和合作伙伴创造价值，从而实现企业自身价值&rdquo; 为企业理念，吸引卓越人才，创造更优秀的产品，让人生活的更幸福。</p>\r\n\r\n<p>公司和产品得到了国内外使用者的高度认可，获得了各项权威认证和奖项，同时得到了国家相关部门的大力支持；目前国内外已经有超过350000个以上的班级正在使用我们的产品。</p>\r\n\r\n<p>&ldquo;让师生不再吃粉笔灰，还您一个清洁的教室&rdquo;是松齐明全体员工永恒的追求，我们认为，&ldquo;白衣仙子&rdquo;无尘水溶性粉笔具有极大的社会价值，是值得您共同倡导和支持的产品。</p>\r\n</body>\r\n</html>\r\n', '2017-03-20 16:51:00', 'dc8d87576d51e45a22671f621c1d0011', '3', null, 'InUse', '成都松齐明科技有限公司', 'admin', '310', '6', '2017-10-24 18:51:35', '659', '成都市青羊区西大街金色夏威夷综合楼A座10楼28号', '13908066972', '526', '无毒害、无刺激，1支相当于传统粉笔15—20支，不易折断，易存放，有和传统粉笔字一样的手感和笔锋。\r\n无毒害、无刺激，染料细柔顺滑，快干，沾在衣服上易清洁，可在石头、蛋壳等不吸水表面绘画，随意调色。\r\n染料无毒无害，不刺激皮肤，色彩细腻明亮，可用于人体彩绘表演、化妆舞会、文艺表演等活动。\r\n无毒害、无味、无刺激，易清洗，可在多种介质上书写绘画，如玻璃、课桌、皮肤、石头等，可调色，可晕染。\r\n幼儿在涂鸦中玩耍，自由发挥，是开发智力的良好方式，用环保水溶性写画系列产品构建的涂鸦角是目前最佳解决方案。');
INSERT INTO `ppll_quality_archive` VALUES ('13', '<html>\r\n<head>\r\n	<title></title>\r\n</head>\r\n<body>\r\n<p>匠仙（上海）床垫科技有限公司是一家高新技术方向的科技企业，专注于床垫及其周边床具的研发、生产、销售和售后服务，旗下拥有唯一一个二十年历史，定位中高端的CCTV上榜品牌，即&ldquo;睡王&rdquo;。睡王专注于睡眠的核心&mdash;&mdash;床垫，辅之以各类床架、床柜和床上用品等周边，让消费者一次性购置属于自己的全套床具。睡王床垫自主创新研发的轻型钢架弹力网健康床垫，不仅大大提高了床垫的使用寿命，还极大程度地降低了因床垫塌陷而造成的颈椎、脊椎的患病风险，无论老人、小孩或是孕妇，均可放心使用。为床垫使用者省去了重新置换床垫的人力、物力和财力的开支，更为床垫使用者实实在在地打造了一个健康睡眠系统，名副其实地成为&ldquo;一张能用一辈子的好床垫&rdquo;。</p>\r\n\r\n<p>匠仙公司注重科技研发创新，开创性地向国家知识产权专利局申请了十一项国家专利，得到国内主流媒体的瞩目关注和各大门户网站的争相报道，在强大核心团队的带领下，睡王一步一个脚印，逐步扩大市场范围，受到来自社会各界的支持与认可。公司始终坚持自主研发，创新再创新的发展方向，以科技创新为第一生产力，不断完善并研发新产品，建立了布局完善、高效运营的线上线下营销网络，打造强大的线下销售渠道，提升品牌影响力，以实现企业&ldquo;成为行业性价比的标杆企业，开启睡眠科技新时代&rdquo;的愿景，并为消费者带来真正实惠、健康、优质的科技床垫。</p>\r\n</body>\r\n</html>\r\n', '2017-06-07 17:58:58', '93c9144398f2f30f4c7ebd33aa49a767', '1', null, 'InUse', '匠仙（上海）床垫科技有限公司', 'admin', '500', '5', '2017-10-24 18:51:51', '660', '上海市嘉定区澄浏公路52号39幢2楼J441室', '13978407535', '527', '全新纤维C级天丝面料，透气、舒适；轻型钢架结构，不变形。\r\n高端吸湿排汗面料，吸湿排汗，海绵般舒适体验，轻型钢架结构，预防缓解腰酸背痛等症状。\r\n高档银离子面料，保持空气清新，抵御细菌真菌侵害，对皮肤没有副作用，抗菌、除臭、环保。\r\n从原竹中提炼出来的竹碳纤维绿色环保面料，防螨、除臭、吸附甲醛和净化空气。\r\n艾草养生，艾护你的经络。采用高档竹纤维面料，内置艾草香包，防蚁、防蚊、止痒除臭。\r\n进口高端土耳其3D面料，超强透气，独特的撊绵工艺让身体与床垫充分贴合，达到软硬适中的睡眠感觉。');

-- ----------------------------
-- Table structure for `ppll_quality_archive_category`
-- ----------------------------
DROP TABLE IF EXISTS `ppll_quality_archive_category`;
CREATE TABLE `ppll_quality_archive_category` (
  `id` int(11) NOT NULL AUTO_INCREMENT,
  `manageKey` varchar(255) DEFAULT NULL,
  `name` varchar(255) DEFAULT NULL,
  `order_num` int(11) DEFAULT NULL,
  `status` enum('InUse','UnUse') DEFAULT NULL,
  PRIMARY KEY (`id`)
) ENGINE=InnoDB AUTO_INCREMENT=8 DEFAULT CHARSET=utf8;

-- ----------------------------
-- Records of ppll_quality_archive_category
-- ----------------------------
INSERT INTO `ppll_quality_archive_category` VALUES ('2', 'c99089cbd6ad462b2037c8753192bfcc', '家装建材', '2', 'InUse');
INSERT INTO `ppll_quality_archive_category` VALUES ('3', '3620f70532868a2691e1bab441dea998', '个护化妆', '3', 'UnUse');
INSERT INTO `ppll_quality_archive_category` VALUES ('4', '2ec6c146a1099f4c899e249b04e705e9', '服装鞋帽', '4', 'UnUse');
INSERT INTO `ppll_quality_archive_category` VALUES ('5', 'd87a5ba99b18a9a4a0f8b9a8618ad402', '家居用品', '5', 'InUse');
INSERT INTO `ppll_quality_archive_category` VALUES ('6', '1e8039cd8f5b48b6619a9b9b80aea784', '其他', '6', 'InUse');
INSERT INTO `ppll_quality_archive_category` VALUES ('7', 'f16cb7fa7da2dffec4765fed17be66ad', '食品茶饮', '1', 'UnUse');

-- ----------------------------
-- Table structure for `ppll_quality_archive_company`
-- ----------------------------
DROP TABLE IF EXISTS `ppll_quality_archive_company`;
CREATE TABLE `ppll_quality_archive_company` (
  `id` int(11) NOT NULL AUTO_INCREMENT,
  `address` varchar(255) DEFAULT NULL,
  `audit_status` varchar(255) DEFAULT NULL,
  `law_person` varchar(255) DEFAULT NULL,
  `manageKey` varchar(255) DEFAULT NULL,
  `name` varchar(255) DEFAULT NULL,
  `register_money` int(11) DEFAULT NULL,
  `service_center` varchar(255) DEFAULT NULL,
  `status` enum('InUse','UnUse') DEFAULT NULL,
  `trade_scope` text,
  PRIMARY KEY (`id`)
) ENGINE=InnoDB AUTO_INCREMENT=2 DEFAULT CHARSET=utf8;

-- ----------------------------
-- Records of ppll_quality_archive_company
-- ----------------------------
INSERT INTO `ppll_quality_archive_company` VALUES ('1', '啊啊啊啊啊 啊啊 啊  啊啊 啊啊啊', '啊啊啊啊啊啊啊', '啊', '6d9c9c4454c2b9f284ebe2de7ceb39eb', '中视鼎丽', '1000', '啊啊啊啊啊啊', 'InUse', '啊啊啊啊啊啊啊啊ask电话费卡死决定发卡量缩减到反抗拉萨的纠纷卡拉圣诞节分厘卡圣诞节菲拉斯京东方拉沙德飞机拉萨的解放拉萨的发');

-- ----------------------------
-- Table structure for `ppll_quality_archive_sys_file`
-- ----------------------------
DROP TABLE IF EXISTS `ppll_quality_archive_sys_file`;
CREATE TABLE `ppll_quality_archive_sys_file` (
  `qualityarchive_id` int(11) NOT NULL,
  `commonfile_id` int(11) NOT NULL,
  PRIMARY KEY (`qualityarchive_id`,`commonfile_id`),
  KEY `FK4997F9AA61793B09` (`commonfile_id`),
  KEY `FK4997F9AA8EE0975E` (`qualityarchive_id`),
  CONSTRAINT `FK4997F9AA61793B09` FOREIGN KEY (`commonfile_id`) REFERENCES `sys_file` (`id`),
  CONSTRAINT `FK4997F9AA8EE0975E` FOREIGN KEY (`qualityarchive_id`) REFERENCES `ppll_quality_archive` (`id`)
) ENGINE=InnoDB DEFAULT CHARSET=utf8;

-- ----------------------------
-- Records of ppll_quality_archive_sys_file
-- ----------------------------
INSERT INTO `ppll_quality_archive_sys_file` VALUES ('8', '354');
INSERT INTO `ppll_quality_archive_sys_file` VALUES ('8', '355');
INSERT INTO `ppll_quality_archive_sys_file` VALUES ('8', '356');
INSERT INTO `ppll_quality_archive_sys_file` VALUES ('8', '357');
INSERT INTO `ppll_quality_archive_sys_file` VALUES ('8', '358');
INSERT INTO `ppll_quality_archive_sys_file` VALUES ('8', '359');
INSERT INTO `ppll_quality_archive_sys_file` VALUES ('8', '360');
INSERT INTO `ppll_quality_archive_sys_file` VALUES ('9', '361');
INSERT INTO `ppll_quality_archive_sys_file` VALUES ('9', '362');
INSERT INTO `ppll_quality_archive_sys_file` VALUES ('9', '363');
INSERT INTO `ppll_quality_archive_sys_file` VALUES ('9', '364');
INSERT INTO `ppll_quality_archive_sys_file` VALUES ('9', '365');
INSERT INTO `ppll_quality_archive_sys_file` VALUES ('11', '370');
INSERT INTO `ppll_quality_archive_sys_file` VALUES ('11', '371');
INSERT INTO `ppll_quality_archive_sys_file` VALUES ('11', '372');
INSERT INTO `ppll_quality_archive_sys_file` VALUES ('12', '373');
INSERT INTO `ppll_quality_archive_sys_file` VALUES ('12', '374');
INSERT INTO `ppll_quality_archive_sys_file` VALUES ('12', '375');
INSERT INTO `ppll_quality_archive_sys_file` VALUES ('12', '376');
INSERT INTO `ppll_quality_archive_sys_file` VALUES ('12', '377');
INSERT INTO `ppll_quality_archive_sys_file` VALUES ('12', '378');
INSERT INTO `ppll_quality_archive_sys_file` VALUES ('12', '379');
INSERT INTO `ppll_quality_archive_sys_file` VALUES ('13', '507');
INSERT INTO `ppll_quality_archive_sys_file` VALUES ('13', '508');
INSERT INTO `ppll_quality_archive_sys_file` VALUES ('13', '509');
INSERT INTO `ppll_quality_archive_sys_file` VALUES ('13', '510');
INSERT INTO `ppll_quality_archive_sys_file` VALUES ('13', '511');
INSERT INTO `ppll_quality_archive_sys_file` VALUES ('13', '512');
INSERT INTO `ppll_quality_archive_sys_file` VALUES ('13', '513');
INSERT INTO `ppll_quality_archive_sys_file` VALUES ('13', '514');
INSERT INTO `ppll_quality_archive_sys_file` VALUES ('13', '515');
INSERT INTO `ppll_quality_archive_sys_file` VALUES ('13', '516');
INSERT INTO `ppll_quality_archive_sys_file` VALUES ('13', '517');
INSERT INTO `ppll_quality_archive_sys_file` VALUES ('10', '668');
INSERT INTO `ppll_quality_archive_sys_file` VALUES ('10', '669');
INSERT INTO `ppll_quality_archive_sys_file` VALUES ('10', '670');
INSERT INTO `ppll_quality_archive_sys_file` VALUES ('10', '671');
INSERT INTO `ppll_quality_archive_sys_file` VALUES ('10', '672');
INSERT INTO `ppll_quality_archive_sys_file` VALUES ('10', '675');

-- ----------------------------
-- Table structure for `ppll_worker`
-- ----------------------------
DROP TABLE IF EXISTS `ppll_worker`;
CREATE TABLE `ppll_worker` (
  `id` int(11) NOT NULL AUTO_INCREMENT,
  `area` varchar(255) DEFAULT NULL,
  `job` varchar(255) DEFAULT NULL,
  `manageKey` varchar(255) DEFAULT NULL,
  `name` varchar(255) DEFAULT NULL,
  `work_num` varchar(255) DEFAULT NULL,
  `photo_file_id` int(11) DEFAULT NULL,
  `status` enum('InUse','UnUse') DEFAULT NULL,
  PRIMARY KEY (`id`),
  KEY `FKD6DFC51D9DEE647` (`photo_file_id`),
  CONSTRAINT `FKD6DFC51D9DEE647` FOREIGN KEY (`photo_file_id`) REFERENCES `sys_file` (`id`)
) ENGINE=InnoDB AUTO_INCREMENT=5 DEFAULT CHARSET=utf8;

-- ----------------------------
-- Records of ppll_worker
-- ----------------------------
INSERT INTO `ppll_worker` VALUES ('4', '全国', '制片', '6a13061cd203cd40da9dcf943d8210c0', '于磊', 'DH1001', '269', 'InUse');

-- ----------------------------
-- Table structure for `quality_archive_product_display_filee`
-- ----------------------------
DROP TABLE IF EXISTS `quality_archive_product_display_filee`;
CREATE TABLE `quality_archive_product_display_filee` (
  `qualityarchive_id` int(11) NOT NULL,
  `commonfile_id` int(11) NOT NULL,
  PRIMARY KEY (`qualityarchive_id`,`commonfile_id`),
  KEY `FK4E211A5F61793B09` (`commonfile_id`),
  KEY `FK4E211A5F8EE0975E` (`qualityarchive_id`),
  CONSTRAINT `FK4E211A5F61793B09` FOREIGN KEY (`commonfile_id`) REFERENCES `sys_file` (`id`),
  CONSTRAINT `FK4E211A5F8EE0975E` FOREIGN KEY (`qualityarchive_id`) REFERENCES `ppll_quality_archive` (`id`)
) ENGINE=InnoDB DEFAULT CHARSET=utf8;

-- ----------------------------
-- Records of quality_archive_product_display_filee
-- ----------------------------
INSERT INTO `quality_archive_product_display_filee` VALUES ('8', '245');
INSERT INTO `quality_archive_product_display_filee` VALUES ('8', '246');
INSERT INTO `quality_archive_product_display_filee` VALUES ('8', '247');
INSERT INTO `quality_archive_product_display_filee` VALUES ('8', '248');
INSERT INTO `quality_archive_product_display_filee` VALUES ('8', '249');
INSERT INTO `quality_archive_product_display_filee` VALUES ('9', '258');
INSERT INTO `quality_archive_product_display_filee` VALUES ('9', '259');
INSERT INTO `quality_archive_product_display_filee` VALUES ('9', '260');
INSERT INTO `quality_archive_product_display_filee` VALUES ('9', '261');
INSERT INTO `quality_archive_product_display_filee` VALUES ('9', '262');
INSERT INTO `quality_archive_product_display_filee` VALUES ('9', '263');
INSERT INTO `quality_archive_product_display_filee` VALUES ('9', '264');
INSERT INTO `quality_archive_product_display_filee` VALUES ('11', '283');
INSERT INTO `quality_archive_product_display_filee` VALUES ('11', '284');
INSERT INTO `quality_archive_product_display_filee` VALUES ('11', '285');
INSERT INTO `quality_archive_product_display_filee` VALUES ('11', '286');
INSERT INTO `quality_archive_product_display_filee` VALUES ('11', '287');
INSERT INTO `quality_archive_product_display_filee` VALUES ('11', '288');
INSERT INTO `quality_archive_product_display_filee` VALUES ('11', '289');
INSERT INTO `quality_archive_product_display_filee` VALUES ('11', '290');
INSERT INTO `quality_archive_product_display_filee` VALUES ('12', '296');
INSERT INTO `quality_archive_product_display_filee` VALUES ('12', '297');
INSERT INTO `quality_archive_product_display_filee` VALUES ('12', '298');
INSERT INTO `quality_archive_product_display_filee` VALUES ('12', '299');
INSERT INTO `quality_archive_product_display_filee` VALUES ('12', '300');
INSERT INTO `quality_archive_product_display_filee` VALUES ('13', '501');
INSERT INTO `quality_archive_product_display_filee` VALUES ('13', '569');
INSERT INTO `quality_archive_product_display_filee` VALUES ('13', '570');
INSERT INTO `quality_archive_product_display_filee` VALUES ('13', '571');
INSERT INTO `quality_archive_product_display_filee` VALUES ('13', '572');
INSERT INTO `quality_archive_product_display_filee` VALUES ('13', '573');
INSERT INTO `quality_archive_product_display_filee` VALUES ('10', '664');
INSERT INTO `quality_archive_product_display_filee` VALUES ('10', '665');
INSERT INTO `quality_archive_product_display_filee` VALUES ('10', '666');
INSERT INTO `quality_archive_product_display_filee` VALUES ('10', '667');
INSERT INTO `quality_archive_product_display_filee` VALUES ('10', '674');

-- ----------------------------
-- Table structure for `sys_common_folder`
-- ----------------------------
DROP TABLE IF EXISTS `sys_common_folder`;
CREATE TABLE `sys_common_folder` (
  `id` int(11) NOT NULL AUTO_INCREMENT,
  `folder_name` varchar(100) NOT NULL,
  `store_path` varchar(100) NOT NULL,
  PRIMARY KEY (`id`)
) ENGINE=InnoDB AUTO_INCREMENT=7 DEFAULT CHARSET=utf8;

-- ----------------------------
-- Records of sys_common_folder
-- ----------------------------
INSERT INTO `sys_common_folder` VALUES ('1', 'test', '/root/uploads_zlwhgc');
INSERT INTO `sys_common_folder` VALUES ('2', '应用软件', 'C:/software/App');
INSERT INTO `sys_common_folder` VALUES ('3', '操作系统', 'C:/software/OS');
INSERT INTO `sys_common_folder` VALUES ('4', '补丁程序', 'C:/software/Patch');
INSERT INTO `sys_common_folder` VALUES ('5', '配置文件', 'C:/software/Config');
INSERT INTO `sys_common_folder` VALUES ('6', '脚本文件', 'C:/software/Script');

-- ----------------------------
-- Table structure for `sys_config`
-- ----------------------------
DROP TABLE IF EXISTS `sys_config`;
CREATE TABLE `sys_config` (
  `id` int(11) NOT NULL AUTO_INCREMENT,
  `date_value` date DEFAULT NULL,
  `datetime_value` datetime DEFAULT NULL,
  `descripttion1` text,
  `descripttion2` text,
  `double_value` double DEFAULT NULL,
  `float_value` float DEFAULT NULL,
  `int_value` int(11) DEFAULT NULL,
  `name` text,
  `yes_no` enum('Yes','No') DEFAULT NULL,
  PRIMARY KEY (`id`)
) ENGINE=InnoDB AUTO_INCREMENT=15 DEFAULT CHARSET=utf8;

-- ----------------------------
-- Records of sys_config
-- ----------------------------
INSERT INTO `sys_config` VALUES ('1', null, null, 'smtp.yeah.net', null, null, null, null, '主机', null);
INSERT INTO `sys_config` VALUES ('2', null, null, 'mistest', null, null, null, null, '用户名', null);
INSERT INTO `sys_config` VALUES ('3', null, null, '1234%abcd', null, null, null, null, '密码', null);
INSERT INTO `sys_config` VALUES ('4', null, null, 'Yes', null, null, null, null, '发送是否验证', 'Yes');
INSERT INTO `sys_config` VALUES ('5', null, null, 'mistest@yeah.net', null, null, null, null, '发送人', null);
INSERT INTO `sys_config` VALUES ('6', null, null, null, null, null, null, null, 'http://221.122.94.10/cgi-bin/os_install.py', null);
INSERT INTO `sys_config` VALUES ('7', null, null, null, null, null, null, null, 'http://221.122.94.10/cgi-bin/write_file_ansible.py', null);
INSERT INTO `sys_config` VALUES ('8', null, null, null, null, null, null, null, 'http://221.122.94.10/cgi-bin/write_file_ansible.py', null);
INSERT INTO `sys_config` VALUES ('9', null, null, null, null, null, null, null, 'http://221.122.94.10/cgi-bin/temp_analysis.py', null);
INSERT INTO `sys_config` VALUES ('10', null, null, null, null, null, null, null, 'http://221.122.94.10/cgi-bin/file_analysis.py', null);
INSERT INTO `sys_config` VALUES ('11', null, null, null, null, null, null, null, '/var/www/html/', null);
INSERT INTO `sys_config` VALUES ('12', null, null, null, null, null, null, null, 'http://221.122.94.10/cgi-bin/list_file.py', null);
INSERT INTO `sys_config` VALUES ('13', null, null, null, null, null, null, null, 'http://221.122.94.10/cgi-bin/rsync_file.py', null);
INSERT INTO `sys_config` VALUES ('14', null, null, null, null, null, null, null, 'http://221.122.94.10:8080/', null);

-- ----------------------------
-- Table structure for `sys_department`
-- ----------------------------
DROP TABLE IF EXISTS `sys_department`;
CREATE TABLE `sys_department` (
  `id` int(11) NOT NULL AUTO_INCREMENT,
  `manageKey` varchar(255) DEFAULT NULL,
  `name` varchar(255) DEFAULT NULL,
  `sort` int(11) DEFAULT NULL,
  `_version` int(11) DEFAULT '0',
  `parent` int(11) DEFAULT NULL,
  `children` int(11) DEFAULT NULL,
  `parent_id` int(11) DEFAULT NULL,
  `status` enum('InUse','UnUse') NOT NULL,
  PRIMARY KEY (`id`),
  KEY `FK1AC988045A30A5BA` (`parent`) USING BTREE,
  KEY `FK1AC988046F03BF01` (`children`) USING BTREE,
  KEY `FK1AC98804878011D2` (`parent_id`) USING BTREE,
  CONSTRAINT `sys_department_ibfk_1` FOREIGN KEY (`children`) REFERENCES `sys_department` (`id`),
  CONSTRAINT `sys_department_ibfk_2` FOREIGN KEY (`parent_id`) REFERENCES `sys_department` (`id`),
  CONSTRAINT `sys_department_ibfk_3` FOREIGN KEY (`parent`) REFERENCES `sys_department` (`id`)
) ENGINE=InnoDB AUTO_INCREMENT=4 DEFAULT CHARSET=utf8;

-- ----------------------------
-- Records of sys_department
-- ----------------------------
INSERT INTO `sys_department` VALUES ('1', '0e3cb5772f644a096f77b288ae03645a', '运营1部', '1', '0', null, null, null, 'InUse');
INSERT INTO `sys_department` VALUES ('2', '8477d00803903b3fcb758334f402f615', '运营2部', '2', '0', null, null, null, 'InUse');
INSERT INTO `sys_department` VALUES ('3', 'dee1bbd9f02e163f6bb227d7b224a6e6', '财务室', '1', '0', '1', null, null, 'InUse');

-- ----------------------------
-- Table structure for `sys_file`
-- ----------------------------
DROP TABLE IF EXISTS `sys_file`;
CREATE TABLE `sys_file` (
  `id` int(11) NOT NULL AUTO_INCREMENT,
  `create_date` datetime DEFAULT NULL,
  `createDateEnd` datetime DEFAULT NULL,
  `createDateStart` datetime DEFAULT NULL,
  `extension_name` varchar(20) DEFAULT NULL,
  `manage_key` varchar(100) DEFAULT NULL,
  `name` varchar(200) NOT NULL,
  `store_name` varchar(100) DEFAULT NULL,
  `folder` int(11) NOT NULL,
  `status` enum('InUse','UnUse') DEFAULT NULL,
  PRIMARY KEY (`id`),
  KEY `FK74A127AE81D99090` (`folder`) USING BTREE,
  CONSTRAINT `sys_file_ibfk_1` FOREIGN KEY (`folder`) REFERENCES `sys_common_folder` (`id`)
) ENGINE=InnoDB AUTO_INCREMENT=682 DEFAULT CHARSET=utf8;

-- ----------------------------
-- Records of sys_file
-- ----------------------------
INSERT INTO `sys_file` VALUES ('1', '2017-03-04 10:39:27', null, null, '.jpg', 'e68db8fb1abaeb56fd2f1f626c4321d7', '2政策动态.jpg', '', '1', 'InUse');
INSERT INTO `sys_file` VALUES ('2', '2017-03-04 10:39:37', null, null, '.jpg', '5271f551147c3f31799afb8207dffef8', '2政策动态.jpg', '', '1', 'InUse');
INSERT INTO `sys_file` VALUES ('3', '2017-03-04 10:44:32', null, null, '.jpg', 'a09cda72871b0e7d0360077a87391a7f', '2政策动态.jpg', '', '1', 'InUse');
INSERT INTO `sys_file` VALUES ('4', '2017-03-04 12:04:09', null, null, '.jpg', 'f73741a24a9daca673d0f64ef14ed300', '1首页.jpg', '', '3', 'InUse');
INSERT INTO `sys_file` VALUES ('5', '2017-03-04 12:05:10', null, null, '.jpg', '2462eeb9704e2d3ee7a5ca7558d4b877', '8-1查询中心~结果2.jpg', '', '3', 'InUse');
INSERT INTO `sys_file` VALUES ('6', '2017-03-04 12:05:27', null, null, '.jpg', '2fdeb4d23b73eb6575cc2b1af5fcb524', '8-1查询中心~结果2.jpg', '', '1', 'InUse');
INSERT INTO `sys_file` VALUES ('7', '2017-03-04 12:14:05', null, null, '.jpg', '5190bd1ab0d2ae2a7c5baf43e61bd5a8', '8-1查询中心~结果2.jpg', '', '3', 'InUse');
INSERT INTO `sys_file` VALUES ('8', '2017-03-04 12:14:10', null, null, '.jpg', '87784784aa812faa734761801b8f9f88', '4会员风采.jpg', '', '1', 'InUse');
INSERT INTO `sys_file` VALUES ('9', '2017-03-04 13:57:12', null, null, '.jpg', '8a74cd15c1a1fd306524bb3ab11c1cb2', '1首页.jpg', '', '1', 'InUse');
INSERT INTO `sys_file` VALUES ('10', '2017-03-04 14:04:14', null, null, '.jpg', 'ac14e83833d93b8dc8db99f1df25ab4a', '8-1查询中心~结果2.jpg', '', '3', 'InUse');
INSERT INTO `sys_file` VALUES ('11', '2017-03-04 14:22:58', null, null, '.jpg', '2dbc2ba341b290165ce903350ccc2ca8', '8-1查询中心~结果2.jpg', '', '1', 'InUse');
INSERT INTO `sys_file` VALUES ('12', '2017-03-04 14:34:11', null, null, '.jpg', 'd09c6ba7b8d3dd1af6a089960a5fb462', '3质量热点.jpg', '', '1', 'InUse');
INSERT INTO `sys_file` VALUES ('13', '2017-03-04 14:34:42', null, null, '.jpg', '645634adb620c05c66990c773c3ff67e', '8-1查询中心~结果1.jpg', '', '1', 'InUse');
INSERT INTO `sys_file` VALUES ('14', '2017-03-04 14:54:05', null, null, '.jpg', '2713741f18a694be3f19db3f0e62b367', '8-1查询中心~结果2.jpg', '', '1', 'InUse');
INSERT INTO `sys_file` VALUES ('15', '2017-03-04 14:55:10', null, null, '.jpg', 'ca9497eca492af454bdf63fbac7d2946', '8-1查询中心~结果3.jpg', '', '1', 'InUse');
INSERT INTO `sys_file` VALUES ('16', '2017-03-04 14:55:52', null, null, '.jpg', 'ba58f7ef2e616d5c6d379afd7e5c8078', '8-1查询中心~结果2.jpg', '', '1', 'InUse');
INSERT INTO `sys_file` VALUES ('17', '2017-03-04 14:57:38', null, null, '.jpg', '8c5650b8703836a68d6dd8d72f12ad74', '8-1查询中心~结果2.jpg', '', '1', 'InUse');
INSERT INTO `sys_file` VALUES ('18', '2017-03-04 14:57:49', null, null, '.jpg', '57ef405cd2fe05817e51e7d3681cb6dd', '8-1查询中心~结果2.jpg', '', '1', 'InUse');
INSERT INTO `sys_file` VALUES ('19', '2017-03-04 14:58:04', null, null, '.jpg', '2b60d2c74866b5e7d66291bf4fb0c6cf', '8-1查询中心~结果4.jpg', '', '1', 'InUse');
INSERT INTO `sys_file` VALUES ('20', '2017-03-04 14:58:13', null, null, '.jpg', '0135df9212cc23a697034500f74270c3', '8-1查询中心~结果2.jpg', '', '1', 'InUse');
INSERT INTO `sys_file` VALUES ('21', '2017-03-04 14:58:17', null, null, '.jpg', 'affadb88433fe612cedd55d128677529', '8-1查询中心~结果1.jpg', '', '1', 'InUse');
INSERT INTO `sys_file` VALUES ('22', '2017-03-04 14:58:23', null, null, '.jpg', '2295bbca5e8580693bbc38693b55f341', '8-1查询中心~结果3.jpg', '', '1', 'InUse');
INSERT INTO `sys_file` VALUES ('23', '2017-03-04 14:58:56', null, null, '.jpg', '9d4a7ecd1ee374ab0a97a4f778786253', '8-1查询中心~结果3.jpg', '', '1', 'InUse');
INSERT INTO `sys_file` VALUES ('24', '2017-03-04 14:59:44', null, null, '.jpg', 'f63cf1ef03473ae9e2e6ebaa50f08308', '8-1查询中心~结果2.jpg', '', '1', 'InUse');
INSERT INTO `sys_file` VALUES ('25', '2017-03-04 15:12:03', null, null, '.jpg', 'f1422e80faa7ce34d3c4d987bd3cc018', '8-1查询中心~结果1.jpg', '', '1', 'InUse');
INSERT INTO `sys_file` VALUES ('26', '2017-03-04 15:12:14', null, null, '.jpg', '19c25c5b862cad44ddec1c061c5644fb', '8-1查询中心~结果3.jpg', '', '1', 'InUse');
INSERT INTO `sys_file` VALUES ('27', '2017-03-04 15:12:18', null, null, '.jpg', 'f3a8af359e11748ffcf4f5aedfee4d35', '8-1查询中心~结果3.jpg', '', '1', 'InUse');
INSERT INTO `sys_file` VALUES ('28', '2017-03-04 15:17:34', null, null, '.jpg', '7a7fd07fc0869683f7caf2e640ef1710', '1首页.jpg', '', '1', 'InUse');
INSERT INTO `sys_file` VALUES ('29', '2017-03-04 15:17:38', null, null, '.jpg', 'a6801a5c772078e746dd168648da68c2', '2政策动态.jpg', '', '1', 'InUse');
INSERT INTO `sys_file` VALUES ('30', '2017-03-04 15:17:41', null, null, '.jpg', 'd367f91e08a40c55f1a6406227f08426', '3质量热点.jpg', '', '1', 'InUse');
INSERT INTO `sys_file` VALUES ('31', '2017-03-04 15:17:46', null, null, '.jpg', '65d5cfe953408b2e27920edcf9960eba', '4会员风采.jpg', '', '1', 'InUse');
INSERT INTO `sys_file` VALUES ('32', '2017-03-04 15:17:49', null, null, '.jpg', 'd59ed6dacbbbfa467d1f233bf8c7ccd6', '5-1质量档案-企业展示.jpg', '', '1', 'InUse');
INSERT INTO `sys_file` VALUES ('33', '2017-03-04 15:21:39', null, null, '.jpg', '50ccbe01cce978e125473562ba4c9c85', '8-1查询中心~结果2.jpg', '', '1', 'InUse');
INSERT INTO `sys_file` VALUES ('34', '2017-03-04 15:21:53', null, null, '.jpg', 'd44a078feb9a28efdb0eebd5d548b275', '7关于我们.jpg', '', '1', 'InUse');
INSERT INTO `sys_file` VALUES ('35', '2017-03-04 15:41:14', null, null, '.jpg', '5924370dac7204ac0d866628a4e510f9', '8-1查询中心~结果4.jpg', '', '1', 'InUse');
INSERT INTO `sys_file` VALUES ('36', '2017-03-04 15:43:22', null, null, '.jpg', 'b0f0d78146ba940ac9d0c602a2a4b612', '3质量热点.jpg', '', '1', 'InUse');
INSERT INTO `sys_file` VALUES ('37', '2017-03-04 16:34:36', null, null, '.jpg', '8b0afb29298c14684ee0e5cef713e634', '8-1查询中心~结果2.jpg', '', '1', 'InUse');
INSERT INTO `sys_file` VALUES ('38', '2017-03-04 16:38:17', null, null, '.jpg', '65022bb3c24bc1657a31b75213131537', '8-1查询中心~结果2.jpg', '', '1', 'InUse');
INSERT INTO `sys_file` VALUES ('39', '2017-03-04 16:45:52', null, null, '.jpg', 'b58d6593c7d45272a9f704d24613fae7', '5-1质量档案-企业展示.jpg', '', '1', 'InUse');
INSERT INTO `sys_file` VALUES ('40', '2017-03-04 17:13:56', null, null, '.jpg', '647389cb76e330bdb3783a7b22bee8a4', '8-1查询中心~结果3.jpg', '', '1', 'InUse');
INSERT INTO `sys_file` VALUES ('41', '2017-03-04 17:16:50', null, null, '.jpg', '9916c7212297d55fcdf3f40fb352a304', '8-1查询中心~结果2.jpg', '', '1', 'InUse');
INSERT INTO `sys_file` VALUES ('43', '2017-03-06 14:04:49', null, null, '.jpg', '3c6540f84168c0c0223892951b64dacd', 'W020140606330951432729.jpg', '', '1', 'InUse');
INSERT INTO `sys_file` VALUES ('44', '2017-03-06 14:05:10', null, null, '.jpg', 'f5b42cd53de64c5f56698e27dfa87418', 'W020140606330951432729.jpg', '', '1', 'InUse');
INSERT INTO `sys_file` VALUES ('46', '2017-03-07 16:34:45', null, null, '.jpg', '1fbf3ba00b43c3afb2a3f2b64451ae95', 'W020140606330951432729.jpg', '', '3', 'InUse');
INSERT INTO `sys_file` VALUES ('47', '2017-03-07 17:34:21', null, null, '.jpg', '6a81d0f86b85774e021488fd419d67fc', 'W020140606330951432729.jpg', '', '1', 'InUse');
INSERT INTO `sys_file` VALUES ('48', '2017-03-07 18:15:36', null, null, '.png', '2999962f0cd15fed84ab3042e429116d', 'news.png', '', '1', 'InUse');
INSERT INTO `sys_file` VALUES ('49', '2017-03-07 18:16:24', null, null, '.png', '706327d6a52edd574ec3b4c7f31dffca', 'news-4.png', '', '1', 'InUse');
INSERT INTO `sys_file` VALUES ('50', '2017-03-07 18:16:52', null, null, '.png', '7f5e664e94c3a8ae44e6a13c4d91a679', 'news-2.png', '', '1', 'InUse');
INSERT INTO `sys_file` VALUES ('51', '2017-03-07 18:24:59', null, null, '.jpg', '09a5d34c408b9111b8c92eebede2b018', '1488798726591.jpg', '', '1', 'InUse');
INSERT INTO `sys_file` VALUES ('52', '2017-03-07 18:25:09', null, null, '.jpg', '5977b65025e4d8038767c3f56725ca3c', '1488274935297.jpg', '', '1', 'InUse');
INSERT INTO `sys_file` VALUES ('53', '2017-03-07 18:43:53', null, null, '.png', '3dcaf68d332787764f77295e014daab7', 'huiyuan-demo.png', '', '1', 'InUse');
INSERT INTO `sys_file` VALUES ('54', '2017-03-07 19:34:54', null, null, '.png', '24b2d7d8a8997810ccbc65932ea83cca', 'huiyuan-demo.png', '', '1', 'InUse');
INSERT INTO `sys_file` VALUES ('55', '2017-03-07 19:37:03', null, null, '.jpg', '438c8779d848007faf5273783e81ea6f', '1488509153978.jpg', '', '1', 'InUse');
INSERT INTO `sys_file` VALUES ('56', '2017-03-07 19:37:36', null, null, '.jpg', '40e8d22736f341898b30585bbfd1d310', '1488691031862.jpg', '', '1', 'InUse');
INSERT INTO `sys_file` VALUES ('57', '2017-03-07 19:38:01', null, null, '.jpg', '17bfc63976c4b57f25efc85c2ae03bfc', '1488770685195.jpg', '', '1', 'InUse');
INSERT INTO `sys_file` VALUES ('58', '2017-03-07 19:38:40', null, null, '.jpg', 'd6402f5d87aad0b7af829d2b33da0c68', '1488780430104.jpg', '', '1', 'InUse');
INSERT INTO `sys_file` VALUES ('59', '2017-03-07 19:39:04', null, null, '.jpg', '81625853d7a35a2b32a30244b58688f7', '1488769788719.jpg', '', '1', 'InUse');
INSERT INTO `sys_file` VALUES ('60', '2017-03-07 19:39:32', null, null, '.jpg', '62c4ceb16f41aa981de22f5ec2d35f27', '1488770685195.jpg', '', '1', 'InUse');
INSERT INTO `sys_file` VALUES ('61', '2017-03-08 11:23:12', null, null, '.jpg', '960235054c2a215159ad5d0e12600ca9', '1488798726591.jpg', '', '1', 'InUse');
INSERT INTO `sys_file` VALUES ('62', '2017-03-08 11:23:20', null, null, '.jpg', 'fd5f33175846b941e43d334d77b2e611', '1488770685195.jpg', '', '1', 'InUse');
INSERT INTO `sys_file` VALUES ('63', '2017-03-08 11:23:28', null, null, '.jpg', 'e3d7ee03f6c9df6c640406499eafaf29', '1488769788719.jpg', '', '1', 'InUse');
INSERT INTO `sys_file` VALUES ('64', '2017-03-08 11:23:39', null, null, '.jpg', '1ef751fee5e252c6b03d5ed1a5c9317b', '1488691031862.jpg', '', '1', 'InUse');
INSERT INTO `sys_file` VALUES ('65', '2017-03-08 16:25:26', null, null, '.jpg', '55c410ec2bfbd2f80458688315f65616', '1488780430104.jpg', '', '1', 'InUse');
INSERT INTO `sys_file` VALUES ('66', '2017-03-08 16:25:30', null, null, '.jpg', 'ca8442edf670263c4c6fedb788fe2587', '1488769788719.jpg', '', '1', 'InUse');
INSERT INTO `sys_file` VALUES ('67', '2017-03-08 16:25:35', null, null, '.jpg', 'f5631f3b2d41f36659f6edc7d9f84c17', '1488274935297.jpg', '', '1', 'InUse');
INSERT INTO `sys_file` VALUES ('68', '2017-03-08 16:30:29', null, null, '.jpg', '99b6995139783bb9ca44c3a0d28d3e18', '1488691031862.jpg', '', '1', 'InUse');
INSERT INTO `sys_file` VALUES ('69', '2017-03-08 16:30:33', null, null, '.jpg', '60993f05d9a2ee5a6f10c7beef4e762e', '1488509153978.jpg', '', '1', 'InUse');
INSERT INTO `sys_file` VALUES ('70', '2017-03-08 16:30:39', null, null, '.jpg', 'c18c34d14b4cde8b534315aede7b5cd2', 'test.jpg', '', '1', 'InUse');
INSERT INTO `sys_file` VALUES ('71', '2017-03-08 17:30:32', null, null, '.mp4', '81e4559dc11c01efb17b9c8882ec3bb8.mp4', 'oceans.mp4', '', '1', 'InUse');
INSERT INTO `sys_file` VALUES ('72', '2017-03-11 09:14:27', null, null, '.jpg', '199226933814eaf654972021f55fd5eb', 'test.jpg', '', '1', 'InUse');
INSERT INTO `sys_file` VALUES ('73', '2017-03-11 10:13:33', null, null, '.jpg', '3ab9245db849ad378c132ed8e5348128', '1488769788719.jpg', '', '1', 'InUse');
INSERT INTO `sys_file` VALUES ('74', '2017-03-12 16:20:25', null, null, '.png', 'abca0866b006963e9b99fdcf508943c6', 'news.png', '', '1', 'InUse');
INSERT INTO `sys_file` VALUES ('75', '2017-03-12 16:20:37', null, null, '.png', '764fa27961422a542e8a29414a292d39', 'news-4.png', '', '1', 'InUse');
INSERT INTO `sys_file` VALUES ('76', '2017-03-12 16:20:47', null, null, '.png', 'd2bb8fcf7479cc95ce5824e99f8ff4a3', 'news-2.png', '', '1', 'InUse');
INSERT INTO `sys_file` VALUES ('77', '2017-03-12 16:36:33', null, null, '.jpg', '96f73c0791d23dab03bb4b599704c715', '1488274935297.jpg', '', '1', 'InUse');
INSERT INTO `sys_file` VALUES ('78', '2017-03-12 16:37:50', null, null, '.png', 'de02b70c3b9ad19c849e1491b4239a9c', 'ad1.png', '', '1', 'InUse');
INSERT INTO `sys_file` VALUES ('79', '2017-03-12 16:37:57', null, null, '.png', '09843f7ff39c378f60c32331e61f9ebb', 'ad2.png', '', '1', 'InUse');
INSERT INTO `sys_file` VALUES ('80', '2017-03-12 16:38:48', null, null, '.png', 'e81455cf3b6028beffebd6fea2c60580', 'ad1.png', '', '1', 'InUse');
INSERT INTO `sys_file` VALUES ('81', '2017-03-12 16:38:56', null, null, '.png', '8fa734c1a3fd45523262739b82104c55', 'ad2.png', '', '1', 'InUse');
INSERT INTO `sys_file` VALUES ('82', '2017-03-12 16:40:25', null, null, '.png', 'af460580dd38660eb7c22bce30eaa9a9', 'ad1.png', '', '1', 'InUse');
INSERT INTO `sys_file` VALUES ('83', '2017-03-12 16:40:38', null, null, '.png', '13b1f97158606414019ec1fe24223d09', 'ad2.png', '', '1', 'InUse');
INSERT INTO `sys_file` VALUES ('84', '2017-03-12 16:41:08', null, null, '.png', '9d484f3dd98d4060038819ee4696da49', 'huiyuan-demo.png', '', '1', 'InUse');
INSERT INTO `sys_file` VALUES ('85', '2017-03-12 16:41:35', null, null, '.jpg', 'd05cca5ad984467e7bffb357df6c10df', '1488509153978.jpg', '', '1', 'InUse');
INSERT INTO `sys_file` VALUES ('86', '2017-03-12 16:41:43', null, null, '.jpg', '2caae9c2c6ccc2731fd6376163a62889', '1488691031862.jpg', '', '1', 'InUse');
INSERT INTO `sys_file` VALUES ('91', '2017-03-12 16:42:32', null, null, '.jpg', '6212add1f8b7d767caa68691cc1ea455', '1488274935297.jpg', '', '1', 'InUse');
INSERT INTO `sys_file` VALUES ('92', '2017-03-12 16:43:59', null, null, '.jpg', '4933c70caa44d5acf7c6c3d2f770bd9b', '1488780430104.jpg', '', '1', 'InUse');
INSERT INTO `sys_file` VALUES ('93', '2017-03-12 16:44:07', null, null, '.jpg', '5f5e60b8efa65b29b8ebecb103e5072b', '1488769788719.jpg', '', '1', 'InUse');
INSERT INTO `sys_file` VALUES ('94', '2017-03-12 16:44:20', null, null, '.jpg', '9776fed7907f5d0650bf67444fa53c70', '1488509153978.jpg', '', '1', 'InUse');
INSERT INTO `sys_file` VALUES ('95', '2017-03-12 16:44:31', null, null, '.jpg', '3a9a364cc2a95d5ec12ebe8984ef438d', 'test.jpg', '', '1', 'InUse');
INSERT INTO `sys_file` VALUES ('99', '2017-03-12 16:48:36', null, null, '.jpg', 'a1569ddfff6e01ba682934c0b490351c', 'timg (1).jpg', '', '1', 'InUse');
INSERT INTO `sys_file` VALUES ('100', '2017-03-12 16:48:40', null, null, '.jpg', 'd878c9a4d55a81ec06f098f6674a835c', 'timg (2).jpg', '', '1', 'InUse');
INSERT INTO `sys_file` VALUES ('101', '2017-03-12 16:48:43', null, null, '.jpg', '5b5671eb1dbd5791eff4cc02c2b67a77', 'timg (3).jpg', '', '1', 'InUse');
INSERT INTO `sys_file` VALUES ('102', '2017-03-12 16:48:47', null, null, '.jpg', '6df2c42eec138ff88d8d6385a01c6eef', 'timg (4).jpg', '', '1', 'InUse');
INSERT INTO `sys_file` VALUES ('103', '2017-03-12 16:48:50', null, null, '.jpg', '6357008052d8eec8d46175e07b67595f', 'timg (5).jpg', '', '1', 'InUse');
INSERT INTO `sys_file` VALUES ('109', '2017-03-13 14:40:23', null, null, '.jpg', 'bbca541491a5ff01a401c8f177ba35d4', '1488274935297.jpg', '', '1', 'InUse');
INSERT INTO `sys_file` VALUES ('111', '2017-03-14 11:24:38', null, null, '.png', '8a223fa04b67f8b3e73e98be045d311b', 'news-1.png', '', '1', 'InUse');
INSERT INTO `sys_file` VALUES ('112', '2017-03-14 11:24:50', null, null, '.png', 'bd4b25e7892d4348e4dc38982bbeab57', 'news-3.png', '', '1', 'InUse');
INSERT INTO `sys_file` VALUES ('113', '2017-03-14 11:26:02', null, null, '.png', '24e49ce2cb6a4ffc06de4bf7a2620f70', 'news-3.png', '', '1', 'InUse');
INSERT INTO `sys_file` VALUES ('114', '2017-03-14 11:26:41', null, null, '.png', 'dad90756752e054e987be7a4a108cf37', 'news-2.png', '', '1', 'InUse');
INSERT INTO `sys_file` VALUES ('120', '2017-03-15 10:55:58', null, null, '.png', '18191f44ad94a8fdafc004f474c58317', 'p4.png', '', '1', 'InUse');
INSERT INTO `sys_file` VALUES ('121', '2017-03-15 10:56:01', null, null, '.png', 'e848aa7d3f13c25efa0a14301403e686', 'p5.png', '', '1', 'InUse');
INSERT INTO `sys_file` VALUES ('122', '2017-03-16 15:31:00', null, null, '.jpg', '6dadae697a5e33c245c91583f9ff1f49', '杭州乔拓科技有限公司中国上传-01.jpg', '', '1', 'InUse');
INSERT INTO `sys_file` VALUES ('123', '2017-03-17 11:06:08', null, null, '.jpg', 'fc2ce39ca2352451c6eb67e17ec4a9e0', '396318001017293481_副本1.jpg', '', '1', 'InUse');
INSERT INTO `sys_file` VALUES ('124', '2017-03-17 11:22:03', null, null, '.png', '1d1636d77733ba8b3123ed16a5ff7ee4', '160815164215503815038383.png', '', '1', 'InUse');
INSERT INTO `sys_file` VALUES ('125', '2017-03-17 11:22:15', null, null, '.png', '4484d7daa60453ea11df816f18ea7423', '160815164215503815038383.png', '', '1', 'InUse');
INSERT INTO `sys_file` VALUES ('126', '2017-03-17 11:23:51', null, null, '.jpg', '0e79ea0a0daae42f37428063c2ed99a1', 'QQ截图20170317112329.jpg', '', '1', 'InUse');
INSERT INTO `sys_file` VALUES ('130', '2017-03-17 11:25:41', null, null, '.jpg', '45527ea1ffbd84b00748694b750a7f98', '160819155852888318883204.jpg', '', '1', 'InUse');
INSERT INTO `sys_file` VALUES ('131', '2017-03-17 11:25:46', null, null, '.png', '460362cac98825d7db37f1598420f781', '161021172216221012210927.png', '', '1', 'InUse');
INSERT INTO `sys_file` VALUES ('132', '2017-03-17 11:27:00', null, null, '.jpg', '885be2ebddcc6d44355c3ba6990af3f6', 'QQ截图20170317112329.jpg', '', '1', 'InUse');
INSERT INTO `sys_file` VALUES ('135', '2017-03-17 16:34:53', null, null, '.png', 'ace61d27225f60b2b227dcb4f98d9fd2', '图片1.png', '', '3', 'InUse');
INSERT INTO `sys_file` VALUES ('136', '2017-03-17 16:39:17', null, null, '.png', '4563c6a94f604c249ccfda2c83ada486', '图片2.png', '', '3', 'InUse');
INSERT INTO `sys_file` VALUES ('137', '2017-03-17 16:39:49', null, null, '.png', 'e1a55338f038d623c1fa784d83540185', '图片3.png', '', '3', 'InUse');
INSERT INTO `sys_file` VALUES ('138', '2017-03-17 16:41:37', null, null, '.png', 'fd6f7c47923d7fb663bb7ebac1ad6ff7', '图片2.png', '', '3', 'InUse');
INSERT INTO `sys_file` VALUES ('139', '2017-03-17 16:41:54', null, null, '.png', '5f00bced2c713ddd1b7d2014ac294f70', '图片1.png', '', '3', 'InUse');
INSERT INTO `sys_file` VALUES ('140', '2017-03-17 16:45:32', null, null, '.png', '77330dd08bbf69786b17e7c4bbb9cebe', '图片1.png', '', '1', 'InUse');
INSERT INTO `sys_file` VALUES ('141', '2017-03-17 17:04:25', null, null, '.jpg', '3e6b17d4a6cd75e78c1835eeac9fa0be', '封面.jpg', '', '1', 'UnUse');
INSERT INTO `sys_file` VALUES ('142', '2017-03-17 17:08:55', null, null, '.jpg', 'c9a41f47c423224fbe911df65baedc3d', '11.jpg', '', '1', 'InUse');
INSERT INTO `sys_file` VALUES ('143', '2017-03-17 17:09:34', null, null, '.png', 'a9309c3760265b52700c09ef5dc29791', '图片1.png', '', '3', 'InUse');
INSERT INTO `sys_file` VALUES ('144', '2017-03-17 17:09:54', null, null, '.png', 'd38e88eb6d11e2a8e2301fbf017eef75', '图片2.png', '', '3', 'InUse');
INSERT INTO `sys_file` VALUES ('145', '2017-03-17 17:10:30', null, null, '.png', 'e6b58e45cf00beb3ec40ad433fad227c', '图片2.png', '', '3', 'InUse');
INSERT INTO `sys_file` VALUES ('146', '2017-03-17 17:10:57', null, null, '.png', 'e05d95cdf256fda2fb17923b5e666195', '封面.png', '', '3', 'InUse');
INSERT INTO `sys_file` VALUES ('147', '2017-03-17 17:14:33', null, null, '.png', '9238c5ee571a1955c59c35f03ed4474c', '图片1.png', '', '3', 'InUse');
INSERT INTO `sys_file` VALUES ('148', '2017-03-17 17:14:49', null, null, '.png', '6fdcb4fc99af7613543d1cd2a5f9f426', '图片2.png', '', '3', 'InUse');
INSERT INTO `sys_file` VALUES ('149', '2017-03-17 17:22:27', null, null, '.jpg', 'ade4acef87078041672e6ec78b874e2b', '封面.jpg', '', '3', 'InUse');
INSERT INTO `sys_file` VALUES ('150', '2017-03-17 17:22:40', null, null, '.jpg', '2046dbbba5fdccd3e4bb60d0b6e9ec10', '封面.jpg', '', '1', 'InUse');
INSERT INTO `sys_file` VALUES ('151', '2017-03-17 17:27:47', null, null, '.jpg', '19b7ef6b2d32b1a1922a9d286f4b1810', '绿色食品.jpg', '', '3', 'InUse');
INSERT INTO `sys_file` VALUES ('152', '2017-03-17 17:28:08', null, null, '.png', 'db4d784cf49e836428d3181fc26c4af5', '图片1.png', '', '3', 'InUse');
INSERT INTO `sys_file` VALUES ('153', '2017-03-17 17:28:24', null, null, '.png', '777c32d3369511d088be67665e9d4b49', '图片2.png', '', '3', 'InUse');
INSERT INTO `sys_file` VALUES ('154', '2017-03-17 17:28:34', null, null, '.jpg', '4bef6a8ff6cde1c439815e80ffab8fba', '封面.jpg', '', '1', 'InUse');
INSERT INTO `sys_file` VALUES ('155', '2017-03-17 17:35:10', null, null, '.jpg', 'd61b94f7a69a4945efdb0158f6cfe29b', '图片1.jpg', '', '3', 'InUse');
INSERT INTO `sys_file` VALUES ('156', '2017-03-17 17:35:41', null, null, '.png', 'a29f2e9d4f696afe9569c453843fc9f3', '图片2.png', '', '3', 'InUse');
INSERT INTO `sys_file` VALUES ('157', '2017-03-17 17:36:52', null, null, '.jpg', '3f09b3d561948468386486bf4a189b36', '封面.jpg', '', '1', 'InUse');
INSERT INTO `sys_file` VALUES ('158', '2017-03-17 17:46:03', null, null, '.jpg', '5563247287741256c1e6b08595cc109c', '1763.jpg_wh1200.jpg', '', '3', 'InUse');
INSERT INTO `sys_file` VALUES ('159', '2017-03-17 17:46:37', null, null, '.png', '2531b193b2bd6a61be5fb75aa86e3617', '图片2.png', '', '3', 'InUse');
INSERT INTO `sys_file` VALUES ('160', '2017-03-17 17:46:48', null, null, '.jpg', '4dd272ee49f68159136b3b50876b24df', '图片3.webp.jpg', '', '3', 'InUse');
INSERT INTO `sys_file` VALUES ('161', '2017-03-17 17:47:16', null, null, '.jpg', 'f6bd840b9d10e4fe1cc7a4854ee59290', '封面.jpg', '', '1', 'InUse');
INSERT INTO `sys_file` VALUES ('162', '2017-03-17 17:56:03', null, null, '.jpg', '0aa9aa0bf7296c7b12b220ca1fc7bf3f', '581735_20141017182026078200_1.jpg', '', '3', 'InUse');
INSERT INTO `sys_file` VALUES ('163', '2017-03-17 17:56:17', null, null, '.jpg', 'd163435e8f7e379d51477c2bb2ea3288', '1085371_20170216155442754015_1.jpg', '', '3', 'InUse');
INSERT INTO `sys_file` VALUES ('164', '2017-03-17 17:56:28', null, null, '.jpg', 'ff45d27e3b1547148115bca35a5391e9', '封面.jpg', '', '1', 'InUse');
INSERT INTO `sys_file` VALUES ('165', '2017-03-17 18:04:58', null, null, '.jpg', '15dbdb97fa6ae46c5050a6fd42525889', '131.webp.jpg', '', '3', 'InUse');
INSERT INTO `sys_file` VALUES ('166', '2017-03-17 18:05:26', null, null, '.png', 'e9f5c2405a636b7f4efe94f31589ab47', '图片1.png', '', '3', 'InUse');
INSERT INTO `sys_file` VALUES ('167', '2017-03-17 18:05:38', null, null, '.png', 'd701a90247e1e7cdff5e8527d809893e', '图片2.png', '', '3', 'InUse');
INSERT INTO `sys_file` VALUES ('168', '2017-03-17 18:05:46', null, null, '.jpg', '296b92cecc4c2158576050974080f1e1', '封面.jpg', '', '1', 'InUse');
INSERT INTO `sys_file` VALUES ('169', '2017-03-17 18:23:49', null, null, '.jpg', 'fcc241453327fc373eb3bf616ff16d99', '李克强回答中外记者提问.jpg', '', '1', 'InUse');
INSERT INTO `sys_file` VALUES ('170', '2017-03-17 18:31:17', null, null, '.jpg', '74a6d657b0cb0a74f994dc1175139928', '李克强回答中外记者提问.jpg', '', '1', 'UnUse');
INSERT INTO `sys_file` VALUES ('171', '2017-03-17 18:40:54', null, null, '.png', 'bab9ec9f89e0e822baca42bd83a73206', 'wzsl_tl.png', '', '3', 'InUse');
INSERT INTO `sys_file` VALUES ('172', '2017-03-17 18:59:12', null, null, '.jpg', '8dfdbf9eaf00691fb2cf622544b19b4e', 'timg.jpg', '', '3', 'InUse');
INSERT INTO `sys_file` VALUES ('173', '2017-03-17 19:10:12', null, null, '.jpg', '27e55e9775be7eaed1ebfa54b3cfacc1', 'timg.jpg', '', '3', 'InUse');
INSERT INTO `sys_file` VALUES ('174', '2017-03-17 19:11:39', null, null, '.jpg', '09fa51f3a60ed611b6eb49b1b22f9848', 'timg.jpg', '', '3', 'InUse');
INSERT INTO `sys_file` VALUES ('175', '2017-03-17 19:13:26', null, null, '.jpg', '727109c7a016ed7b13a061c6bae1f44d', '1.jpg', '', '3', 'InUse');
INSERT INTO `sys_file` VALUES ('176', '2017-03-17 19:13:27', null, null, '.png', '87e36c89f0387ac76612fb83f23f6cb0', '图片2.png', '', '3', 'InUse');
INSERT INTO `sys_file` VALUES ('177', '2017-03-17 19:13:45', null, null, '.png', 'fed0e1cfdd111f227f77e83d399417f2', '图片1.png', '', '3', 'InUse');
INSERT INTO `sys_file` VALUES ('178', '2017-03-17 19:14:00', null, null, '.png', 'f9ad22aeb58c06ac0a306ad37211061d', '图片3.png', '', '3', 'InUse');
INSERT INTO `sys_file` VALUES ('179', '2017-03-17 19:14:21', null, null, '.jpg', '3c16509a9fcf9f2537fa3084238890e7', '20170316101512140.jpg', '', '3', 'InUse');
INSERT INTO `sys_file` VALUES ('180', '2017-03-17 19:15:07', null, null, '.png', 'ee273b61f5368af4f5e3c89e3442ce95', '图片1.png', '', '3', 'InUse');
INSERT INTO `sys_file` VALUES ('181', '2017-03-17 19:15:20', null, null, '.png', '4089753cc96b8fe6508ea05688a0e6cb', '图片2.png', '', '3', 'InUse');
INSERT INTO `sys_file` VALUES ('182', '2017-03-17 19:15:41', null, null, '.png', '458e612b3295291812578d42dbcee6af', '封面.png', '', '3', 'InUse');
INSERT INTO `sys_file` VALUES ('183', '2017-03-17 19:15:42', null, null, '.jpg', 'f91eedfdb286accdf9827e6aa5816760', '20170316101512249.jpg', '', '3', 'InUse');
INSERT INTO `sys_file` VALUES ('184', '2017-03-17 19:16:35', null, null, '.jpg', 'eecf2efd069996664cdb00f3d76545de', '封面.jpg', '', '3', 'InUse');
INSERT INTO `sys_file` VALUES ('185', '2017-03-17 19:16:46', null, null, '.jpg', '5efd13604a17a8781f04e62df82d3ebf', '1.jpg', '', '3', 'InUse');
INSERT INTO `sys_file` VALUES ('186', '2017-03-17 19:16:49', null, null, '.jpg', 'e89a463b8e82c493f9a5f6aa6510b418', '20170316101512474.jpg', '', '3', 'InUse');
INSERT INTO `sys_file` VALUES ('187', '2017-03-17 19:16:52', null, null, '.png', '90a360483103378600c2c02892bddfc8', '图片1.png', '', '3', 'InUse');
INSERT INTO `sys_file` VALUES ('188', '2017-03-17 19:17:06', null, null, '.png', '2ec2437d704f9a419f0f8003d80e10ce', '图片2.png', '', '3', 'InUse');
INSERT INTO `sys_file` VALUES ('189', '2017-03-17 19:17:37', null, null, '.jpg', 'a45ff7021d75e05bca0982ec25c856c6', '20170316101513532.jpg', '', '3', 'InUse');
INSERT INTO `sys_file` VALUES ('190', '2017-03-17 19:17:57', null, null, '.jpg', '95c69c4fcee2ce283d95f5994e9e43bc', '绿色食品.jpg', '', '3', 'InUse');
INSERT INTO `sys_file` VALUES ('191', '2017-03-17 19:18:06', null, null, '.jpg', '22c44858b5dbfdb1c7e988b3575ef93b', '2.jpg', '', '3', 'InUse');
INSERT INTO `sys_file` VALUES ('192', '2017-03-17 19:18:09', null, null, '.png', '7de74a1e3c93b5c8b7a0fd3d084fb197', '图片1.png', '', '3', 'InUse');
INSERT INTO `sys_file` VALUES ('193', '2017-03-17 19:18:24', null, null, '.jpg', '419ca64707267e0b760616d3b247568b', '20170316101513972.jpg', '', '3', 'InUse');
INSERT INTO `sys_file` VALUES ('194', '2017-03-17 19:18:24', null, null, '.png', '7aa39c1a02cd80388287005e59e06a34', '图片2.png', '', '3', 'InUse');
INSERT INTO `sys_file` VALUES ('195', '2017-03-17 19:18:39', null, null, '.gif', 'e5c608b69cc0d3546b2be67d4d7e2de5', '3.gif', '', '3', 'InUse');
INSERT INTO `sys_file` VALUES ('196', '2017-03-17 19:18:58', null, null, '.jpg', 'b3890d1d8e64e69fca2982240cdbe112', '图片1.jpg', '', '3', 'InUse');
INSERT INTO `sys_file` VALUES ('197', '2017-03-17 19:19:13', null, null, '.png', '576a22e16011a8b30030fe58eb8d4cc6', '图片2.png', '', '3', 'InUse');
INSERT INTO `sys_file` VALUES ('198', '2017-03-17 19:19:43', null, null, '.jpg', 'c348454868329fd4baf8b4b40ce2e822', '1763.jpg_wh1200.jpg', '', '3', 'InUse');
INSERT INTO `sys_file` VALUES ('199', '2017-03-17 19:19:57', null, null, '.jpg', '1a5b2ad9d9110933589175959e283fe8', '2.jpg', '', '3', 'InUse');
INSERT INTO `sys_file` VALUES ('200', '2017-03-17 19:20:11', null, null, '.png', '2652da310eb4e9f14b15eb25626be07f', '图片2.png', '', '3', 'InUse');
INSERT INTO `sys_file` VALUES ('201', '2017-03-17 19:20:16', null, null, '.jpg', 'c0747404c0ef42dc69dc246f3643e458', '20170316101843826.jpg', '', '3', 'InUse');
INSERT INTO `sys_file` VALUES ('202', '2017-03-17 19:20:21', null, null, '.jpg', '123824f6aec6b680828710b9619c7834', '图片3.webp.jpg', '', '3', 'InUse');
INSERT INTO `sys_file` VALUES ('203', '2017-03-17 19:21:07', null, null, '.jpg', '6390d6bcbc755d0376db1dc2b9cf5fc2', '20170316101843705.jpg', '', '3', 'InUse');
INSERT INTO `sys_file` VALUES ('204', '2017-03-17 19:21:09', null, null, '.jpg', 'e2dc3900c21fbe8299ef1b612cbdd6b5', '131.webp.jpg', '', '3', 'InUse');
INSERT INTO `sys_file` VALUES ('205', '2017-03-17 19:21:22', null, null, '.png', '4eab04817c6f3d23aa4f42ff7f7058e9', '图片1.png', '', '3', 'InUse');
INSERT INTO `sys_file` VALUES ('206', '2017-03-17 19:21:38', null, null, '.png', '9bfc200a9ae81f0afdecdc36bc225429', '图片2.png', '', '3', 'InUse');
INSERT INTO `sys_file` VALUES ('207', '2017-03-17 19:21:40', null, null, '.jpg', '3650cf0868800e0081f15a43f213ac62', '20170316101844558.jpg', '', '3', 'InUse');
INSERT INTO `sys_file` VALUES ('208', '2017-03-17 19:22:07', null, null, '.jpg', '7ab8bce4df38d4db6bccf839d6094967', '581735_20141017182026078200_1.jpg', '', '3', 'InUse');
INSERT INTO `sys_file` VALUES ('209', '2017-03-17 19:22:27', null, null, '.jpg', '64a8e38f482a18e6d13b79f4537a730f', '1085371_20170216155442754015_1.jpg', '', '3', 'InUse');
INSERT INTO `sys_file` VALUES ('210', '2017-03-17 19:22:42', null, null, '.jpg', 'f84c9311bbc3a4e75170c9ae0dee51af', '20170316101844235.jpg', '', '3', 'InUse');
INSERT INTO `sys_file` VALUES ('211', '2017-03-17 19:23:20', null, null, '.jpg', '9b1dba9ce844fbc8b294c1e7618b80f7', '1.jpg', '', '3', 'InUse');
INSERT INTO `sys_file` VALUES ('212', '2017-03-17 19:23:40', null, null, '.jpg', '6cf1de1e9b1466c2a62b2d9dd7cb469d', '2.jpg', '', '3', 'InUse');
INSERT INTO `sys_file` VALUES ('213', '2017-03-17 19:23:56', null, null, '.jpg', '3b255568c3a46d64029cd5d7a81e2fcb', '3.jpg', '', '3', 'InUse');
INSERT INTO `sys_file` VALUES ('214', '2017-03-17 19:26:01', null, null, '.png', '4dcd0a0b8f3bdb68fb94d2f89108f6c9', 'wzsl_tl.png', '', '3', 'InUse');
INSERT INTO `sys_file` VALUES ('215', '2017-03-17 19:26:36', null, null, '.jpg', '70857d3fe1892871a10537d39f80917a', '20170317103035790.jpg', '', '3', 'InUse');
INSERT INTO `sys_file` VALUES ('216', '2017-03-17 19:26:42', null, null, '.jpg', 'e9ca7ad799bacfee46011c8b316b1936', 'timg.jpg', '', '3', 'InUse');
INSERT INTO `sys_file` VALUES ('217', '2017-03-17 19:36:48', null, null, '.jpg', '9595c48ff0835b18122aef72e56ca36a', '0.jpg', '', '3', 'InUse');
INSERT INTO `sys_file` VALUES ('218', '2017-03-17 19:37:39', null, null, '.jpg', '9291ffe016e24d312990cb5dff874d90', '0 (1).jpg', '', '3', 'InUse');
INSERT INTO `sys_file` VALUES ('219', '2017-03-17 19:38:14', null, null, '.jpg', 'b9516c5f7248e6f75f3ef671ee8dcacd', '0 (2).jpg', '', '3', 'InUse');
INSERT INTO `sys_file` VALUES ('220', '2017-03-17 19:39:05', null, null, '.jpg', 'deaa6f5bf16d8d943fb98d02582d98bd', '0 (3).jpg', '', '3', 'InUse');
INSERT INTO `sys_file` VALUES ('221', '2017-03-17 19:39:25', null, null, '.jpg', '4eac621edb71cf4570f48add815059ee', '0 (3).jpg', '', '3', 'InUse');
INSERT INTO `sys_file` VALUES ('222', '2017-03-17 19:39:40', null, null, '.jpg', '9ac7fb435f479621095dc45698b129b6', '0 (3).jpg', '', '3', 'InUse');
INSERT INTO `sys_file` VALUES ('223', '2017-03-17 19:39:50', null, null, '.jpg', '039ddd3b079ce1e808a5df813b61f5d9', 'b71426bdeba24839802f68a008f32a1a.jpg', '', '3', 'InUse');
INSERT INTO `sys_file` VALUES ('224', '2017-03-17 19:40:17', null, null, '.jpg', 'ad66c34074132d311e4df0b289c6d363', '0 (4).jpg', '', '3', 'InUse');
INSERT INTO `sys_file` VALUES ('225', '2017-03-17 19:41:41', null, null, '.jpg', '2d06c3e798eb6bf98b61176fd70cf106', '0 (5).jpg', '', '3', 'InUse');
INSERT INTO `sys_file` VALUES ('226', '2017-03-17 19:42:20', null, null, '.jpg', '8241d87f47d9ab83a73b29ea5672d976', '0 (6).jpg', '', '3', 'InUse');
INSERT INTO `sys_file` VALUES ('227', '2017-03-17 19:43:04', null, null, '.jpg', 'dd04d7ef913a6c791054b831d2083244', '0 (8).jpg', '', '3', 'InUse');
INSERT INTO `sys_file` VALUES ('228', '2017-03-17 19:53:21', null, null, '.jpg', '865f352644dfdd833fb9f145cd502212', '2017年3·15第三届中国质量诚信品牌论坛在北京成功举办.jpg', '', '1', 'UnUse');
INSERT INTO `sys_file` VALUES ('229', '2017-03-17 20:22:21', null, null, '.jpg', 'a07cf621557a994336ac8902fcb5a8e5', '李克强：要用先进标准倒逼“中国制造”升级.jpg', '', '1', 'UnUse');
INSERT INTO `sys_file` VALUES ('231', '2017-03-17 20:42:17', null, null, '.jpg', '917dd237e21bcd0ea5901696f1314627', 'timg.jpg', '', '3', 'InUse');
INSERT INTO `sys_file` VALUES ('232', '2017-03-17 20:42:58', null, null, '.jpg', '54c9c55bea9575fb54c4646a2761f519', 'viewPic.do.jpg', '', '3', 'InUse');
INSERT INTO `sys_file` VALUES ('244', '2017-03-20 11:32:02', null, null, '.jpg', 'cccfa9f91a82402ebabd8ca96fb24f74', 'QQ截图20170320113129.jpg', '', '1', 'UnUse');
INSERT INTO `sys_file` VALUES ('245', '2017-03-20 11:36:44', null, null, '.jpg', '74af9d10ac586699c03dde3d4b88fa19', '餐厅.jpg', '', '1', 'InUse');
INSERT INTO `sys_file` VALUES ('246', '2017-03-20 11:36:48', null, null, '.jpg', 'a5834af7008d5277f9765afe425a3a26', '厨房.jpg', '', '1', 'InUse');
INSERT INTO `sys_file` VALUES ('247', '2017-03-20 11:36:52', null, null, '.jpg', 'b801fbf693bf533b27a788f1f726ab2e', '客厅立面图.jpg', '', '1', 'InUse');
INSERT INTO `sys_file` VALUES ('248', '2017-03-20 11:36:56', null, null, '.jpg', 'c23421ba834c6e9ea751c5cf2375f0c5', '现代欧式客厅.jpg', '', '1', 'InUse');
INSERT INTO `sys_file` VALUES ('249', '2017-03-20 11:37:00', null, null, '.jpg', '7f83568918c7471fb48d9cf48a64d0a2', '中式客厅.jpg', '', '1', 'InUse');
INSERT INTO `sys_file` VALUES ('250', '2017-03-20 11:38:20', null, null, '.jpg', 'feda20748894dfd89c4b782d3ba7a229', '形象.jpg', '', '1', 'InUse');
INSERT INTO `sys_file` VALUES ('251', '2017-03-20 11:40:37', null, null, '.jpg', 'c2210c9d5cdd57490f59986cc88e9399', '公司图.jpg', '', '1', 'InUse');
INSERT INTO `sys_file` VALUES ('258', '2017-03-20 12:00:41', null, null, '.jpg', '0bab939e79ea32c5b7cea02190e32722', '便携式激光夜视产品.jpg', '', '1', 'InUse');
INSERT INTO `sys_file` VALUES ('259', '2017-03-20 12:00:45', null, null, '.jpg', 'fe7b32a2de334778ed1900322a4ac841', '单视窗可见光产品.jpg', '', '1', 'InUse');
INSERT INTO `sys_file` VALUES ('260', '2017-03-20 12:00:49', null, null, '.jpg', 'c08fee95a6735e555f80c6b2d1cd8592', '单视窗热成像仪产品.jpg', '', '1', 'InUse');
INSERT INTO `sys_file` VALUES ('261', '2017-03-20 12:00:53', null, null, '.jpg', 'cf5f386a80b2570a47b68dee3fdeec89', '激光 热成像多光谱产品.jpg', '', '1', 'InUse');
INSERT INTO `sys_file` VALUES ('262', '2017-03-20 12:00:57', null, null, '.jpg', 'f7593aab659746464325311272356468', '激光夜视产品.jpg', '', '1', 'InUse');
INSERT INTO `sys_file` VALUES ('263', '2017-03-20 12:01:01', null, null, '.jpg', 'f505ed22f329ff6647038772d5e26c3e', '可见光 热成像双光谱产品.jpg', '', '1', 'InUse');
INSERT INTO `sys_file` VALUES ('264', '2017-03-20 12:01:05', null, null, '.jpg', '8b4b477079e166f9bfb8e6e807eda9c3', '智能重型云台产品.jpg', '', '1', 'InUse');
INSERT INTO `sys_file` VALUES ('265', '2017-03-20 13:09:16', null, null, '.jpg', '840fdc6c64b5148edf0a2b935b3c93e6', '封面.jpg', '', '1', 'UnUse');
INSERT INTO `sys_file` VALUES ('266', '2017-03-20 13:51:35', null, null, '.jpg', 'ffa4a23e3c5c2278d06486702b4a9293', '图.jpg', '', '1', 'InUse');
INSERT INTO `sys_file` VALUES ('267', '2017-03-20 14:19:45', null, null, '.jpg', 'f267d7ce2415df265d0d6c3de6d1ac02', '001.jpg', '', '1', 'InUse');
INSERT INTO `sys_file` VALUES ('268', '2017-03-20 14:23:39', null, null, '.jpg', 'e505a8896a3e0a0e7af8936b1f06704c', '广东赤龙.jpg', '', '1', 'InUse');
INSERT INTO `sys_file` VALUES ('269', '2017-03-20 14:39:58', null, null, '.jpg', '467587333927d8793a0991399092e68d', '于磊.jpg', '', '1', 'InUse');
INSERT INTO `sys_file` VALUES ('270', '2017-03-20 16:00:44', null, null, '.jpg', '9fdf45a9a87f780af2b6e78f4fa76752', '封面.jpg', '', '1', 'UnUse');
INSERT INTO `sys_file` VALUES ('275', '2017-03-20 16:03:57', null, null, '.jpg', 'ea280738b6a715dc84c484e18b70ebaf', '高强度刻度尺专利石膏板.jpg', '', '1', 'UnUse');
INSERT INTO `sys_file` VALUES ('276', '2017-03-20 16:04:54', null, null, '.jpg', 'ddd2d7229e25e23bd8c5a504d62c49a6', '精准刻度尺纸面石膏板.jpg', '', '1', 'UnUse');
INSERT INTO `sys_file` VALUES ('280', '2017-03-20 16:05:27', null, null, '.jpg', '716b8cee0ce8c3c5a6a1871f62992b5b', '1.jpg', '', '1', 'UnUse');
INSERT INTO `sys_file` VALUES ('281', '2017-03-20 16:06:25', null, null, '.jpg', '8cb2f48940c51b39f2af858da2875cc3', 'CCTV采访企业.jpg', '', '1', 'InUse');
INSERT INTO `sys_file` VALUES ('282', '2017-03-20 16:29:28', null, null, '.jpg', 'ec76b1425e1f65991169367dbc828f80', '图片.jpg', '', '1', 'InUse');
INSERT INTO `sys_file` VALUES ('283', '2017-03-20 16:29:35', null, null, '.jpg', '8f22d4f683f7a63582cbb5e12e7e2951', 'ENR-BNR系列变压器中性点接地电阻柜.jpg', '', '1', 'InUse');
INSERT INTO `sys_file` VALUES ('284', '2017-03-20 16:29:39', null, null, '.jpg', 'b86633836d59fe32871fb3947fe74211', 'ENR-DR-低压接地电阻柜（高阻柜）.jpg', '', '1', 'InUse');
INSERT INTO `sys_file` VALUES ('285', '2017-03-20 16:29:43', null, null, '.jpg', '60fd187ea997c21e8f414eb4d1102a2d', 'ENR-FNR发电机中性点接地电阻柜.jpg', '', '1', 'InUse');
INSERT INTO `sys_file` VALUES ('286', '2017-03-20 16:29:47', null, null, '.jpg', 'ca3a4cf5c30ad606309b3de0a499f6c1', 'ENR-JCG-10KV真空接触器柜（高压接地柜）.jpg', '', '1', 'InUse');
INSERT INTO `sys_file` VALUES ('287', '2017-03-20 16:29:51', null, null, '.jpg', '25ed4cce872a6b7b75da97a36861f390', 'ENR-JXB系列变压器中性点间隙接地保护成套装置.jpg', '', '1', 'InUse');
INSERT INTO `sys_file` VALUES ('288', '2017-03-20 16:29:55', null, null, '.jpg', '3151cc02009de19c453b49d4872d00a3', 'ENR-XHBZ消弧线圈及接地变成套装置.jpg', '', '1', 'InUse');
INSERT INTO `sys_file` VALUES ('289', '2017-03-20 16:29:59', null, null, '.jpg', 'a708d8e497f54a16e1e12bf15700fd13', 'ENR-XHZ系列消弧消谐及过电压保护装置.jpg', '', '1', 'InUse');
INSERT INTO `sys_file` VALUES ('290', '2017-03-20 16:30:02', null, null, '.jpg', 'a3670ed1ebe3c1962a35b904595a6088', 'ENR-ZR自控式阻容吸收器.jpg', '', '1', 'InUse');
INSERT INTO `sys_file` VALUES ('294', '2017-03-20 16:31:15', null, null, '.jpg', 'd760bf08c67b134b5080872cf202c85e', '封面.jpg', '', '1', 'UnUse');
INSERT INTO `sys_file` VALUES ('295', '2017-03-20 16:54:25', null, null, '.jpg', '7040177db50bb68c651fa479f2a50e75', '封面.jpg', '', '1', 'InUse');
INSERT INTO `sys_file` VALUES ('296', '2017-03-20 16:54:35', null, null, '.jpg', '9d6c7f1e0e6922f7c2c64a073b30f857', '白衣仙子水性粉笔.jpg', '', '1', 'InUse');
INSERT INTO `sys_file` VALUES ('297', '2017-03-20 16:54:39', null, null, '.jpg', '83f2b1919f3b572bca25d726bc87ec01', '儿童手指画套装.jpg', '', '1', 'InUse');
INSERT INTO `sys_file` VALUES ('298', '2017-03-20 16:54:44', null, null, '.jpg', 'd8cd4dbdaa41e4a70ac62a585819ba81', '啦啦彩（人体彩绘）.jpg', '', '1', 'InUse');
INSERT INTO `sys_file` VALUES ('299', '2017-03-20 16:54:48', null, null, '.jpg', '3169bc85dd2686b46e06305ca7c73192', '水溶性写画笔.jpg', '', '1', 'InUse');
INSERT INTO `sys_file` VALUES ('300', '2017-03-20 16:54:52', null, null, '.jpg', 'a8bdc73d51f65aeb2b67b63b4137df0a', '幼儿园涂鸦角.jpg', '', '1', 'InUse');
INSERT INTO `sys_file` VALUES ('305', '2017-03-20 16:55:23', null, null, '.jpg', 'dee39be06e8096b2cdbdba079b92c00c', '5.jpg', '', '1', 'InUse');
INSERT INTO `sys_file` VALUES ('309', '2017-03-20 16:59:42', null, null, '.jpg', 'fd11ea4b8a7b4279d123fc5f0d39223c', '封面.jpg', '', '1', 'UnUse');
INSERT INTO `sys_file` VALUES ('310', '2017-03-20 17:03:15', null, null, '.jpg', 'eb141efe35798d813e14bac36fc7c7cb', '公司简介图片.jpg', '', '1', 'InUse');
INSERT INTO `sys_file` VALUES ('311', '2017-03-20 17:17:52', null, null, '.jpg', '2a6c38b109b217f34de0bc73cffde5a3', '证书.jpg', '', '1', 'InUse');
INSERT INTO `sys_file` VALUES ('312', '2017-03-20 17:22:31', null, null, '.jpg', '60803ef34326fa4ebb9b71d5de17280c', '证书_看图王.jpg', '', '1', 'InUse');
INSERT INTO `sys_file` VALUES ('313', '2017-03-20 17:25:54', null, null, '.jpg', '0d3343fe26106a990b0c213cb5e0ca3e', '证书_看图王_副本.jpg', '', '1', 'InUse');
INSERT INTO `sys_file` VALUES ('314', '2017-03-20 17:42:51', null, null, '.jpg', '82fe743b6b00fb0576a5b0d0298c07d1', '001_副本.jpg', '', '1', 'InUse');
INSERT INTO `sys_file` VALUES ('315', '2017-03-20 17:44:06', null, null, '.jpg', 'aeb5e8940a1c09a842cb8f078c88da1e', '001_副本.jpg', '', '1', 'InUse');
INSERT INTO `sys_file` VALUES ('316', '2017-03-20 17:45:59', null, null, '.jpg', '9b7114f663f78424594d4dfbfca3a71f', '002_副本.jpg', '', '1', 'InUse');
INSERT INTO `sys_file` VALUES ('317', '2017-03-21 09:19:52', null, null, '.jpg', '93702ac288cb3ad65401441bcbff4c3d', '南充_副本.jpg', '', '1', 'InUse');
INSERT INTO `sys_file` VALUES ('318', '2017-03-21 09:21:09', null, null, '.jpg', 'ce36601d9b13c6a13c2e214a1e7a5860', '松齐明_副本.jpg', '', '1', 'InUse');
INSERT INTO `sys_file` VALUES ('319', '2017-03-21 09:21:50', null, null, '.jpg', '35897f74c599db952e7549d9b17844e8', '中大云科_副本.jpg', '', '1', 'InUse');
INSERT INTO `sys_file` VALUES ('320', '2017-03-21 10:43:10', null, null, '.jpg', 'dd1fb1aae1a2553751af107768c7c915', '四川桂溪_副本.jpg', '', '1', 'InUse');
INSERT INTO `sys_file` VALUES ('321', '2017-03-21 10:47:34', null, null, '.jpg', '2fe565d48bd8544620808ba7ec4261e9', '船城_副本.jpg', '', '1', 'InUse');
INSERT INTO `sys_file` VALUES ('322', '2017-03-21 10:51:09', null, null, '.jpg', '26dbbe919d4f2b5ff902d67155e4bae0', '红苹果_副本.jpg', '', '1', 'InUse');
INSERT INTO `sys_file` VALUES ('323', '2017-03-21 11:04:08', null, null, '.jpg', 'b49695bfebebe3b920976d86bdc6655e', '成都舒慰_副本.jpg', '', '1', 'InUse');
INSERT INTO `sys_file` VALUES ('324', '2017-03-21 11:09:23', null, null, '.jpg', 'f779fcab8e204cd0fc3830a67172f50f', '鸿兴土木_副本.jpg', '', '1', 'InUse');
INSERT INTO `sys_file` VALUES ('325', '2017-03-21 11:15:03', null, null, '.jpg', '702a9c04d1219ac1a965ee650812c9b6', '予邦生物_副本.jpg', '', '1', 'InUse');
INSERT INTO `sys_file` VALUES ('326', '2017-03-21 11:15:58', null, null, '.jpg', '92e1ded75ce3573303181d15a3a4280c', '佛山雅素丽_副本.jpg', '', '1', 'InUse');
INSERT INTO `sys_file` VALUES ('327', '2017-03-21 11:16:29', null, null, '.jpg', '17d9827e764668f1168c3333282171d4', '梅州新佳利_副本.jpg', '', '1', 'InUse');
INSERT INTO `sys_file` VALUES ('328', '2017-03-21 11:16:37', null, null, '.jpg', 'b409007182c6afd822a9918145e52e9f', '平远威大地_副本.jpg', '', '1', 'InUse');
INSERT INTO `sys_file` VALUES ('329', '2017-03-21 11:17:35', null, null, '.jpg', '86f57f42fdcd09f34cbddb47287c6069', '四川大彭_副本.jpg', '', '1', 'InUse');
INSERT INTO `sys_file` VALUES ('330', '2017-03-21 11:17:47', null, null, '.jpg', '23c202eff4c278992cc0b294a8b9ed60', '东汇龙_副本.jpg', '', '1', 'InUse');
INSERT INTO `sys_file` VALUES ('331', '2017-03-21 11:19:15', null, null, '.jpg', '1232be3144b7a6ea93000e7ea003a65f', '重庆小时候_副本.jpg', '', '1', 'InUse');
INSERT INTO `sys_file` VALUES ('332', '2017-03-21 11:19:50', null, null, '.jpg', 'd532ef9d7443761f4a896ddd6d577ae3', '江门康庭_副本.jpg', '', '1', 'InUse');
INSERT INTO `sys_file` VALUES ('333', '2017-03-21 11:20:22', null, null, '.jpg', '369eab7703b692f06ee32fbe5e982a59', '中山特美新_副本.jpg', '', '1', 'InUse');
INSERT INTO `sys_file` VALUES ('334', '2017-03-21 11:20:52', null, null, '.jpg', '035a2550d91fa47a1c0f8847c548530e', '易启东方_副本.jpg', '', '1', 'InUse');
INSERT INTO `sys_file` VALUES ('335', '2017-03-21 11:21:20', null, null, '.jpg', '209f7a21f1c996ce73b7f4ac10652ac4', '临洮六禾_副本.jpg', '', '1', 'InUse');
INSERT INTO `sys_file` VALUES ('336', '2017-03-21 11:21:49', null, null, '.jpg', '8f528b24bc220658de267dbd0bca6381', '四川中道辟谷_副本.jpg', '', '1', 'InUse');
INSERT INTO `sys_file` VALUES ('337', '2017-03-22 14:54:01', null, null, '.jpg', 'd2943279cad72b3b4f4b39280614ada7', '1.jpg', '', '1', 'InUse');
INSERT INTO `sys_file` VALUES ('338', '2017-03-22 14:54:34', null, null, '.jpg', 'c49d516c56ccdde4673e6a005c6ad05b', '2.jpg', '', '1', 'InUse');
INSERT INTO `sys_file` VALUES ('339', '2017-03-22 14:54:49', null, null, '.jpg', '280b19ff547391d58c3fe379638b5d35', '3.jpg', '', '1', 'InUse');
INSERT INTO `sys_file` VALUES ('340', '2017-03-22 14:55:05', null, null, '.jpg', '40ba06c4adec03ff10009337383c7377', '4.jpg', '', '1', 'InUse');
INSERT INTO `sys_file` VALUES ('341', '2017-03-22 14:55:21', null, null, '.jpg', '5e722a87a3b2e784e2dc75b6cdd6c779', '5.jpg', '', '1', 'InUse');
INSERT INTO `sys_file` VALUES ('342', '2017-03-22 14:55:35', null, null, '.jpg', 'b0023440cba24a01a8b31f659100266e', '6.jpg', '', '1', 'InUse');
INSERT INTO `sys_file` VALUES ('343', '2017-03-22 14:55:48', null, null, '.jpg', '934d95be645c526c4be048f6b77b7150', '7.jpg', '', '1', 'InUse');
INSERT INTO `sys_file` VALUES ('344', '2017-03-22 14:56:15', null, null, '.jpg', 'a37f313ae108d61aa94cfb0433a2cd13', '2.jpg', '', '1', 'InUse');
INSERT INTO `sys_file` VALUES ('345', '2017-03-22 14:58:44', null, null, '.jpg', 'f51f405fee60c1d9266e7b41ae9012bd', '1.jpg', '', '1', 'InUse');
INSERT INTO `sys_file` VALUES ('346', '2017-03-22 14:58:58', null, null, '.jpg', '34fc6344abb430266af932fc19958147', '2.jpg', '', '1', 'InUse');
INSERT INTO `sys_file` VALUES ('347', '2017-03-22 14:59:14', null, null, '.jpg', '6c80aaa282688c4f5b1243694a8ecb9f', '3.jpg', '', '1', 'InUse');
INSERT INTO `sys_file` VALUES ('348', '2017-03-22 14:59:29', null, null, '.jpg', '00ea8e71643937ba5affc9577564f9b3', '4.jpg', '', '1', 'InUse');
INSERT INTO `sys_file` VALUES ('349', '2017-03-22 14:59:43', null, null, '.jpg', '7b0bff06adb01b3db305e057e5236d9c', '5.jpg', '', '1', 'InUse');
INSERT INTO `sys_file` VALUES ('350', '2017-03-22 14:59:59', null, null, '.jpg', '1f2f83550925ddab29116b7268451b47', '1.jpg', '', '1', 'InUse');
INSERT INTO `sys_file` VALUES ('352', '2017-03-23 11:40:58', null, null, '.png', '649a5329fdad38d26570f311563d58ab', '285x160.png', '', '1', 'InUse');
INSERT INTO `sys_file` VALUES ('354', '2017-03-23 13:49:14', null, null, '.jpg', '854eccf56ad98c336ab7ecee87a0e3f3', '1.jpg', '', '1', 'InUse');
INSERT INTO `sys_file` VALUES ('355', '2017-03-23 13:49:20', null, null, '.jpg', 'f6ddc00e99c466fb8fd3a98d0da15bfa', '2.jpg', '', '1', 'InUse');
INSERT INTO `sys_file` VALUES ('356', '2017-03-23 13:49:24', null, null, '.jpg', '3cfa43d2f4c362b067d570c6bc05d240', '3.jpg', '', '1', 'InUse');
INSERT INTO `sys_file` VALUES ('357', '2017-03-23 13:49:28', null, null, '.jpg', '74a7bb68d0f06445a7961baf7c163797', '4.jpg', '', '1', 'InUse');
INSERT INTO `sys_file` VALUES ('358', '2017-03-23 13:49:31', null, null, '.jpg', '4b3f5be31f660807d82351a9022b1343', '5.jpg', '', '1', 'InUse');
INSERT INTO `sys_file` VALUES ('359', '2017-03-23 13:49:35', null, null, '.jpg', 'aeca58272cc06c535a822b6434a73208', '6.jpg', '', '1', 'InUse');
INSERT INTO `sys_file` VALUES ('360', '2017-03-23 13:49:38', null, null, '.jpg', '175bd1f5a1f6d3ceb2ce5f09dd81054e', '7.jpg', '', '1', 'InUse');
INSERT INTO `sys_file` VALUES ('361', '2017-03-23 13:50:12', null, null, '.jpg', 'a0bcbd2078e80ec0c38b52137262f283', '1.jpg', '', '1', 'InUse');
INSERT INTO `sys_file` VALUES ('362', '2017-03-23 13:50:17', null, null, '.jpg', 'c4c7761deea4e04444f3e612723d7383', '2.jpg', '', '1', 'InUse');
INSERT INTO `sys_file` VALUES ('363', '2017-03-23 13:50:20', null, null, '.jpg', '7de954d03a05aeb16c83f4d2cc170f21', '3.jpg', '', '1', 'InUse');
INSERT INTO `sys_file` VALUES ('364', '2017-03-23 13:50:24', null, null, '.jpg', '0707dcc3d7c8d7ccdea8dea52a18f11f', '4.jpg', '', '1', 'InUse');
INSERT INTO `sys_file` VALUES ('365', '2017-03-23 13:50:27', null, null, '.jpg', 'da544d3dc597216c74c97e394f91fea9', '5.jpg', '', '1', 'InUse');
INSERT INTO `sys_file` VALUES ('366', '2017-03-23 13:50:56', null, null, '.jpg', '743d9cccfe561172aedb6d66a222886f', 'b-hbzz.jpg', '', '1', 'UnUse');
INSERT INTO `sys_file` VALUES ('367', '2017-03-23 13:51:03', null, null, '.jpg', '3aa21e913b4c3f7711086c789583eee0', '002.jpg', '', '1', 'UnUse');
INSERT INTO `sys_file` VALUES ('368', '2017-03-23 13:51:08', null, null, '.jpg', 'd6596946d1b827699faf4a16e188e826', 'b-jkzz.jpg', '', '1', 'UnUse');
INSERT INTO `sys_file` VALUES ('369', '2017-03-23 13:51:12', null, null, '.jpg', '33ea06bcf77124acb707cb1e9c73a0bb', 'b-zlzz.jpg', '', '1', 'UnUse');
INSERT INTO `sys_file` VALUES ('370', '2017-03-23 13:51:41', null, null, '.jpg', '00a782aefd17367fb7d7cc76cf0c5bc1', '2.jpg', '', '1', 'InUse');
INSERT INTO `sys_file` VALUES ('371', '2017-03-23 13:51:45', null, null, '.jpg', '62412935c40d73c3dffd9749b85b5b28', '1.jpg', '', '1', 'InUse');
INSERT INTO `sys_file` VALUES ('372', '2017-03-23 13:51:51', null, null, '.jpg', '073c4ce40a0b2160f64e8717a6fd1e84', '3.jpg', '', '1', 'InUse');
INSERT INTO `sys_file` VALUES ('373', '2017-03-23 13:52:06', null, null, '.jpg', 'd352c63c3ab14bc995fe3ba1e5911b84', '1.jpg', '', '1', 'InUse');
INSERT INTO `sys_file` VALUES ('374', '2017-03-23 13:52:09', null, null, '.jpg', '66b39ce269805540cba56c61090c7139', '2.jpg', '', '1', 'InUse');
INSERT INTO `sys_file` VALUES ('375', '2017-03-23 13:52:13', null, null, '.jpg', '18d48f0805d5597b55bee443b8516340', '3.jpg', '', '1', 'InUse');
INSERT INTO `sys_file` VALUES ('376', '2017-03-23 13:52:16', null, null, '.jpg', '869bb4400a8168ec2b681d28ad4a0542', '4.jpg', '', '1', 'InUse');
INSERT INTO `sys_file` VALUES ('377', '2017-03-23 13:52:30', null, null, '.jpg', 'e03bc7a268306705183fd9d6f1f69385', '5.jpg', '', '1', 'InUse');
INSERT INTO `sys_file` VALUES ('378', '2017-03-23 13:52:43', null, null, '.jpg', 'dd9adf760b75a7638d3af77a7964d012', '6.jpg', '', '1', 'InUse');
INSERT INTO `sys_file` VALUES ('379', '2017-03-23 13:52:46', null, null, '.jpg', '1c8ba627825b068b52a5957c5f8f2a33', '7.jpg', '', '1', 'InUse');
INSERT INTO `sys_file` VALUES ('380', '2017-04-26 17:54:10', null, null, '.jpg', '14db24386d43df077538a2eb73ca22ed', '240404-1303200R54095.jpg', '', '1', 'InUse');
INSERT INTO `sys_file` VALUES ('381', '2017-04-26 17:55:00', null, null, '.jpg', 'c75a37614181272bc34ec8fcae82d45f', '9511.jpg_wh1200_看图王.jpg', '', '1', 'InUse');
INSERT INTO `sys_file` VALUES ('382', '2017-04-26 17:56:09', null, null, '.jpeg', '325ecb62bcd8f589d2c240a4d498754c', '20150604150948_r5UEs_看图王.jpeg', '', '1', 'InUse');
INSERT INTO `sys_file` VALUES ('384', '2017-04-27 09:51:55', null, null, '.jpg', '8381b5c0d439524515b80298e8a1d03b', '240404-1303200R54095.jpg', '', '1', 'InUse');
INSERT INTO `sys_file` VALUES ('385', '2017-04-27 10:15:59', null, null, '.jpg', 'ffe28d4dc2233c77660faef7d6919fb8', '9511.jpg_wh1200_看图王.jpg', '', '1', 'InUse');
INSERT INTO `sys_file` VALUES ('386', '2017-04-27 10:16:31', null, null, '.jpeg', '69207d9b8a9638f1caeae151f2bab6d1', '20150604150948_r5UEs_看图王.jpeg', '', '1', 'InUse');
INSERT INTO `sys_file` VALUES ('387', '2017-04-27 10:24:37', null, null, '.jpg', '212ceb09ec04ca3479a4fb949ca03749.jpg', '摄图网-挂在那的一堆衣服_会员风采.jpg', '', '1', 'InUse');
INSERT INTO `sys_file` VALUES ('392', '2017-04-27 11:07:27', null, null, '.jpg', '87c0043878e262a4ce499868561c74b0', 'BC216F4F-A4C1-0CA7-0716-132727DD75FD.jpg', '', '1', 'InUse');
INSERT INTO `sys_file` VALUES ('393', '2017-04-27 11:07:57', null, null, '.jpg', '5b652a211ef8fdb8451b856bc1f3b51e', '6198265.jpg', '', '1', 'InUse');
INSERT INTO `sys_file` VALUES ('394', '2017-04-27 11:08:21', null, null, '.jpg', 'c376db6b605fd2c14ebb73d35d4862ba', '1194967524545.jpg', '', '1', 'InUse');
INSERT INTO `sys_file` VALUES ('395', '2017-04-27 11:08:48', null, null, '.jpg', '24e7e0f18d046babfff0cf3dca471eac', '71.jpg', '', '1', 'InUse');
INSERT INTO `sys_file` VALUES ('396', '2017-04-27 11:10:46', null, null, '.jpg', '6985f3f6d919724e750c7a1b2e8c42d2.jpg', 'XYWB2014112739_1_编辑.jpg', '', '1', 'InUse');
INSERT INTO `sys_file` VALUES ('397', '2017-04-27 17:46:31', null, null, '.jpg', '474e356d1db368a7540efa8f8fd89a4a', 'u=2383312635,55479644&fm=214&gp=0.jpg', '', '1', 'InUse');
INSERT INTO `sys_file` VALUES ('398', '2017-04-27 17:47:09', null, null, '.jpg', '6197151fe5a9fc47836c5e706b6be9b6', '74ad2f4518f84994880b57f71dc66463.jpg', '', '1', 'InUse');
INSERT INTO `sys_file` VALUES ('399', '2017-04-27 17:47:44', null, null, '.jpg', '2d57fae0a6b877d13c0683686fd91dc8', '1463134361128.jpg', '', '1', 'InUse');
INSERT INTO `sys_file` VALUES ('400', '2017-04-27 17:48:06', null, null, '.jpg', '2a9fcc848ce67b7857c54b437ca4f0fe', '467232_8.jpg', '', '1', 'InUse');
INSERT INTO `sys_file` VALUES ('401', '2017-04-27 17:48:50', null, null, '.jpg', '8549732d57c6dff2b672922089ea8b95', 'tbs20134151599835.jpg', '', '1', 'InUse');
INSERT INTO `sys_file` VALUES ('402', '2017-04-27 17:56:50', null, null, '.jpg', '3226ed5a14eecfb0a2fee4575ddaef33.jpg', '3319.jpg_wh1200_看图王_副本.jpg', '', '1', 'InUse');
INSERT INTO `sys_file` VALUES ('404', '2017-05-03 15:20:03', null, null, '.jpg', 'fec86b2f62959685ae11ef8d1dace61b', '微信图片_20170503151126_副本.jpg', '', '1', 'InUse');
INSERT INTO `sys_file` VALUES ('405', '2017-05-03 15:20:54', null, null, '.jpg', '830a27f32d941406a400548370182f2f', '微信图片_20170503152039.jpg', '', '1', 'InUse');
INSERT INTO `sys_file` VALUES ('406', '2017-05-03 15:21:49', null, null, '.jpg', 'f91e96867c4b5a1618196b0bbb4da431', '微信图片_20170503152123.jpg', '', '1', 'InUse');
INSERT INTO `sys_file` VALUES ('407', '2017-05-03 15:22:36', null, null, '.jpg', '733b056af84873debe85a7e42ba3023f', '微信图片_20170503152221.jpg', '', '1', 'InUse');
INSERT INTO `sys_file` VALUES ('408', '2017-05-03 15:23:19', null, null, '.jpg', '5f3cf966faa593237db54b8b1365b135', '微信图片_20170503152302.jpg', '', '1', 'InUse');
INSERT INTO `sys_file` VALUES ('409', '2017-05-03 15:32:14', null, null, '.jpg', 'd98ded4a95eef9ef2ace0ef1c29cbdde.jpg', '4770.jpg_wh1200.jpg', '', '1', 'InUse');
INSERT INTO `sys_file` VALUES ('410', '2017-05-03 16:12:07', null, null, '.jpg', 'f6541e460cec869716aa52d66e3e13b8', '微信图片_20170503161150.jpg', '', '1', 'InUse');
INSERT INTO `sys_file` VALUES ('411', '2017-05-03 16:13:06', null, null, '.jpg', '854040066af4fdd61fde3e175b2c0b2c', '微信图片_20170503161244.jpg', '', '1', 'InUse');
INSERT INTO `sys_file` VALUES ('413', '2017-05-03 16:14:28', null, null, '.jpg', 'dd5821730499056f5d6364513e37c362', '微信图片_20170503161332.jpg', '', '1', 'InUse');
INSERT INTO `sys_file` VALUES ('414', '2017-05-03 16:15:22', null, null, '.jpg', '7c73ee817977365baedf3e0fa8a2002d', '微信图片_20170503161508.jpg', '', '1', 'InUse');
INSERT INTO `sys_file` VALUES ('415', '2017-05-03 16:52:12', null, null, '.jpg', '4363b2d923d3e6657702fb258d5d8c5d', '微信图片_20170503165057.jpg', '', '1', 'InUse');
INSERT INTO `sys_file` VALUES ('416', '2017-05-03 16:53:12', null, null, '.jpg', 'ccb401946da3de6c560a4ec61b6afbc9', '微信图片_20170503165257.jpg', '', '1', 'InUse');
INSERT INTO `sys_file` VALUES ('417', '2017-05-03 16:53:51', null, null, '.jpg', '2131b3096fe660b8b52e7f390b11d572', '微信图片_20170503165335.jpg', '', '1', 'InUse');
INSERT INTO `sys_file` VALUES ('418', '2017-05-03 16:54:34', null, null, '.jpg', '9b4f6b7325ba5c470a4d797fb8369aed', '微信图片_20170503165420.jpg', '', '1', 'InUse');
INSERT INTO `sys_file` VALUES ('423', '2017-05-25 11:07:36', null, null, '.jpg', '64db5d7478125ffbc5b7beb3f7730b7c', '8417.jpg_wh1200_看图王.jpg', '', '1', 'InUse');
INSERT INTO `sys_file` VALUES ('425', '2017-05-25 11:09:05', null, null, '.jpg', '3ed6dcc480a4562627ecb811061651c0', '2.jpg', '', '1', 'InUse');
INSERT INTO `sys_file` VALUES ('426', '2017-05-25 11:09:48', null, null, '.jpg', '49f2d5163d38c8dae439502451646a36', 'bf41459c-487e-4632-8772-3e50ad0fd7d8.jpg_wh1200_看图王.jpg', '', '1', 'InUse');
INSERT INTO `sys_file` VALUES ('427', '2017-05-25 11:10:12', null, null, '.jpg', 'b31ec0b4e74644042bb98cb1c122f0f1', '1.jpg', '', '1', 'InUse');
INSERT INTO `sys_file` VALUES ('428', '2017-05-25 11:10:20', null, null, '.jpg', 'f5199fb1812595ba2d8ed1a89b91ffa1', '6040.jpg_wh1200_看图王.jpg', '', '1', 'InUse');
INSERT INTO `sys_file` VALUES ('430', '2017-05-25 11:10:56', null, null, '.jpg', '95f4c47cefbe58aafadd61e6c4b130fc', '7191.jpg_wh1200_看图王.jpg', '', '1', 'InUse');
INSERT INTO `sys_file` VALUES ('433', '2017-05-25 11:47:50', null, null, '.jpg', 'e8848897197382516dcea06945d2b9b0', '5541.jpg_wh1200_看图王.jpg', '', '1', 'InUse');
INSERT INTO `sys_file` VALUES ('434', '2017-05-25 11:48:38', null, null, '.jpg', 'fdef605279c8d780c1ba513f7c60ff1f', '5540.jpg_wh1200_看图王.jpg', '', '1', 'InUse');
INSERT INTO `sys_file` VALUES ('435', '2017-05-25 11:49:10', null, null, '.jpg', 'aa32460dd9b0ce4fb50fdd112fcc2a5f', '0696.jpg_wh1200_看图王.jpg', '', '1', 'InUse');
INSERT INTO `sys_file` VALUES ('436', '2017-05-25 11:49:47', null, null, '.jpg', 'ef46f408fc027dd30534a1a6bda6bfcf', '5005.jpg_wh1200_看图王.jpg', '', '1', 'InUse');
INSERT INTO `sys_file` VALUES ('438', '2017-05-25 11:57:07', null, null, '.jpg', '7338968d924deef7015efa9394a2cd1f', '7185.jpg_wh1200_看图王.jpg', '', '1', 'InUse');
INSERT INTO `sys_file` VALUES ('440', '2017-05-25 12:03:37', null, null, '.jpg', '71fe5a4f1101206bca3d3e577d7dd2ba', '3851.jpg_wh1200_看图王.jpg', '', '1', 'InUse');
INSERT INTO `sys_file` VALUES ('443', '2017-05-25 13:56:41', null, null, '.jpg', '31dfc6ae65c3d47ee32d75e416c47f45', '3947.jpg_wh1200_看图王.jpg', '', '1', 'InUse');
INSERT INTO `sys_file` VALUES ('444', '2017-05-25 13:57:18', null, null, '.jpg', '7d8ee67d7071abb7c00a57bc6aae0e16', '0334.jpg_wh1200_看图王.jpg', '', '1', 'InUse');
INSERT INTO `sys_file` VALUES ('445', '2017-05-25 13:57:48', null, null, '.jpg', 'efb90070e82cb4bd0bace629c3a30295', '2014012111595259.jpg', '', '1', 'InUse');
INSERT INTO `sys_file` VALUES ('446', '2017-05-25 13:58:10', null, null, '.jpg', '75ab78b1fbb5e8c853ea1c5513055f3a', '4937.jpg_wh1200_看图王.jpg', '', '1', 'InUse');
INSERT INTO `sys_file` VALUES ('450', '2017-05-25 14:06:38', null, null, '.jpg', 'b6710ee8d61123c83c01c38ddb204653', '0334.jpg_wh1200_看图王.jpg', '', '1', 'InUse');
INSERT INTO `sys_file` VALUES ('452', '2017-05-25 14:07:39', null, null, '.jpg', 'b3f5972eb59adb9a4187f0471f2570e1', '2014012111595259.jpg', '', '1', 'InUse');
INSERT INTO `sys_file` VALUES ('453', '2017-05-25 14:08:08', null, null, '.jpg', '53ec539ec190c497a4b6fd477d599e7a', '4937.jpg_wh1200_看图王.jpg', '', '1', 'InUse');
INSERT INTO `sys_file` VALUES ('455', '2017-05-25 14:13:34', null, null, '.jpg', 'f66e990a1e2da60d07059d38dd8972af', 'xpic4562.jpg', '', '1', 'InUse');
INSERT INTO `sys_file` VALUES ('456', '2017-05-25 14:13:57', null, null, '.jpg', 'a1fb16bd63c6f059734fb0214c46aeda', '16c800007d1e5d7ea611.jpg', '', '1', 'InUse');
INSERT INTO `sys_file` VALUES ('457', '2017-05-25 14:14:19', null, null, '.jpg', '066de791f4068c16722aaa222a368a83', '16c20004fbdb4770451d.jpg', '', '1', 'InUse');
INSERT INTO `sys_file` VALUES ('458', '2017-05-25 14:14:43', null, null, '.jpg', '247a165f81c4220f9fd3b301e19220bb', '16c800008266c051f94a.jpg', '', '1', 'InUse');
INSERT INTO `sys_file` VALUES ('459', '2017-05-25 14:17:57', null, null, '.jpg', 'f9d03599d5777b7f1005573fad7a22c3.jpg', '00.jpg', '', '1', 'UnUse');
INSERT INTO `sys_file` VALUES ('460', '2017-05-25 14:18:56', null, null, '.jpg', '6008fa5e2cb8ae262e54eb8e072cee54.jpg', '3382.jpg_wh1200_看图王_封面.jpg', '', '1', 'InUse');
INSERT INTO `sys_file` VALUES ('461', '2017-05-25 14:19:59', null, null, '.jpg', 'c6ba317a0e5b2743e04c3413a16561df', '7ff93f2d2c85ef591326e11c013aab05.jpg', '', '1', 'InUse');
INSERT INTO `sys_file` VALUES ('462', '2017-05-25 14:20:48', null, null, '.jpg', '7cda6e9f4004f8de10517436e7dbfc93', 'fce47f60ddde3ccc8d51d49f8c0c2180.jpg', '', '1', 'InUse');
INSERT INTO `sys_file` VALUES ('463', '2017-05-25 14:21:21', null, null, '.jpg', '99cfbf57c66f0ae5304a71e843c88987', 'bafacc5147f303cf49616ee79c6517c8.jpg', '', '1', 'InUse');
INSERT INTO `sys_file` VALUES ('465', '2017-05-25 14:24:03', null, null, '.jpg', '6edade1de4054d2ba5bfa0cdae7dbd7f', '1.jpg', '', '1', 'InUse');
INSERT INTO `sys_file` VALUES ('466', '2017-05-25 14:24:16', null, null, '.jpg', '3880c87545242c3e5d44cfa6b0d9b3d4.jpg', '30142719687_封面.jpg', '', '1', 'InUse');
INSERT INTO `sys_file` VALUES ('467', '2017-05-25 14:25:19', null, null, '.png', '7e47e12beb2872acaa0785a625470fe7', 'QQ截图20170317150845.png', '', '1', 'InUse');
INSERT INTO `sys_file` VALUES ('469', '2017-05-25 14:25:41', null, null, '.jpg', '8906d845d5cf05e9b6b328500024bef4', 'u=586337813,3985104546&fm=214&gp=0.jpg', '', '1', 'InUse');
INSERT INTO `sys_file` VALUES ('470', '2017-05-25 14:25:56', null, null, '.jpg', '9dcf61fd0027545694fe167feb8f2716', '1.jpg', '', '1', 'InUse');
INSERT INTO `sys_file` VALUES ('471', '2017-05-25 14:26:15', null, null, '.jpg', '52099e8dfce626786ec2d16de59e002a', '32b1OOOPIC52.jpg', '', '1', 'InUse');
INSERT INTO `sys_file` VALUES ('473', '2017-05-25 14:29:06', null, null, '.jpg', '928db6d9b5b7c73037ef1405189dcbe4', 'res15_attpic_brief.jpg', '', '1', 'InUse');
INSERT INTO `sys_file` VALUES ('474', '2017-05-25 14:29:27', null, null, '.jpg', 'b95b93e76ae797f8522672115108acc1', '1-16102G625413K.jpg', '', '1', 'InUse');
INSERT INTO `sys_file` VALUES ('475', '2017-05-25 14:29:51', null, null, '.png', 'cc7f7da1c19e2c95efadb21a4b7b9a63', 'QQ截图20170313190420.png', '', '1', 'InUse');
INSERT INTO `sys_file` VALUES ('480', '2017-05-25 14:46:33', null, null, '.jpg', '36b12be227041e5fcf2f2f6d9176fa9e.jpg', '6740.jpg_wh1200_看图王_会员风采封面.jpg', '', '1', 'InUse');
INSERT INTO `sys_file` VALUES ('481', '2017-05-25 14:48:43', null, null, '.jpg', 'a75cf9a5482d2e51fb8eb4f76d69799e.jpg', '1699.jpg_wh1200_看图王_封面.jpg', '', '1', 'InUse');
INSERT INTO `sys_file` VALUES ('482', '2017-06-07 17:49:46', null, null, '.png', 'c096e958da4121d8ab99261a6bb8ec90.png', '睡王-01.png', '', '1', 'UnUse');
INSERT INTO `sys_file` VALUES ('500', '2017-06-08 13:10:34', null, null, '.png', '1d1a569b792970a0f755f728f8307baa.png', 'K012 (韩国绒）.png', '', '1', 'InUse');
INSERT INTO `sys_file` VALUES ('501', '2017-06-08 13:10:44', null, null, '.png', '6f7a0c80500829d6451b7bba5f1c72e6.png', 'B630.png', '', '1', 'InUse');
INSERT INTO `sys_file` VALUES ('507', '2017-06-08 13:11:25', null, null, '.png', 'd207ab5b5fa880c6396b6511c0af488f.png', '中国质量万里行促进会牌匾.png', '', '1', 'InUse');
INSERT INTO `sys_file` VALUES ('508', '2017-06-08 13:11:29', null, null, '.png', '446243542ec92b7c7225fd0bb37c589e.png', '中国质量万里行促进会证书.png', '', '1', 'InUse');
INSERT INTO `sys_file` VALUES ('509', '2017-06-08 13:11:33', null, null, '.png', 'a66ec38ba0e9ef2788fb6d9fe951a8c8.png', '对话星品牌受邀嘉宾.png', '', '1', 'InUse');
INSERT INTO `sys_file` VALUES ('510', '2017-06-08 13:11:37', null, null, '.png', 'b49281faf46f35cd1c2c721d559fbcdd.png', '中国3.15诚信品牌.png', '', '1', 'InUse');
INSERT INTO `sys_file` VALUES ('511', '2017-06-08 13:11:41', null, null, '.png', 'bb0cd45996a8ad5834bb2e4f939191ee.png', '中国床垫行业领军品牌.png', '', '1', 'InUse');
INSERT INTO `sys_file` VALUES ('512', '2017-06-08 13:11:52', null, null, '.png', 'b8dba6af2b59f30e83dd7e0c7dc4d8a8.png', '中国床垫行业十大品牌合照.png', '', '1', 'InUse');
INSERT INTO `sys_file` VALUES ('513', '2017-06-08 13:11:56', null, null, '.png', 'c9d9804d646f1a00c39ab5619ac5f310.png', '中国床垫行业首选产品.png', '', '1', 'InUse');
INSERT INTO `sys_file` VALUES ('514', '2017-06-08 13:12:01', null, null, '.png', '8cf024e880d7d9c9b3871233831c17fa.png', '中国床垫行业特色加盟品牌.png', '', '1', 'InUse');
INSERT INTO `sys_file` VALUES ('515', '2017-06-08 13:12:04', null, null, '.png', 'ab53f9bb8480d2aaf65de977bc5fb451.png', '中国著名品牌.png', '', '1', 'InUse');
INSERT INTO `sys_file` VALUES ('516', '2017-06-08 13:12:08', null, null, '.png', '575295f0699f8dc663d18eebb809b6c8.png', '中国自主创新企业.png', '', '1', 'InUse');
INSERT INTO `sys_file` VALUES ('517', '2017-06-08 13:12:11', null, null, '.png', '78fbe1b28de48ab69dd5ddb987ab67a6.png', '中国自主创新最具影响力品牌.png', '', '1', 'InUse');
INSERT INTO `sys_file` VALUES ('518', '2017-06-15 10:05:57', null, null, '.jpg', '193849b82330fc4bf0ac05427fa1a100', '117221.gif@660x440.jpg', '', '1', 'InUse');
INSERT INTO `sys_file` VALUES ('522', '2017-06-26 16:20:26', null, null, '.jpg', 'beabf40bd7537ec45335990a63641aba', '巨腾.jpg', '', '1', 'InUse');
INSERT INTO `sys_file` VALUES ('524', '2017-06-29 14:09:25', null, null, '.jpg', '82acb30a3dccfc3019b8d961f40b962e', 'QQ图片20170629112929.jpg', '', '1', 'UnUse');
INSERT INTO `sys_file` VALUES ('525', '2017-06-29 14:10:42', null, null, '.jpg', '12ffd362c209dbd54c047c8387fdfdc3', 'QQ图片20170629112929.jpg', '', '1', 'InUse');
INSERT INTO `sys_file` VALUES ('526', '2017-06-29 14:11:43', null, null, '.jpg', 'b4539a3b1afaedb902bd9d9cc9b6840a', 'QQ图片20170629112929.jpg', '', '1', 'InUse');
INSERT INTO `sys_file` VALUES ('527', '2017-06-29 14:12:38', null, null, '.jpg', 'd5673024f7f98006386b51fadebf0517', 'QQ图片20170629112929.jpg', '', '1', 'InUse');
INSERT INTO `sys_file` VALUES ('528', '2017-06-29 15:59:09', null, null, '.jpg', 'c150180701b2dc148b51dc003a3f1889', 'QQ图片20170629155757.jpg', '', '1', 'InUse');
INSERT INTO `sys_file` VALUES ('549', '2017-07-10 13:47:30', null, null, '.png', 'e2f1188ddcf06c5c794adfd26210fbd9', '巨腾.png', '', '1', 'UnUse');
INSERT INTO `sys_file` VALUES ('550', '2017-07-10 13:55:27', null, null, '.png', '2917f5af60661eb905f49bc7c0f14bc5', '21世纪美术logo.png', '', '1', 'InUse');
INSERT INTO `sys_file` VALUES ('551', '2017-07-10 14:03:37', null, null, '.jpg', 'f4459e3b2658ee5a3fd418b0281378e1', '河北纳森.jpg', '', '1', 'InUse');
INSERT INTO `sys_file` VALUES ('552', '2017-07-10 14:08:35', null, null, '.jpg', 'ad1bd0165ff6486cd65ab37733559a07', '重庆予邦 .jpg', '', '1', 'InUse');
INSERT INTO `sys_file` VALUES ('553', '2017-07-10 14:16:16', null, null, '.jpg', 'db4955477d92548eaace43abef12e69a', '高普乐商标.jpg', '', '1', 'InUse');
INSERT INTO `sys_file` VALUES ('554', '2017-07-10 14:22:07', null, null, '.jpg', 'f46ff621d5cd62207c23510dd7cdec96', '鲁菜根LOGO竖版.jpg', '', '1', 'InUse');
INSERT INTO `sys_file` VALUES ('555', '2017-07-10 14:23:37', null, null, '.jpg', '6bea266ae0063d7fca318aeaeeb32c62', '绿新居牌高档玻璃布加强筋刻度尺专利石膏板.jpg', '', '1', 'UnUse');
INSERT INTO `sys_file` VALUES ('556', '2017-07-10 14:23:50', null, null, '.jpg', '7ed4bc9af88df716a9388a96d58aae4e', '绿新居牌活性炭专利纸面石膏板.jpg', '', '1', 'UnUse');
INSERT INTO `sys_file` VALUES ('557', '2017-07-10 14:24:03', null, null, '.jpg', '29d40a10bb80c909ce982fe17ae40491', '绿新居牌双防刻度尺高档专利石膏板.jpg', '', '1', 'UnUse');
INSERT INTO `sys_file` VALUES ('558', '2017-07-10 14:41:38', null, null, '.png', '746e7fa4f6107762e2c4bdad4689f74e', '罗康.png', '', '1', 'InUse');
INSERT INTO `sys_file` VALUES ('559', '2017-07-10 14:42:57', null, null, '.jpg', 'ebcbb1fede810c077050efb35a1eb55e', '赛行阿胶.jpg', '', '1', 'InUse');
INSERT INTO `sys_file` VALUES ('561', '2017-07-10 14:44:22', null, null, '.png', 'ae46e3c7dd9603f68de041003ca22f71', '舒慰商标---定稿-2016.4.18.png', '', '1', 'InUse');
INSERT INTO `sys_file` VALUES ('562', '2017-07-10 14:45:51', null, null, '.jpg', '9a00e53bb620afee8f0621ef6049c44b', '双虎.jpg', '', '1', 'UnUse');
INSERT INTO `sys_file` VALUES ('563', '2017-07-10 14:48:45', null, null, '.jpg', '1f64a677d4be49f933439bfb8f27a39a', '新佳利标志源文件logo-x3.jpg', '', '1', 'UnUse');
INSERT INTO `sys_file` VALUES ('564', '2017-07-10 14:52:06', null, null, '.jpg', '30cf32de185690de6ec9900cf03bd188', '雅素丽水印LOGOxin.jpg', '', '1', 'InUse');
INSERT INTO `sys_file` VALUES ('565', '2017-07-10 14:55:33', null, null, '.png', 'd19907b29d7cb53b8f26bf6b557d9fcd', '予馨海韵.png', '', '1', 'InUse');
INSERT INTO `sys_file` VALUES ('566', '2017-07-10 14:56:29', null, null, '.png', '6e03ba9ff6d5bec8cde0c4ac8721f51c', '重庆小时候.png', '', '1', 'InUse');
INSERT INTO `sys_file` VALUES ('567', '2017-07-10 14:57:50', null, null, '.jpg', '8dac6d9b4072e16223687bce0a65cc12', '船城风.jpg', '', '1', 'InUse');
INSERT INTO `sys_file` VALUES ('568', '2017-07-10 14:58:46', null, null, '.jpg', '6b03d3642404e23602817fc6d592aab8', '梓熙.jpg', '', '1', 'InUse');
INSERT INTO `sys_file` VALUES ('569', '2017-07-17 14:00:48', null, null, '.png', '8978f36d7f082990aed7b634bfd67785', 'F003舒爽空间.png', '', '1', 'InUse');
INSERT INTO `sys_file` VALUES ('570', '2017-07-17 14:00:58', null, null, '.png', '25a355e7e4bf4531b39829797647b596', 'K012电动床垫.png', '', '1', 'InUse');
INSERT INTO `sys_file` VALUES ('571', '2017-07-17 14:01:06', null, null, '.png', 'a0f92928b2f0b402f5e905f983f7ad9b', 'K035玲珑竹音.png', '', '1', 'InUse');
INSERT INTO `sys_file` VALUES ('572', '2017-07-17 14:01:14', null, null, '.png', '0dbb9044d8970851a223311f949c4178', 'M017艾心之家.png', '', '1', 'InUse');
INSERT INTO `sys_file` VALUES ('573', '2017-07-17 14:01:22', null, null, '.png', '4dce4d69ef0358d5c20ff6b7dfdbf083', 'M019土耳其宣言.png', '', '1', 'InUse');
INSERT INTO `sys_file` VALUES ('575', '2017-07-19 15:57:41', null, null, '.jpg', 'ffdd95ab4dc0f1642915efbb78e3c645', '807389-1397558628707.jpg', '', '1', 'InUse');
INSERT INTO `sys_file` VALUES ('577', '2017-07-19 15:59:19', null, null, '.jpg', 'f9830fc80cb666e4ee304ae430547dd3', '30-110F613064029.jpg', '', '1', 'InUse');
INSERT INTO `sys_file` VALUES ('579', '2017-07-19 16:00:23', null, null, '.jpg', 'e5e44d6a14c258bfcbc85fc04a783a7c', '33.jpg', '', '1', 'InUse');
INSERT INTO `sys_file` VALUES ('580', '2017-07-19 16:01:15', null, null, '.jpg', 'ed9f3764107709bad865475404027a3a', '010_副本.jpg', '', '1', 'InUse');
INSERT INTO `sys_file` VALUES ('587', '2017-07-19 16:09:55', null, null, '.jpg', 'e1893223d0f7c4b11fdadd5a5ed283a7', '100285861.jpg', '', '1', 'InUse');
INSERT INTO `sys_file` VALUES ('588', '2017-07-19 16:10:22', null, null, '.jpg', 'fe5c5619e773c24488dabbac8facc034', 'timg_副本.jpg', '', '1', 'InUse');
INSERT INTO `sys_file` VALUES ('589', '2017-07-19 16:10:37', null, null, '.jpg', 'f1c55baee49883f73dfe16a28dd3dc0c', '56559d8992dba.jpg', '', '1', 'InUse');
INSERT INTO `sys_file` VALUES ('590', '2017-07-19 16:11:41', null, null, '.jpg', 'b0c1c7aef48f9f1eb9dd30023557bd01', '51e7412c143e0.jpg', '', '1', 'InUse');
INSERT INTO `sys_file` VALUES ('591', '2017-07-19 16:15:37', null, null, '.png', '4dcc5914076e0aa0cddf5ca698347477', '58804fea29417.png', '', '1', 'InUse');
INSERT INTO `sys_file` VALUES ('592', '2017-07-19 17:57:58', null, null, '.jpg', '8caa5243caec427d7b1f8720802d06dc', '56e92712N47e3eadf.jpg!q70.jpg', '', '1', 'InUse');
INSERT INTO `sys_file` VALUES ('598', '2017-07-20 17:17:31', null, null, '.jpg', '33192ef83b0834863d76018cb7673813', '堃霖封面.jpg', '', '1', 'InUse');
INSERT INTO `sys_file` VALUES ('599', '2017-07-20 17:18:08', null, null, '.jpg', 'ddd69ef2de3a718e9fc6a4bf497e0e61', '新佳利_封面.jpg', '', '1', 'InUse');
INSERT INTO `sys_file` VALUES ('600', '2017-07-20 17:21:07', null, null, '.jpg', '3daa8d7ad12edffa4b1ed8b4bd5621cb', '567185_副本.jpg', '', '1', 'InUse');
INSERT INTO `sys_file` VALUES ('601', '2017-07-20 17:21:50', null, null, '.jpg', 'ae48bd9910901055439de537fdf9ffdf', '广西易启东方封面.jpg', '', '1', 'InUse');
INSERT INTO `sys_file` VALUES ('602', '2017-07-20 17:22:41', null, null, '.jpg', 'ef5d84623e47d7bc44e81c874049b6fd', '梓熙封面.jpg', '', '1', 'InUse');
INSERT INTO `sys_file` VALUES ('605', '2017-07-26 15:19:41', null, null, '.jpg', '26d5d0c5322025f6dfd2e215fbac30ba', 'u=3813391600,3400328373&fm=23&gp=0.jpg', '', '1', 'InUse');
INSERT INTO `sys_file` VALUES ('607', '2017-07-26 15:20:41', null, null, '.jpg', '2137da8d2fe7c221c585ec42685d1659', '微信图片_20170607133041.jpg', '', '1', 'InUse');
INSERT INTO `sys_file` VALUES ('612', '2017-07-26 15:30:05', null, null, '.jpg', '4795bcaf0805909d7f4706506dcc76ee', '匠仙封面.jpg', '', '1', 'InUse');
INSERT INTO `sys_file` VALUES ('613', '2017-07-26 15:42:09', null, null, '.jpg', 'cfa640421677a5856ac15db3c559bf84', '500502612_副本.jpg', '', '1', 'InUse');
INSERT INTO `sys_file` VALUES ('614', '2017-07-26 15:51:41', null, null, '.jpg', '7b75092f27b9c4fd44246f09d746bccf', '100465329.jpg', '', '1', 'InUse');
INSERT INTO `sys_file` VALUES ('615', '2017-07-26 15:56:49', null, null, '.jpg', '4eececefd1782fe69deffc8cedd8aafc', '13232132.jpg', '', '1', 'InUse');
INSERT INTO `sys_file` VALUES ('616', '2017-07-26 15:57:29', null, null, '.jpg', 'ef35eb79279f41b2a60431c0b397192a', '2008_5_30_10_39_35_3128.jpg', '', '1', 'InUse');
INSERT INTO `sys_file` VALUES ('617', '2017-07-26 15:58:00', null, null, '.jpg', 'fa4e1c3ac67f96fcaafaa5afdd38507c', '14.jpg', '', '1', 'InUse');
INSERT INTO `sys_file` VALUES ('618', '2017-07-26 15:59:53', null, null, '.jpg', '9db7f95df67642244c6fbef767c1a9dc', '500464117_副本.jpg', '', '1', 'InUse');
INSERT INTO `sys_file` VALUES ('619', '2017-07-26 16:07:00', null, null, '.png', '347d5cbbc9d2ba0165c43b2e75c19545', '阳台垮掉1.png', '', '1', 'InUse');
INSERT INTO `sys_file` VALUES ('620', '2017-07-26 16:38:24', null, null, '.jpg', '0be59b797638f856b483bc711e79a93d', '电梯爆炸1.jpg', '', '1', 'InUse');
INSERT INTO `sys_file` VALUES ('621', '2017-08-03 10:20:54', null, null, '.jpg', 'be90f6a4b8224b1ee8d5f4e0da7119ec', 'u=1435145676,62822023&fm=214&gp=0.jpg', '', '1', 'InUse');
INSERT INTO `sys_file` VALUES ('622', '2017-08-03 10:26:43', null, null, '.jpg', '0c38ac54950a6478b5dc1df5d73a4d5d', '11341571_11341571_1335128472281.jpg', '', '1', 'InUse');
INSERT INTO `sys_file` VALUES ('624', '2017-08-03 11:13:11', null, null, '.jpg', '1515e6e8e539b0033965d3b8676293b8', '5684e12269c62.jpg', '', '1', 'InUse');
INSERT INTO `sys_file` VALUES ('625', '2017-08-03 11:16:03', null, null, '.jpg', '4852d582c2fcd7081ebb35b14a984d7b', 'd86c9f539535435c8660bbcbf040953a_D_640_360.jpg', '', '1', 'InUse');
INSERT INTO `sys_file` VALUES ('626', '2017-08-03 11:18:19', null, null, '.jpg', '07834418f9df42070e7f139ab1234e1d', '2149972_474529.jpg', '', '1', 'InUse');
INSERT INTO `sys_file` VALUES ('627', '2017-08-03 11:21:17', null, null, '.jpg', '1917583df2d9f09d490877275ad40a6e', 'u=1469893537,1782403207&fm=214&gp=0_副本.jpg', '', '1', 'InUse');
INSERT INTO `sys_file` VALUES ('628', '2017-08-07 17:29:30', null, null, '.jpg', '291912edc7edfd479b8bc1331c875807', '170504143212496014960941.jpg', '', '1', 'InUse');
INSERT INTO `sys_file` VALUES ('629', '2017-08-07 17:34:10', null, null, '.jpg', '9b26651d58a18f708b19ede662a0ad1a', '170504110806343713437506_副本.jpg', '', '1', 'UnUse');
INSERT INTO `sys_file` VALUES ('630', '2017-08-08 13:36:51', null, null, '.jpg', 'a736824849e67f207612d8694544ee73', '微信图片_20170412095525.jpg', '', '1', 'UnUse');
INSERT INTO `sys_file` VALUES ('631', '2017-08-08 13:43:34', null, null, '.png', '88a0f2588f9a1bea649f0b20c75e5ca9', '盼石（上海）新材料科技股份有限公司.png', '', '1', 'InUse');
INSERT INTO `sys_file` VALUES ('632', '2017-08-08 13:51:37', null, null, '.png', '1491cecebedb52b93388105b927aa2f9', '1122logo 确定稿.png', '', '1', 'InUse');
INSERT INTO `sys_file` VALUES ('633', '2017-08-08 14:04:04', null, null, '.jpg', '1943cc852c7c059f7174c6321ad186bb', 'logo.jpg', '', '1', 'InUse');
INSERT INTO `sys_file` VALUES ('634', '2017-08-08 14:06:42', null, null, '.png', '9038673e550ae45647680f6a9d19e4de', 'QQ图片20170614105556.png', '', '1', 'InUse');
INSERT INTO `sys_file` VALUES ('635', '2017-08-08 14:07:52', null, null, '.png', 'cdb8188ee0274633dfd5180a3d958536', '德雕标志.png', '', '1', 'InUse');
INSERT INTO `sys_file` VALUES ('636', '2017-08-08 14:09:52', null, null, '.png', 'd6f455dd1ab3b5b018349f63d80af64d', '001.png', '', '1', 'UnUse');
INSERT INTO `sys_file` VALUES ('637', '2017-08-08 14:11:25', null, null, '.png', 'eb6978fc648c3643e68d7d4f22e669be', '鹊神标志.png', '', '1', 'UnUse');
INSERT INTO `sys_file` VALUES ('638', '2017-08-08 14:28:20', null, null, '.jpg', '652187089e121413c75aafc9d9be1b96', '微信图片_20170412095525.jpg', '', '1', 'InUse');
INSERT INTO `sys_file` VALUES ('639', '2017-08-08 15:10:09', null, null, '.jpg', '4aa3abae959e4f95dc19600423b2d56e', 'b.jpg', '', '1', 'InUse');
INSERT INTO `sys_file` VALUES ('640', '2017-08-08 15:10:30', null, null, '.png', '538c581dca6ca6c3ee5165aba4885e50', '0.png', '', '1', 'InUse');
INSERT INTO `sys_file` VALUES ('641', '2017-08-08 15:10:44', null, null, '.png', '8ae5edde0838fe053916b715050dae41', 'topvee45px.png', '', '1', 'InUse');
INSERT INTO `sys_file` VALUES ('642', '2017-08-08 15:10:57', null, null, '.png', '8ea60c172236addaff3147dac773b963', 'test-logo.png', '', '1', 'InUse');
INSERT INTO `sys_file` VALUES ('643', '2017-08-08 15:11:07', null, null, '.png', '7d981a3e75fbeef1c1e63ad57e09f42d', 'baidu.png', '', '1', 'InUse');
INSERT INTO `sys_file` VALUES ('644', '2017-10-23 11:51:38', null, null, '.jpg', '757525ca0233d81d78eb278964a74295', 'viewPic3.jpg', '', '1', 'InUse');
INSERT INTO `sys_file` VALUES ('645', '2017-10-23 11:51:54', null, null, '.jpg', '77cd25d72bc5f2a711870a6e39e7f8e3', 'viewPic5.jpg', '', '1', 'InUse');
INSERT INTO `sys_file` VALUES ('646', '2017-10-23 11:52:08', null, null, '.jpg', 'd90da8c4d4546293832e554498cef92f', 'viewPic2.jpg', '', '1', 'InUse');
INSERT INTO `sys_file` VALUES ('647', '2017-10-24 10:22:20', null, null, '.jpg', '3610a567d2ce099bfbda0c429c772dc0', 'viewPic6.jpg', '', '1', 'InUse');
INSERT INTO `sys_file` VALUES ('648', '2017-10-24 10:23:26', null, null, '.jpg', '6a4c630945301a9b8d6bdbb8cde12d2c', 'viewPic6.jpg', '', '1', 'InUse');
INSERT INTO `sys_file` VALUES ('649', '2017-10-24 15:01:45', null, null, '.jpg', '56b87659d8541e5e26e12ebd1d272f5d', 'viewPic2.jpg', '', '1', 'UnUse');
INSERT INTO `sys_file` VALUES ('650', '2017-10-24 15:01:54', null, null, '.jpg', '230cc92baf9512d383c8779b7087b8c4', 'viewPic3.jpg', '', '1', 'InUse');
INSERT INTO `sys_file` VALUES ('651', '2017-10-24 15:02:01', null, null, '.jpg', '33e1dba40811ffabf56d7bbe0c24a090', 'viewPic4.jpg', '', '1', 'InUse');
INSERT INTO `sys_file` VALUES ('652', '2017-10-24 15:02:10', null, null, '.jpg', '51f39af1f9a70cd25e790167c01cde66', 'viewPic5.jpg', '', '1', 'InUse');
INSERT INTO `sys_file` VALUES ('653', '2017-10-24 15:03:45', null, null, '.jpg', '5cc9e9a8fdc697b2d9b10626c0e0190d', 'viewPic3.jpg', '', '1', 'InUse');
INSERT INTO `sys_file` VALUES ('654', '2017-10-24 18:33:10', null, null, '.jpg', '4e18cff7aac7a4eb3db9d5c3279cddb8', 'viewPic2222.jpg', '', '1', 'InUse');
INSERT INTO `sys_file` VALUES ('655', '2017-10-24 18:50:46', null, null, '.jpg', '9fe9a563218463a1806e78d1928c7bfb', 'viewPic6.jpg', '', '1', 'InUse');
INSERT INTO `sys_file` VALUES ('656', '2017-10-24 18:50:59', null, null, '.jpg', '6420b905a158860e7d81ed32ecb0423c', 'wwww.jpg', '', '1', 'InUse');
INSERT INTO `sys_file` VALUES ('657', '2017-10-24 18:51:15', null, null, '.jpg', '702297dc5b08823c2ff3d897fe603e0b', 'ssssss.jpg', '', '1', 'UnUse');
INSERT INTO `sys_file` VALUES ('658', '2017-10-24 18:51:26', null, null, '.jpg', '2223a094fb2e2cd0b1e7be4e8bdb522f', '的放大法.jpg', '', '1', 'InUse');
INSERT INTO `sys_file` VALUES ('659', '2017-10-24 18:51:34', null, null, '.jpg', 'bb52e6f136b0713eebdbf88cdd667edf', '点点滴滴.jpg', '', '1', 'InUse');
INSERT INTO `sys_file` VALUES ('660', '2017-10-24 18:51:50', null, null, '.jpg', '2813d47ec9c44d9a4c74fb8dda06b93b', '事实上.jpg', '', '1', 'InUse');
INSERT INTO `sys_file` VALUES ('661', '2017-10-25 20:08:42', null, null, '.jpg', '52dfb4169e1225e6d528dc5f51f006a2', 'www.jpg', '', '1', 'UnUse');
INSERT INTO `sys_file` VALUES ('662', '2017-10-26 10:26:28', null, null, '.jpg', 'ad13249bfba11af18910402879add917', 'www.jpg', '', '1', 'InUse');
INSERT INTO `sys_file` VALUES ('663', '2017-10-26 10:26:41', null, null, '.jpg', '641a7bf2041893fb5205311c19bfa274', 'wwww.jpg', '', '1', 'InUse');
INSERT INTO `sys_file` VALUES ('664', '2017-10-26 10:26:51', null, null, '.jpg', 'a42f05c2b5ab95aaf5533dcdb790dced', '点点滴滴.jpg', '', '1', 'InUse');
INSERT INTO `sys_file` VALUES ('665', '2017-10-26 10:26:54', null, null, '.jpg', '55abb52d91ee18f07697b6c6e5011bc5', '的放大法.jpg', '', '1', 'InUse');
INSERT INTO `sys_file` VALUES ('666', '2017-10-26 10:26:56', null, null, '.jpg', 'f387b87467e0685d66cd12a756e22dea', 'www.jpg', '', '1', 'InUse');
INSERT INTO `sys_file` VALUES ('667', '2017-10-26 10:26:59', null, null, '.jpg', '4501950e59ed1d29c6bbbcf02e4d331a', 'viewPic6.jpg', '', '1', 'InUse');
INSERT INTO `sys_file` VALUES ('668', '2017-10-26 10:27:07', null, null, '.jpg', '33380f574d2ee4a88f39262d97f4a3ba', '点点滴滴.jpg', '', '1', 'InUse');
INSERT INTO `sys_file` VALUES ('669', '2017-10-26 10:27:10', null, null, '.jpg', '525e4c48bf98e73f9f03550deee6eb18', 'viewPic2222.jpg', '', '1', 'InUse');
INSERT INTO `sys_file` VALUES ('670', '2017-10-26 10:27:13', null, null, '.jpg', 'a55e4e69fc1aade2addd306d19bb0b13', 'viewPic3.jpg', '', '1', 'InUse');
INSERT INTO `sys_file` VALUES ('671', '2017-10-26 10:27:16', null, null, '.jpg', 'aea3cfdbeacedd5600e5dea36482ad79', 'viewPic1.jpg', '', '1', 'InUse');
INSERT INTO `sys_file` VALUES ('672', '2017-10-26 10:27:18', null, null, '.jpg', '36453bc49be7c1d2aa3a325ee6929c29', 'viewPic5.jpg', '', '1', 'InUse');
INSERT INTO `sys_file` VALUES ('673', '2017-10-26 10:27:54', null, null, '.png', 'fca18ec9b63feba2986a1492cb213e9e', 'qrcode.png', '', '1', 'InUse');
INSERT INTO `sys_file` VALUES ('674', '2017-10-26 10:28:16', null, null, '.jpg', '21c7db7927b84dc563ada695e41727c6', 'viewPic4.jpg', '', '1', 'InUse');
INSERT INTO `sys_file` VALUES ('675', '2017-10-26 10:37:55', null, null, '.jpg', '9215baf98205bad3f6871259fc22662d', 'viewPic1.jpg', '', '1', 'InUse');
INSERT INTO `sys_file` VALUES ('676', '2017-10-26 15:13:33', null, null, '.jpg', 'ee5b9b365e829c6a1ae61e784d0d6524', 'www.jpg', '', '1', 'InUse');
INSERT INTO `sys_file` VALUES ('677', '2017-10-26 15:14:04', null, null, '.jpg', '78c42a1792f65c0bce52682259bc14d6', 'viewPic5.jpg', '', '1', 'InUse');
INSERT INTO `sys_file` VALUES ('678', '2017-10-26 15:14:27', null, null, '.jpg', '546a5fb1c7b70fa67bf4ddbf2f7f4f1e', 'viewPic4.jpg', '', '1', 'InUse');
INSERT INTO `sys_file` VALUES ('679', '2017-10-26 15:14:41', null, null, '.jpg', '34b5008d9d7e4cb68349213e0491216f', 'viewPic3.jpg', '', '1', 'InUse');
INSERT INTO `sys_file` VALUES ('680', '2017-10-26 15:32:33', null, null, '.jpg', 'c47f0e356379dd6f2676f0d29f3c1839', 'wwww.jpg', '', '1', 'InUse');
INSERT INTO `sys_file` VALUES ('681', '2017-10-27 16:05:05', null, null, '.jpg', 'e7be907049ca652f1a2035fb0c711225', 'viewPic5.jpg', '', '1', 'InUse');

-- ----------------------------
-- Table structure for `sys_function_point`
-- ----------------------------
DROP TABLE IF EXISTS `sys_function_point`;
CREATE TABLE `sys_function_point` (
  `id` int(11) NOT NULL AUTO_INCREMENT,
  `icon` varchar(255) DEFAULT NULL,
  `is_display` int(11) NOT NULL,
  `name` varchar(255) NOT NULL,
  `order_num` int(11) NOT NULL,
  `url` varchar(255) DEFAULT NULL,
  `parent` int(11) DEFAULT NULL,
  PRIMARY KEY (`id`),
  KEY `FKED2F861BC67030DB` (`parent`) USING BTREE,
  CONSTRAINT `sys_function_point_ibfk_1` FOREIGN KEY (`parent`) REFERENCES `sys_function_point` (`id`)
) ENGINE=InnoDB AUTO_INCREMENT=916 DEFAULT CHARSET=utf8;

-- ----------------------------
-- Records of sys_function_point
-- ----------------------------
INSERT INTO `sys_function_point` VALUES ('109', '', '0', '文件管理', '109', 'filee/list.do', '132');
INSERT INTO `sys_function_point` VALUES ('110', null, '0', '添加文件', '1', 'filee/add.do', '109');
INSERT INTO `sys_function_point` VALUES ('111', null, '0', '修改文件', '2', 'filee/update.do', '109');
INSERT INTO `sys_function_point` VALUES ('112', null, '0', '删除文件', '3', 'filee/delete.do', '109');
INSERT INTO `sys_function_point` VALUES ('113', '', '0', '文件夹管理', '113', 'commonFolder/list.do', '132');
INSERT INTO `sys_function_point` VALUES ('114', null, '0', '添加文件夹', '1', 'commonFolder/add.do', '113');
INSERT INTO `sys_function_point` VALUES ('115', '', '0', '修改文件夹', '2', 'commonFolder/update.do', '113');
INSERT INTO `sys_function_point` VALUES ('116', null, '0', '删除文件夹', '3', 'commonFolder/delete.do', '113');
INSERT INTO `sys_function_point` VALUES ('117', null, '1', '用户管理', '116', 'user/list.do', '132');
INSERT INTO `sys_function_point` VALUES ('118', null, '0', '添加用户', '1', 'user/add.do', '117');
INSERT INTO `sys_function_point` VALUES ('119', null, '0', '修改用户', '2', 'user/update.do', '117');
INSERT INTO `sys_function_point` VALUES ('120', null, '0', '删除用户', '3', 'user/delete.do', '117');
INSERT INTO `sys_function_point` VALUES ('121', null, '1', '角色管理', '119', 'role/list.do', '132');
INSERT INTO `sys_function_point` VALUES ('122', null, '0', '添加角色', '1', 'role/add.do', '121');
INSERT INTO `sys_function_point` VALUES ('123', null, '0', '修改角色', '2', 'role/update.do', '121');
INSERT INTO `sys_function_point` VALUES ('124', null, '0', '删除角色', '3', 'role/delete.do', '121');
INSERT INTO `sys_function_point` VALUES ('125', '', '1', '权限管理', '120', 'functionPoint/list.do', '132');
INSERT INTO `sys_function_point` VALUES ('132', 'fa-cog', '1', '系统管理', '100', 'admin/system', null);
INSERT INTO `sys_function_point` VALUES ('136', '', '1', '修改权限', '2', 'functionPoint/update.do', '125');
INSERT INTO `sys_function_point` VALUES ('137', '', '1', '删除权限', '3', 'functionPoint/delete.do', '125');
INSERT INTO `sys_function_point` VALUES ('138', null, '1', '设置角色', '4', 'user/setRole.do', '117');
INSERT INTO `sys_function_point` VALUES ('139', '', '1', '添加权限', '1', 'functionPoint/add.do', '125');
INSERT INTO `sys_function_point` VALUES ('140', null, '1', '设置权限', '4', 'role/setPrivilege.do', '121');
INSERT INTO `sys_function_point` VALUES ('149', ' ', '0', '修改密码', '5', 'user/updatePassword.do', '117');
INSERT INTO `sys_function_point` VALUES ('288', null, '0', '查看用户', '4', 'user/detail.do', '117');
INSERT INTO `sys_function_point` VALUES ('656', '0', '0', '系统参数配置', '1', 'config/systemConfig.do', '132');
INSERT INTO `sys_function_point` VALUES ('700', null, '1', '部门管理', '700', 'department/list.do', '132');
INSERT INTO `sys_function_point` VALUES ('701', null, '0', '部门添加', '1', 'department/add.do', '700');
INSERT INTO `sys_function_point` VALUES ('702', null, '0', '删除部门', '2', 'department/delete.do', '700');
INSERT INTO `sys_function_point` VALUES ('703', null, '0', '部门修改', '3', 'department/update.do', '700');
INSERT INTO `sys_function_point` VALUES ('705', null, '0', '部门查看', '5', 'department/detail.do', '700');
INSERT INTO `sys_function_point` VALUES ('706', 'fa-globe', '1', '内容管理', '1', 'admin/content', null);
INSERT INTO `sys_function_point` VALUES ('707', 'fa-file', '1', '数据管理', '3', 'admin/data', null);
INSERT INTO `sys_function_point` VALUES ('800', null, '1', '文章管理', '800', 'chapter/list.do', '706');
INSERT INTO `sys_function_point` VALUES ('801', null, '0', '文章添加', '1', 'chapter/add.do', '800');
INSERT INTO `sys_function_point` VALUES ('802', null, '0', '删除文章', '2', 'chapter/delete.do', '800');
INSERT INTO `sys_function_point` VALUES ('803', null, '0', '文章修改', '3', 'chapter/update.do', '800');
INSERT INTO `sys_function_point` VALUES ('805', null, '0', '文章查看', '5', 'chapter/detail.do', '800');
INSERT INTO `sys_function_point` VALUES ('808', null, '1', '栏目管理', '807', 'webPage/list.do', '706');
INSERT INTO `sys_function_point` VALUES ('809', null, '0', '栏目添加', '1', 'webPage/add.do', '808');
INSERT INTO `sys_function_point` VALUES ('810', null, '0', '删除栏目', '2', 'webPage/delete.do', '808');
INSERT INTO `sys_function_point` VALUES ('811', null, '0', '栏目修改', '3', 'webPage/update.do', '808');
INSERT INTO `sys_function_point` VALUES ('813', null, '0', '栏目查看', '5', 'webPage/detail.do', '808');
INSERT INTO `sys_function_point` VALUES ('816', null, '1', '轮播管理', '814', 'carousel/list.do', '706');
INSERT INTO `sys_function_point` VALUES ('817', null, '0', '轮播添加', '1', 'carousel/add.do', '816');
INSERT INTO `sys_function_point` VALUES ('818', null, '0', '删除轮播', '2', 'carousel/delete.do', '816');
INSERT INTO `sys_function_point` VALUES ('819', null, '0', '轮播修改', '3', 'carousel/update.do', '816');
INSERT INTO `sys_function_point` VALUES ('821', null, '0', '轮播查看', '5', 'carousel/detail.do', '816');
INSERT INTO `sys_function_point` VALUES ('824', null, '1', '会员单位管理', '821', 'memberOrganization/list.do', '707');
INSERT INTO `sys_function_point` VALUES ('825', null, '0', '会员单位添加', '1', 'memberOrganization/add.do', '824');
INSERT INTO `sys_function_point` VALUES ('826', null, '0', '删除会员单位', '2', 'memberOrganization/delete.do', '824');
INSERT INTO `sys_function_point` VALUES ('827', null, '0', '会员单位修改', '3', 'memberOrganization/update.do', '824');
INSERT INTO `sys_function_point` VALUES ('829', null, '0', '会员单位查看', '5', 'memberOrganization/detail.do', '824');
INSERT INTO `sys_function_point` VALUES ('832', null, '1', '质量档案公司管理', '828', 'qualityArchiveCompany/list.do', '707');
INSERT INTO `sys_function_point` VALUES ('833', null, '0', '质量档案公司添加', '1', 'qualityArchiveCompany/add.do', '832');
INSERT INTO `sys_function_point` VALUES ('834', null, '0', '删除质量档案公司', '2', 'qualityArchiveCompany/delete.do', '832');
INSERT INTO `sys_function_point` VALUES ('835', null, '0', '质量档案公司修改', '3', 'qualityArchiveCompany/update.do', '832');
INSERT INTO `sys_function_point` VALUES ('837', null, '0', '质量档案公司查看', '5', 'qualityArchiveCompany/detail.do', '832');
INSERT INTO `sys_function_point` VALUES ('840', null, '1', '授权机构管理', '835', 'authOrg/list.do', '707');
INSERT INTO `sys_function_point` VALUES ('841', null, '0', '授权机构添加', '1', 'authOrg/add.do', '840');
INSERT INTO `sys_function_point` VALUES ('842', null, '0', '删除授权机构', '2', 'authOrg/delete.do', '840');
INSERT INTO `sys_function_point` VALUES ('843', null, '0', '授权机构修改', '3', 'authOrg/update.do', '840');
INSERT INTO `sys_function_point` VALUES ('845', null, '0', '授权机构查看', '5', 'authOrg/detail.do', '840');
INSERT INTO `sys_function_point` VALUES ('848', null, '1', '工作人员管理', '842', 'worker/list.do', '707');
INSERT INTO `sys_function_point` VALUES ('849', null, '0', '工作人员添加', '1', 'worker/add.do', '848');
INSERT INTO `sys_function_point` VALUES ('850', null, '0', '删除工作人员', '2', 'worker/delete.do', '848');
INSERT INTO `sys_function_point` VALUES ('851', null, '0', '工作人员修改', '3', 'worker/update.do', '848');
INSERT INTO `sys_function_point` VALUES ('853', null, '0', '工作人员查看', '5', 'worker/detail.do', '848');
INSERT INTO `sys_function_point` VALUES ('856', null, '1', '质量档案管理', '849', 'qualityArchive/list.do', '706');
INSERT INTO `sys_function_point` VALUES ('857', null, '0', '质量档案添加', '1', 'qualityArchive/add.do', '856');
INSERT INTO `sys_function_point` VALUES ('858', null, '0', '删除质量档案', '2', 'qualityArchive/delete.do', '856');
INSERT INTO `sys_function_point` VALUES ('859', null, '0', '质量档案修改', '3', 'qualityArchive/update.do', '856');
INSERT INTO `sys_function_point` VALUES ('861', null, '0', '质量档案查看', '5', 'qualityArchive/detail.do', '856');
INSERT INTO `sys_function_point` VALUES ('864', null, '1', '会员入会申请管理', '856', 'apply/list.do', '707');
INSERT INTO `sys_function_point` VALUES ('865', null, '0', '会员入会申请添加', '1', 'apply/add.do', '864');
INSERT INTO `sys_function_point` VALUES ('866', null, '0', '删除会员入会申请', '2', 'apply/delete.do', '864');
INSERT INTO `sys_function_point` VALUES ('867', null, '0', '会员入会申请修改', '3', 'apply/update.do', '864');
INSERT INTO `sys_function_point` VALUES ('869', null, '0', '会员入会申请查看', '5', 'apply/detail.do', '864');
INSERT INTO `sys_function_point` VALUES ('870', null, '1', '广告管理', '870', 'advertisement/list.do', '706');
INSERT INTO `sys_function_point` VALUES ('871', null, '0', '广告添加', '1', 'advertisement/add.do', '870');
INSERT INTO `sys_function_point` VALUES ('872', null, '0', '删除广告', '2', 'advertisement/delete.do', '870');
INSERT INTO `sys_function_point` VALUES ('873', null, '0', '广告修改', '3', 'advertisement/update.do', '870');
INSERT INTO `sys_function_point` VALUES ('875', null, '0', '广告查看', '5', 'advertisement/detail.do', '870');
INSERT INTO `sys_function_point` VALUES ('878', null, '1', '友情链接管理', '877', 'friendLink/list.do', '706');
INSERT INTO `sys_function_point` VALUES ('879', null, '0', '友情链接添加', '1', 'friendLink/add.do', '878');
INSERT INTO `sys_function_point` VALUES ('880', null, '0', '删除友情链接', '2', 'friendLink/delete.do', '878');
INSERT INTO `sys_function_point` VALUES ('881', null, '0', '友情链接修改', '3', 'friendLink/update.do', '878');
INSERT INTO `sys_function_point` VALUES ('883', null, '0', '友情链接查看', '5', 'friendLink/detail.do', '878');
INSERT INTO `sys_function_point` VALUES ('886', null, '1', '质量档案类别管理', '884', 'qualityArchiveCategory/list.do', '706');
INSERT INTO `sys_function_point` VALUES ('887', null, '0', '质量档案类别添加', '1', 'qualityArchiveCategory/add.do', '886');
INSERT INTO `sys_function_point` VALUES ('888', null, '0', '删除质量档案类别', '2', 'qualityArchiveCategory/delete.do', '886');
INSERT INTO `sys_function_point` VALUES ('889', null, '0', '质量档案类别修改', '3', 'qualityArchiveCategory/update.do', '886');
INSERT INTO `sys_function_point` VALUES ('891', null, '0', '质量档案类别查看', '5', 'qualityArchiveCategory/detail.do', '886');
INSERT INTO `sys_function_point` VALUES ('900', null, '1', '品牌展示管理', '850', 'brand/list.do', '706');
INSERT INTO `sys_function_point` VALUES ('901', null, '0', '品牌展示添加', '1', 'brand/add.do', '900');
INSERT INTO `sys_function_point` VALUES ('902', null, '0', '删除品牌展示', '2', 'brand/delete.do', '900');
INSERT INTO `sys_function_point` VALUES ('903', null, '0', '品牌展示修改', '3', 'brand/update.do', '900');
INSERT INTO `sys_function_point` VALUES ('904', null, '0', '品牌展示查看', '5', 'brand/detail.do', '900');
INSERT INTO `sys_function_point` VALUES ('910', null, '1', '留言管理', '850', 'comment/list.do', '706');
INSERT INTO `sys_function_point` VALUES ('911', null, '0', '留言添加', '1', 'comment/add.do', '910');
INSERT INTO `sys_function_point` VALUES ('912', null, '0', '删除留言', '2', 'comment/delete.do', '910');
INSERT INTO `sys_function_point` VALUES ('913', null, '0', '留言修改', '3', 'comment/update.do', '910');
INSERT INTO `sys_function_point` VALUES ('915', null, '0', '留言查看', '5', 'comment/detail.do', '910');

-- ----------------------------
-- Table structure for `sys_notice`
-- ----------------------------
DROP TABLE IF EXISTS `sys_notice`;
CREATE TABLE `sys_notice` (
  `id` int(11) NOT NULL AUTO_INCREMENT,
  `_content` text,
  `create_time` datetime DEFAULT NULL,
  `_level` enum('High','Middle','Low') DEFAULT NULL,
  `manageKey` varchar(255) DEFAULT NULL,
  `_title` varchar(255) DEFAULT NULL,
  `creator_id` varchar(20) DEFAULT NULL,
  `dept_id` int(11) DEFAULT NULL,
  PRIMARY KEY (`id`),
  KEY `FKDEF5048A834CFF89` (`creator_id`) USING BTREE,
  KEY `FKDEF5048A68C27257` (`dept_id`) USING BTREE,
  CONSTRAINT `sys_notice_ibfk_1` FOREIGN KEY (`dept_id`) REFERENCES `sys_department` (`id`),
  CONSTRAINT `sys_notice_ibfk_2` FOREIGN KEY (`creator_id`) REFERENCES `sys_user` (`username`)
) ENGINE=InnoDB DEFAULT CHARSET=utf8;

-- ----------------------------
-- Records of sys_notice
-- ----------------------------

-- ----------------------------
-- Table structure for `sys_role`
-- ----------------------------
DROP TABLE IF EXISTS `sys_role`;
CREATE TABLE `sys_role` (
  `id` int(11) NOT NULL AUTO_INCREMENT,
  `description` varchar(255) DEFAULT NULL,
  `name` varchar(100) NOT NULL,
  `_key` varchar(255) DEFAULT NULL,
  `_type` enum('Normal','Advance') NOT NULL,
  PRIMARY KEY (`id`)
) ENGINE=InnoDB AUTO_INCREMENT=2 DEFAULT CHARSET=utf8;

-- ----------------------------
-- Records of sys_role
-- ----------------------------
INSERT INTO `sys_role` VALUES ('1', '', '管理员', null, 'Advance');

-- ----------------------------
-- Table structure for `sys_role_function_point`
-- ----------------------------
DROP TABLE IF EXISTS `sys_role_function_point`;
CREATE TABLE `sys_role_function_point` (
  `role_id` int(11) NOT NULL,
  `functionpoint_id` int(11) NOT NULL,
  PRIMARY KEY (`role_id`,`functionpoint_id`),
  KEY `FK896F00E08877B633` (`functionpoint_id`) USING BTREE,
  KEY `FK896F00E011FCE641` (`role_id`) USING BTREE,
  CONSTRAINT `sys_role_function_point_ibfk_1` FOREIGN KEY (`role_id`) REFERENCES `sys_role` (`id`),
  CONSTRAINT `sys_role_function_point_ibfk_2` FOREIGN KEY (`functionpoint_id`) REFERENCES `sys_function_point` (`id`)
) ENGINE=InnoDB DEFAULT CHARSET=utf8;

-- ----------------------------
-- Records of sys_role_function_point
-- ----------------------------
INSERT INTO `sys_role_function_point` VALUES ('1', '109');
INSERT INTO `sys_role_function_point` VALUES ('1', '110');
INSERT INTO `sys_role_function_point` VALUES ('1', '111');
INSERT INTO `sys_role_function_point` VALUES ('1', '112');
INSERT INTO `sys_role_function_point` VALUES ('1', '113');
INSERT INTO `sys_role_function_point` VALUES ('1', '114');
INSERT INTO `sys_role_function_point` VALUES ('1', '115');
INSERT INTO `sys_role_function_point` VALUES ('1', '116');
INSERT INTO `sys_role_function_point` VALUES ('1', '117');
INSERT INTO `sys_role_function_point` VALUES ('1', '118');
INSERT INTO `sys_role_function_point` VALUES ('1', '119');
INSERT INTO `sys_role_function_point` VALUES ('1', '120');
INSERT INTO `sys_role_function_point` VALUES ('1', '121');
INSERT INTO `sys_role_function_point` VALUES ('1', '122');
INSERT INTO `sys_role_function_point` VALUES ('1', '123');
INSERT INTO `sys_role_function_point` VALUES ('1', '124');
INSERT INTO `sys_role_function_point` VALUES ('1', '125');
INSERT INTO `sys_role_function_point` VALUES ('1', '132');
INSERT INTO `sys_role_function_point` VALUES ('1', '136');
INSERT INTO `sys_role_function_point` VALUES ('1', '137');
INSERT INTO `sys_role_function_point` VALUES ('1', '138');
INSERT INTO `sys_role_function_point` VALUES ('1', '139');
INSERT INTO `sys_role_function_point` VALUES ('1', '140');
INSERT INTO `sys_role_function_point` VALUES ('1', '149');
INSERT INTO `sys_role_function_point` VALUES ('1', '288');
INSERT INTO `sys_role_function_point` VALUES ('1', '656');
INSERT INTO `sys_role_function_point` VALUES ('1', '700');
INSERT INTO `sys_role_function_point` VALUES ('1', '701');
INSERT INTO `sys_role_function_point` VALUES ('1', '702');
INSERT INTO `sys_role_function_point` VALUES ('1', '703');
INSERT INTO `sys_role_function_point` VALUES ('1', '705');
INSERT INTO `sys_role_function_point` VALUES ('1', '706');
INSERT INTO `sys_role_function_point` VALUES ('1', '707');
INSERT INTO `sys_role_function_point` VALUES ('1', '800');
INSERT INTO `sys_role_function_point` VALUES ('1', '801');
INSERT INTO `sys_role_function_point` VALUES ('1', '802');
INSERT INTO `sys_role_function_point` VALUES ('1', '803');
INSERT INTO `sys_role_function_point` VALUES ('1', '805');
INSERT INTO `sys_role_function_point` VALUES ('1', '808');
INSERT INTO `sys_role_function_point` VALUES ('1', '809');
INSERT INTO `sys_role_function_point` VALUES ('1', '810');
INSERT INTO `sys_role_function_point` VALUES ('1', '811');
INSERT INTO `sys_role_function_point` VALUES ('1', '813');
INSERT INTO `sys_role_function_point` VALUES ('1', '816');
INSERT INTO `sys_role_function_point` VALUES ('1', '817');
INSERT INTO `sys_role_function_point` VALUES ('1', '818');
INSERT INTO `sys_role_function_point` VALUES ('1', '819');
INSERT INTO `sys_role_function_point` VALUES ('1', '821');
INSERT INTO `sys_role_function_point` VALUES ('1', '824');
INSERT INTO `sys_role_function_point` VALUES ('1', '825');
INSERT INTO `sys_role_function_point` VALUES ('1', '826');
INSERT INTO `sys_role_function_point` VALUES ('1', '827');
INSERT INTO `sys_role_function_point` VALUES ('1', '829');
INSERT INTO `sys_role_function_point` VALUES ('1', '832');
INSERT INTO `sys_role_function_point` VALUES ('1', '833');
INSERT INTO `sys_role_function_point` VALUES ('1', '834');
INSERT INTO `sys_role_function_point` VALUES ('1', '835');
INSERT INTO `sys_role_function_point` VALUES ('1', '837');
INSERT INTO `sys_role_function_point` VALUES ('1', '840');
INSERT INTO `sys_role_function_point` VALUES ('1', '841');
INSERT INTO `sys_role_function_point` VALUES ('1', '842');
INSERT INTO `sys_role_function_point` VALUES ('1', '843');
INSERT INTO `sys_role_function_point` VALUES ('1', '845');
INSERT INTO `sys_role_function_point` VALUES ('1', '848');
INSERT INTO `sys_role_function_point` VALUES ('1', '849');
INSERT INTO `sys_role_function_point` VALUES ('1', '850');
INSERT INTO `sys_role_function_point` VALUES ('1', '851');
INSERT INTO `sys_role_function_point` VALUES ('1', '853');
INSERT INTO `sys_role_function_point` VALUES ('1', '856');
INSERT INTO `sys_role_function_point` VALUES ('1', '857');
INSERT INTO `sys_role_function_point` VALUES ('1', '858');
INSERT INTO `sys_role_function_point` VALUES ('1', '859');
INSERT INTO `sys_role_function_point` VALUES ('1', '861');
INSERT INTO `sys_role_function_point` VALUES ('1', '864');
INSERT INTO `sys_role_function_point` VALUES ('1', '865');
INSERT INTO `sys_role_function_point` VALUES ('1', '866');
INSERT INTO `sys_role_function_point` VALUES ('1', '867');
INSERT INTO `sys_role_function_point` VALUES ('1', '869');
INSERT INTO `sys_role_function_point` VALUES ('1', '870');
INSERT INTO `sys_role_function_point` VALUES ('1', '871');
INSERT INTO `sys_role_function_point` VALUES ('1', '872');
INSERT INTO `sys_role_function_point` VALUES ('1', '873');
INSERT INTO `sys_role_function_point` VALUES ('1', '875');
INSERT INTO `sys_role_function_point` VALUES ('1', '878');
INSERT INTO `sys_role_function_point` VALUES ('1', '879');
INSERT INTO `sys_role_function_point` VALUES ('1', '880');
INSERT INTO `sys_role_function_point` VALUES ('1', '881');
INSERT INTO `sys_role_function_point` VALUES ('1', '883');
INSERT INTO `sys_role_function_point` VALUES ('1', '886');
INSERT INTO `sys_role_function_point` VALUES ('1', '887');
INSERT INTO `sys_role_function_point` VALUES ('1', '888');
INSERT INTO `sys_role_function_point` VALUES ('1', '889');
INSERT INTO `sys_role_function_point` VALUES ('1', '891');
INSERT INTO `sys_role_function_point` VALUES ('1', '900');
INSERT INTO `sys_role_function_point` VALUES ('1', '901');
INSERT INTO `sys_role_function_point` VALUES ('1', '902');
INSERT INTO `sys_role_function_point` VALUES ('1', '903');
INSERT INTO `sys_role_function_point` VALUES ('1', '904');
INSERT INTO `sys_role_function_point` VALUES ('1', '910');
INSERT INTO `sys_role_function_point` VALUES ('1', '911');
INSERT INTO `sys_role_function_point` VALUES ('1', '912');
INSERT INTO `sys_role_function_point` VALUES ('1', '913');
INSERT INTO `sys_role_function_point` VALUES ('1', '915');

-- ----------------------------
-- Table structure for `sys_user`
-- ----------------------------
DROP TABLE IF EXISTS `sys_user`;
CREATE TABLE `sys_user` (
  `username` varchar(20) NOT NULL,
  `chinese_name` varchar(255) NOT NULL,
  `email` varchar(255) DEFAULT NULL,
  `password` varchar(100) NOT NULL,
  `phone` varchar(255) DEFAULT NULL,
  `status` enum('Active','Approving','InActive') NOT NULL,
  `dept` int(11) DEFAULT NULL,
  `english_name` varchar(255) DEFAULT NULL,
  `type` enum('Local','Domain') NOT NULL,
  `head_portrait` int(11) DEFAULT NULL,
  `largPhoto` int(11) DEFAULT NULL,
  `photo` int(11) DEFAULT NULL,
  `lastLoginTime` datetime DEFAULT NULL,
  `thisLoginTime` datetime DEFAULT NULL,
  PRIMARY KEY (`username`),
  KEY `FK74A81DFD95B49B55` (`dept`) USING BTREE,
  KEY `FK74A81DFD197771A3` (`head_portrait`) USING BTREE,
  KEY `FK74A81DFD50C75491` (`largPhoto`) USING BTREE,
  KEY `FK74A81DFD294CF4BB` (`photo`) USING BTREE,
  CONSTRAINT `sys_user_ibfk_1` FOREIGN KEY (`head_portrait`) REFERENCES `sys_file` (`id`),
  CONSTRAINT `sys_user_ibfk_2` FOREIGN KEY (`photo`) REFERENCES `sys_file` (`id`),
  CONSTRAINT `sys_user_ibfk_3` FOREIGN KEY (`largPhoto`) REFERENCES `sys_file` (`id`),
  CONSTRAINT `sys_user_ibfk_4` FOREIGN KEY (`dept`) REFERENCES `sys_department` (`id`)
) ENGINE=InnoDB DEFAULT CHARSET=utf8;

-- ----------------------------
-- Records of sys_user
-- ----------------------------
INSERT INTO `sys_user` VALUES ('aaaa', 'a', '', '74b87337454200d4d33f80c4663dc5e5', '', 'Active', '1', null, 'Local', null, null, null, null, null);
INSERT INTO `sys_user` VALUES ('admin', 'admin', 'admin@localhost.com', '0cc175b9c0f1b6a831c399e269772661', '133026500000', 'Active', '1', null, 'Local', null, null, null, '2017-10-27 17:32:28', '2017-11-10 15:23:48');

-- ----------------------------
-- Table structure for `sys_user_role`
-- ----------------------------
DROP TABLE IF EXISTS `sys_user_role`;
CREATE TABLE `sys_user_role` (
  `userName` varchar(20) NOT NULL,
  `role_id` int(11) NOT NULL,
  PRIMARY KEY (`userName`,`role_id`),
  KEY `FK660C5178D1093C23` (`role_id`) USING BTREE,
  KEY `FK660C51786F229ACA` (`userName`) USING BTREE,
  CONSTRAINT `sys_user_role_ibfk_1` FOREIGN KEY (`userName`) REFERENCES `sys_user` (`username`),
  CONSTRAINT `sys_user_role_ibfk_2` FOREIGN KEY (`role_id`) REFERENCES `sys_role` (`id`)
) ENGINE=InnoDB DEFAULT CHARSET=utf8;

-- ----------------------------
-- Records of sys_user_role
-- ----------------------------
INSERT INTO `sys_user_role` VALUES ('admin', '1');
